ply
format ascii 1.0
comment Exported from COLMAP points3D.bin
element vertex 12277
property float x
property float y
property float z
property uchar red
property uchar green
property uchar blue
end_header
4.788812 -10.744210 37.560844 190 183 190
4.202430 -10.353755 37.567658 23 30 40
3.968298 -10.264554 37.341937 33 42 51
5.227887 -10.123005 37.545773 47 48 60
1.633146 -8.932538 34.121612 24 38 3
1.480449 -6.213044 29.890695 60 44 41
-1.226766 -6.099949 29.161448 40 53 40
0.876850 -5.125171 28.817092 73 89 60
-1.655658 -3.645985 25.962551 124 125 116
4.903761 -10.769340 37.601910 203 202 207
4.903578 -10.768822 37.603970 203 202 207
4.630531 -10.708967 37.473056 197 195 204
4.630703 -10.708784 37.471571 197 195 204
4.991298 -10.748160 37.648769 116 118 123
4.710860 -10.688433 37.573439 72 73 78
5.458090 -10.764785 37.887032 196 192 193
3.490584 -10.540777 37.070473 175 180 184
3.799429 -10.162108 37.325825 196 199 208
4.348526 -9.947125 37.247305 67 57 66
3.828424 -9.840405 37.086927 77 79 74
2.184137 -8.526868 33.625581 53 67 48
1.860184 -8.493019 34.159165 71 89 49
3.284667 -6.514630 30.233219 246 229 237
-5.362175 -5.563659 28.754534 164 157 164
-3.006311 -5.031234 27.688074 28 38 22
1.500943 -5.169909 29.491774 32 38 23
-4.311889 -4.464016 26.649587 132 131 136
-4.310752 -4.386560 26.638850 95 96 101
-4.312633 -4.389029 26.653183 95 96 101
-2.202766 -4.294827 26.363544 166 184 147
-4.323979 -4.261889 26.635724 176 178 183
-2.861050 -3.917926 24.059155 155 144 140
3.399225 -4.199125 27.835698 54 63 32
-1.271124 -4.157776 27.078164 98 99 108
0.319715 -4.091190 27.137207 105 106 100
-0.738881 -4.092360 27.321084 162 169 154
-2.527757 -3.203255 23.113434 162 144 142
-4.346572 -2.873034 24.505014 33 32 47
-3.724791 -2.784925 24.213134 32 31 23
-0.772867 -2.688109 24.412732 170 179 186
-0.745413 -2.652029 24.435149 28 37 40
-0.948265 0.188148 19.235340 65 52 38
-0.918696 0.785106 18.944401 88 80 71
-0.283666 1.112469 17.921978 57 58 62
-0.603657 1.218152 18.326545 139 122 102
1.994704 -9.463078 34.096793 46 69 11
2.175620 -9.426887 33.959026 108 126 66
4.298449 -10.259927 37.548004 205 207 219
3.918356 -9.733974 36.960594 81 82 84
1.716749 -8.984380 34.171649 22 41 6
1.682144 -8.882528 34.125624 89 105 72
1.680052 -8.877399 34.106386 89 105 72
1.755268 -8.724533 34.153350 26 44 6
0.277692 -8.837898 34.807219 107 72 70
1.808089 -8.631086 34.075989 94 111 65
1.724075 -8.517708 34.205155 80 96 57
0.685308 -7.205018 32.127688 134 122 131
-2.446581 -6.865229 30.335061 35 50 16
3.976942 -6.655148 30.757866 57 48 59
-1.009089 -6.210211 28.871064 21 30 13
-3.996591 -5.695159 26.970938 110 101 106
-4.951896 -5.304973 28.078229 135 136 131
-0.431909 -5.182732 28.571970 64 64 60
-2.603655 -5.072062 27.765035 167 178 170
1.464645 -5.101542 29.407158 152 161 143
1.287318 -4.995343 29.324721 80 93 57
-1.448658 -4.723392 27.765505 75 84 73
-4.487360 -4.313514 26.695120 59 57 58
-0.928366 -4.300834 27.096883 131 137 143
-1.394578 -4.051669 27.050762 49 48 41
0.083562 -3.949103 26.875668 166 165 163
0.184084 -3.895585 26.942181 126 129 138
0.247498 -3.853392 26.955136 166 166 174
0.265557 -3.374358 26.025989 103 101 86
1.946502 -2.863776 25.184195 48 47 52
-4.398288 -2.880065 24.420868 172 174 207
-3.659343 -2.796081 24.232888 27 27 25
-1.131932 -2.651940 24.467634 128 117 121
-2.030560 -2.340285 21.865737 240 238 243
-2.032121 -2.339264 21.865145 240 238 243
-1.927283 -2.211197 21.683629 225 224 230
-1.981258 -2.166018 21.688101 226 224 229
-2.759614 -2.031429 22.637049 126 112 112
-3.854985 -2.053769 23.066741 212 211 220
0.455776 -1.939255 23.707090 78 48 46
0.973032 -1.363644 23.094680 131 126 107
-2.557539 -0.959742 21.953176 165 159 157
1.074602 -0.056120 19.921663 54 69 3
-2.685227 0.412767 19.041081 149 145 168
-1.068520 0.776345 18.934624 79 73 61
-0.327839 1.274583 18.017449 235 226 224
-1.897029 1.310201 17.827130 213 216 229
-2.035441 1.339591 17.773960 219 223 234
-1.948343 1.430955 17.817503 135 140 146
-2.488752 1.135845 15.809197 46 41 43
-0.859080 1.590154 17.212408 24 34 43
0.315021 1.529141 16.552645 94 95 100
-0.823436 1.660241 17.206055 19 27 34
1.109933 2.771157 15.094923 60 60 70
3.886982 -10.554632 37.182267 74 83 90
5.199405 -10.669632 37.806436 111 85 96
4.035231 -10.420212 37.369163 91 99 110
4.035688 -10.419012 37.364698 91 99 110
5.039694 -10.174462 37.473694 203 207 217
4.060476 -10.175517 37.443216 209 216 226
4.982438 -9.626377 36.871327 92 97 103
4.718631 -9.455979 36.480738 217 216 224
0.712721 -9.174153 35.545672 41 27 27
0.309098 -9.066659 35.412177 217 198 199
1.666150 -8.607890 34.225545 23 45 9
1.663435 -8.603432 34.224615 23 45 9
-0.932051 -6.830206 28.701424 25 39 16
-1.397501 -6.811041 28.783763 38 52 27
-0.719688 -6.665042 28.696636 27 40 22
-0.964801 -6.412792 28.659736 21 32 16
-1.218210 -6.449681 28.883923 45 57 37
3.157609 -6.691606 30.662163 107 103 110
-4.052659 -5.722213 26.911875 228 210 210
-4.052731 -5.722087 26.915027 228 210 210
0.930976 -6.351742 31.408912 191 187 173
-5.155124 -5.462587 28.287380 241 231 231
1.562304 -5.618045 30.123388 84 95 60
-1.502030 -4.607739 27.652056 64 64 69
-0.921648 -4.399209 27.263831 46 51 50
-4.662200 -4.156413 26.556645 85 74 73
-1.461281 -4.110197 27.046996 141 145 144
-1.707461 -3.529159 25.949620 81 93 68
1.969225 -3.309999 25.947597 104 100 97
0.221977 -3.214743 25.951962 195 202 188
-2.300543 -2.936921 22.657522 187 162 161
-4.472379 -2.836510 24.463023 34 36 48
-3.580334 -2.707343 24.317561 139 129 123
-3.288722 -1.924786 23.052981 24 24 36
-2.843265 -1.498624 22.392058 49 40 47
-3.805302 -1.190801 21.846459 198 199 205
-2.619294 -0.681674 21.058289 23 22 30
-2.188824 0.030110 19.696915 220 227 235
-2.970514 0.052064 19.774002 122 125 130
-0.020186 0.189283 17.993023 201 184 176
-0.511552 0.427081 18.227500 64 50 49
-0.630369 0.537076 18.434623 247 237 237
-2.323947 0.849880 18.461860 26 23 38
0.383323 0.946989 16.995465 126 126 128
0.398868 0.988553 16.961353 87 86 91
-0.407404 1.257876 18.226889 141 105 89
-1.916913 1.235060 17.827215 231 238 247
4.575318 -10.658359 37.431697 203 202 213
4.872456 -10.712354 37.587384 206 210 214
3.748578 -10.218104 37.275278 207 212 215
3.925569 -10.212672 37.350425 55 58 70
5.181253 -10.184842 37.568301 105 109 118
1.890268 -8.919158 34.010977 98 118 62
0.781625 -8.853016 35.174692 121 90 77
-5.443664 -5.883073 28.837193 104 75 75
-0.453860 -5.972977 29.902857 151 153 150
-0.453860 -5.972977 29.902857 151 153 150
1.477412 -5.961058 29.965910 100 74 63
1.801894 -5.987033 30.257453 145 118 99
0.009270 -5.183992 28.649936 209 213 220
0.009270 -5.183992 28.649936 209 213 220
1.364386 -5.199346 29.478667 51 60 43
-1.367412 -4.773905 27.689062 31 38 31
-2.040832 -4.471885 26.588541 51 62 46
-4.597512 -4.428539 26.713908 149 147 148
-4.377388 -4.169188 26.526853 43 33 34
-1.861801 -4.110981 26.863166 35 34 41
-0.465199 -4.098183 27.307977 150 152 148
-0.612123 -4.062260 27.228487 158 158 150
0.257099 -3.972555 26.995789 207 208 213
-1.830455 -3.556382 25.915961 57 69 52
-3.910532 -3.168901 24.828340 38 41 33
-3.854808 -2.728736 24.234472 64 50 45
-0.975966 -2.631854 24.349197 70 61 61
-2.693333 -2.502028 22.591453 171 156 166
-1.967855 -2.377959 21.828973 135 133 138
-2.749441 -2.263631 22.638186 255 252 251
-2.789825 -1.799037 22.732342 99 78 85
-3.014484 -1.797596 22.886449 154 142 138
-2.103912 0.031900 19.653905 76 74 87
-2.128913 0.116943 19.670362 203 203 213
0.082890 0.784390 17.392895 129 115 113
0.826123 1.010388 16.583979 132 137 143
0.291878 2.930253 15.601115 150 148 153
0.362393 3.016081 15.441163 165 161 162
4.698225 -10.792191 37.487506 106 85 92
5.211951 -10.776363 37.694093 207 208 212
4.724235 -10.534946 37.604401 120 83 95
4.684501 -9.685803 36.887595 90 90 92
3.224813 -6.657746 30.264358 84 59 65
3.223919 -6.655128 30.258144 84 59 65
-2.150858 -5.932811 28.914570 56 80 30
0.030651 -6.086163 30.134294 179 178 178
-0.261108 -6.004385 29.803484 154 159 157
-0.260111 -6.005016 29.801132 154 159 157
1.323621 -5.772765 30.230592 68 28 18
-4.615615 -4.577698 26.663548 223 225 222
-4.253139 -4.511442 26.453185 209 209 209
-4.764722 -4.209010 26.564420 49 44 39
1.235732 -4.200690 27.313125 72 76 51
-0.659673 -4.185415 27.349583 47 47 35
-2.231108 -2.861967 22.685628 174 139 137
-3.812391 -2.601128 23.938132 185 175 163
-1.593605 -2.119707 21.335977 48 50 63
-1.746119 -2.087196 21.396647 126 119 126
-2.199837 -2.096843 21.811602 154 153 158
-2.761899 -0.868420 21.096656 82 101 108
-0.579874 -0.844078 19.361743 65 52 61
-0.699736 -0.808421 19.341289 72 53 56
0.361037 0.898708 17.047762 103 101 103
-0.778410 1.162559 18.259977 191 169 150
-0.779302 1.163153 18.252642 191 169 150
-2.123035 1.405425 17.638776 110 105 111
3.897372 -10.716136 37.192750 89 93 104
4.648775 -10.266143 37.538303 198 206 217
1.342160 -5.958243 30.347616 179 143 116
-5.023614 -5.548008 28.064601 114 95 97
-5.021681 -5.545765 28.051907 114 95 97
-0.270298 -5.037663 28.373546 195 201 213
-0.005163 -4.976329 28.470662 98 93 87
-4.372704 -4.673046 26.695801 109 97 96
0.512685 -4.478817 27.535577 123 128 131
-0.126207 -4.145261 27.160602 131 126 123
0.078352 -3.226825 25.943791 45 49 26
0.078275 -3.226337 25.936964 45 49 26
-2.636000 0.428609 19.151985 125 128 143
-0.829242 1.827595 17.217738 110 109 115
0.900193 1.594420 16.008093 133 131 136
-1.888020 1.877664 16.828825 140 141 136
-1.805666 1.909630 16.903374 102 88 88
-2.091474 2.190863 14.493829 108 80 76
0.456727 -9.333540 35.543084 68 57 59
0.707086 -6.659045 31.690877 65 87 40
0.707377 -6.655833 31.680453 65 87 40
-3.352350 -6.064371 29.210645 35 47 37
-0.536917 -5.408073 28.952903 115 128 105
0.417940 -5.451824 29.455954 29 43 17
-2.327486 -4.971815 27.573958 134 149 110
1.633889 -5.045658 29.196047 51 61 36
2.763065 -4.306646 26.895506 73 78 37
-0.389449 -4.283118 27.490817 61 56 45
1.669823 -3.618970 26.359763 128 129 132
-3.438464 -3.389573 24.032051 98 78 67
-3.577919 -3.281424 24.274540 247 243 243
-3.323676 -3.233481 23.848154 112 97 92
-3.165881 -1.771653 22.989202 209 206 203
-2.573909 -1.434661 22.257405 30 33 38
-2.579446 -0.451548 20.590858 35 41 45
-0.057953 -0.052427 18.102872 77 57 53
-1.962296 1.277195 17.818349 207 215 228
0.730542 1.534777 16.191785 172 172 180
0.807876 1.591602 16.091137 100 95 101
0.826768 1.687404 16.009916 137 136 144
0.193019 2.847411 15.606355 24 24 36
4.916255 -9.972655 37.380423 206 215 224
0.115026 -7.333850 31.843706 30 35 31
-4.538393 -4.959295 26.990850 255 255 253
-1.900028 -4.778758 27.546125 19 33 20
-1.679852 -4.169701 26.972274 148 152 164
-3.009459 -2.529543 23.147858 239 239 235
-1.462129 -1.591767 20.762671 203 206 205
-1.914309 -1.455854 20.993822 93 89 88
-2.605399 -0.945959 21.126142 114 108 110
-1.533227 0.291525 19.518887 66 47 43
-2.508329 0.730544 18.697988 30 30 37
-1.178661 2.187413 16.440769 224 238 251
4.295809 -10.486268 37.268147 215 222 230
4.409150 -9.743140 36.906140 63 53 55
-2.600880 -1.992621 22.406448 249 247 246
-1.427317 0.917440 18.539855 53 41 51
1.219010 1.392617 16.201990 76 88 100
-1.420268 2.091874 16.638031 99 106 112
0.702402 1.929979 15.865587 95 96 101
0.586868 -3.774370 26.733118 185 201 191
-3.445515 -3.048357 24.004159 244 241 236
-3.445515 -3.048357 24.004159 244 241 236
-2.439772 -2.571652 22.429149 153 159 175
1.549992 -1.741974 23.557567 71 62 55
2.013424 -1.671873 23.403529 45 58 40
2.140517 -4.981714 28.268713 217 188 160
-3.227078 -2.120730 23.379204 138 139 157
-1.917729 -1.598494 21.015193 101 95 97
0.036749 1.954539 16.894053 53 68 28
0.982157 2.213881 15.605254 93 84 74
0.503788 -7.033853 31.402473 61 39 45
-1.376422 0.244774 19.757185 152 140 139
0.717302 2.314702 15.703851 208 213 219
0.717302 2.314702 15.703851 208 213 219
0.773382 -4.923973 26.789762 80 104 54
-0.171815 0.579644 17.895525 96 68 64
2.371188 -3.938054 27.916101 73 84 55
5.351997 -13.452682 41.822532 193 180 193
3.255856 -13.029139 40.924470 171 175 178
4.630247 -13.184482 41.519585 114 107 115
1.222228 -12.398562 40.297417 174 168 178
-4.307941 -11.672762 37.915456 151 159 170
-1.186099 -11.881690 38.872561 100 93 97
-0.769337 -11.918932 39.138960 203 199 213
-5.745901 -11.391776 37.142682 48 46 57
-5.720648 -11.408259 37.309296 197 194 205
-3.905451 -11.586271 38.058455 110 113 122
1.681208 -10.707336 36.569728 114 85 87
-0.240485 -9.968213 35.912618 60 59 67
0.974404 -10.020817 36.543147 41 41 41
-0.855187 -9.569048 35.592650 30 39 46
-0.525353 -9.535103 35.884154 51 50 56
-5.359607 -8.685623 33.479471 104 115 119
-5.359607 -8.685623 33.479471 104 115 119
-5.393378 -5.525987 28.805348 10 5 9
-2.276409 -5.220921 27.947105 56 70 35
1.796439 -4.657797 28.477393 125 135 111
3.223627 -4.363685 27.824684 30 38 2
1.217699 -4.311598 27.320689 232 237 219
-1.204122 -1.645659 20.570623 126 117 127
0.932383 2.461914 15.522645 78 81 88
0.999356 2.621774 15.446227 241 234 242
0.999135 2.620682 15.442710 241 234 242
1.110369 2.599442 14.982568 32 29 38
-1.624138 2.343832 13.948326 175 155 147
-2.370345 2.660843 14.616613 118 89 93
0.558995 2.921850 15.294423 31 62 2
0.744505 2.883739 15.123539 142 144 89
0.716775 2.896459 15.152001 42 44 7
0.753648 2.899392 15.095928 60 60 0
0.441832 3.093721 15.338249 162 161 156
6.498374 -13.520710 42.250832 169 159 176
4.792024 -13.262589 41.537034 200 186 201
2.333446 -12.945236 40.586927 198 193 190
-2.718527 -12.305969 38.206078 107 93 93
2.123289 -12.868089 40.459881 203 198 202
3.074303 -12.924297 40.851893 146 149 156
-1.350060 -12.149830 38.794837 97 86 92
6.399802 -13.104542 42.464490 200 207 213
2.702807 -12.606065 40.951811 54 54 64
-2.541651 -11.807933 38.368496 208 211 216
2.696407 -12.479032 41.051011 41 41 47
2.696407 -12.479032 41.051011 41 41 47
-6.591987 -11.263818 36.937909 243 242 247
-6.600981 -11.280176 36.983837 243 242 247
-4.737960 -11.434424 37.708968 107 117 129
-4.737960 -11.434424 37.708968 107 117 129
-5.067911 -11.318199 38.054586 49 64 71
-5.354703 -11.216828 37.706007 71 69 71
-6.866582 -10.928948 37.091958 192 188 201
-0.045818 -10.466799 35.810743 33 31 42
1.112629 -10.384444 36.424809 190 181 182
4.199600 -10.340479 37.536303 29 36 46
-1.196759 -9.781041 35.456631 212 214 216
-1.265853 -9.744142 35.355065 215 215 217
-5.349763 -9.831820 35.612715 51 64 51
-4.543569 -9.808211 35.994249 41 48 32
-0.897685 -9.601749 35.514518 201 197 202
-0.466506 -9.591073 35.864998 194 193 198
0.566697 -9.476621 35.627275 78 57 39
0.566633 -9.474188 35.623371 78 57 39
1.137315 -9.679675 36.557859 163 158 152
-1.156611 -9.409063 35.529567 39 37 40
-1.161085 -9.355948 35.582134 85 79 83
-0.981331 -9.108075 35.302460 156 156 148
-5.538812 -8.469916 33.432408 162 168 166
1.788325 -8.464571 34.136292 32 48 11
-3.196583 -7.908518 32.786352 153 153 102
-1.013352 -6.844740 28.621949 79 92 74
-2.900723 -3.938919 24.005957 74 61 52
-2.899706 -3.937557 23.995448 74 61 52
-1.782413 -4.155614 26.866501 141 144 153
-3.695417 -2.838922 24.211274 155 154 140
-3.730801 -2.716225 24.275750 38 32 34
-1.683726 -2.133359 21.398897 177 178 189
-1.448701 -1.796093 20.769954 74 51 51
-0.582914 0.467882 18.344380 106 95 109
-2.050258 1.221555 17.792354 81 87 99
-2.009118 1.906669 14.480664 73 58 53
-1.797131 2.108241 14.374820 100 86 87
-1.793861 2.127076 14.254145 190 169 165
-1.795003 2.132482 14.273666 190 169 165
0.978121 2.517349 15.398077 103 103 111
-1.718442 2.225583 14.127756 198 180 175
1.114643 2.562774 14.950201 153 152 158
-1.633939 2.406476 13.906416 121 98 90
-2.391322 2.705558 14.591435 137 102 97
-2.420636 2.721982 14.567701 237 203 193
1.095278 2.928542 15.187482 215 214 219
-1.667131 2.534110 13.808939 94 83 82
0.779824 2.963669 15.120674 71 67 11
0.411808 3.054043 15.380308 93 88 85
0.411432 3.054277 15.379026 93 88 85
-0.633995 2.956139 15.028065 56 65 72
-0.633291 2.963963 15.050572 56 65 72
-0.753282 3.041134 15.271119 112 110 111
-6.276915 -13.479382 41.205710 21 23 35
-1.677891 -12.596869 38.893564 134 117 118
3.871883 -13.215129 41.253036 202 201 199
3.760167 -12.915967 41.237802 112 113 118
-6.191757 -11.853888 37.272020 174 170 185
-0.410034 -12.364241 39.406111 215 212 222
2.206679 -12.705484 40.761276 92 84 96
0.103161 -12.359087 39.505171 128 130 143
-0.315072 -12.341419 39.490153 169 168 175
4.785291 -12.943787 41.828964 211 210 215
-0.867559 -12.167035 38.943208 193 188 194
-2.228807 -12.038260 38.602320 201 201 206
1.043795 -12.473256 40.285367 180 180 188
6.323843 -12.976390 42.306018 56 59 68
-1.045190 -12.116009 38.974384 114 109 127
-1.906316 -12.021797 38.661387 207 205 216
3.001815 -12.533184 41.045208 203 205 217
-3.446571 -11.775477 38.106482 209 210 205
-7.885082 -12.042643 38.948489 130 128 132
-1.801312 -11.817939 38.680312 111 115 124
0.805036 -12.178513 40.068232 174 169 166
-3.369852 -11.438230 38.233913 94 77 92
-3.369852 -11.438230 38.233913 94 77 92
-2.464015 -11.507844 38.575020 193 198 194
-3.933530 -11.369927 38.275087 37 40 57
-3.931229 -11.363381 38.255406 37 40 57
5.605203 -10.903823 37.877238 185 185 186
0.199432 -10.389592 35.837229 69 60 65
0.199004 -10.389076 35.838447 69 60 65
-3.329249 -10.991976 37.911593 214 233 246
-5.524065 -10.879494 37.408322 54 54 62
-3.914645 -10.594372 37.203339 60 66 90
0.018142 -10.102499 35.759530 150 147 155
3.499178 -10.387023 37.070350 188 198 207
-6.623362 -10.276359 36.191442 70 74 86
-0.384577 -10.026571 35.624579 206 194 204
-0.384577 -10.026571 35.624579 206 194 204
0.316336 -10.127149 36.048257 40 40 48
-6.641945 -10.162936 36.173719 193 200 212
-0.754442 -9.923153 35.563121 107 107 119
-1.358394 -9.838591 35.284949 181 184 183
1.996471 -9.470860 34.130992 53 81 20
5.307063 -10.199795 37.500736 176 173 189
-4.826569 -9.768085 35.957246 61 57 48
4.789710 -9.821867 37.071244 217 220 227
-3.270325 -9.518325 35.414158 30 27 14
-1.086692 -9.315669 35.518559 163 158 162
1.724010 -8.516403 34.200389 73 95 49
0.184865 -7.546944 31.911833 87 102 75
0.507089 -5.654544 29.525600 83 99 62
1.358332 -5.710906 30.273221 65 24 28
-0.156838 -5.256459 28.726908 126 123 126
-0.434932 -5.184321 28.585565 66 67 62
-0.475906 -5.086533 28.465714 120 131 116
1.488635 -4.920292 29.201544 72 85 57
-2.245243 -4.355109 26.385108 47 63 27
0.240239 -4.044516 26.967195 124 122 123
0.243383 -4.046492 26.964572 124 122 123
0.258109 -3.782881 26.967746 120 117 105
-0.929249 -3.700226 26.393089 54 54 41
-2.607836 -3.231722 23.188939 133 98 96
-2.209998 -3.023487 22.773232 107 102 107
-1.195365 -2.824370 24.492352 71 59 66
-3.656276 -2.323320 23.643182 160 148 144
-0.628849 -1.908435 23.179188 66 39 43
-2.832491 -1.559390 22.344750 46 47 49
1.002864 -1.506326 23.140677 67 57 48
-1.535225 -0.616328 20.416694 226 223 211
-0.910886 0.165222 19.152964 208 182 169
-0.596072 0.768238 18.521256 97 101 104
-0.602960 0.847661 18.611446 109 111 119
-0.900088 1.720910 17.337858 26 25 31
-1.767250 2.166997 14.250467 194 171 168
1.053169 2.485088 15.051003 144 143 148
-2.257200 2.441641 14.392961 84 61 55
-1.690360 2.405032 13.914974 120 97 90
0.987371 2.966232 15.470757 209 207 212
0.931613 3.036377 15.627528 94 89 85
1.158852 2.886092 15.127952 214 214 222
-1.549566 2.547316 13.905007 120 105 100
0.749994 3.010924 15.158850 94 93 45
1.223824 2.960057 14.958101 131 90 89
0.515858 3.134702 15.280491 144 141 132
2.484338 -13.033141 40.447227 191 176 185
6.292121 -13.362928 42.135753 166 165 171
6.449695 -13.338616 42.336508 82 65 81
3.849627 -13.067777 41.355198 207 202 206
6.411797 -13.209823 42.383327 209 214 221
4.257565 -12.971698 41.464673 101 90 100
2.803686 -12.774605 40.929518 99 103 113
2.798122 -12.762540 40.887107 99 103 113
1.497921 -12.483235 40.112938 212 212 221
-7.678766 -12.247875 39.195616 81 82 92
-0.690323 -12.106654 39.200018 193 192 190
-5.562799 -11.458326 37.307616 43 43 53
-5.665889 -11.359270 37.268233 205 202 213
-6.276312 -11.315921 37.138987 205 204 212
-5.003962 -11.438752 37.760505 205 218 226
-2.963492 -11.488782 38.297098 156 165 172
-3.930155 -11.490228 38.214971 41 44 53
-5.472388 -11.244796 37.568686 207 215 222
-3.827577 -11.357565 38.310659 195 199 211
-3.827577 -11.357565 38.310659 195 199 211
-4.843241 -11.190467 37.748791 193 206 214
-0.216876 -10.566169 35.773333 142 131 139
-2.826362 -11.281181 38.478898 75 71 68
-6.239773 -10.851251 36.862530 197 198 204
-4.361715 -10.772089 37.066725 244 254 247
-5.879794 -10.871927 37.486818 200 200 208
0.581603 -10.310842 35.929736 127 113 119
3.899145 -10.567326 37.216435 71 80 89
0.025676 -10.164742 35.618677 91 93 106
1.014230 -10.306546 36.352238 55 49 54
0.528607 -10.152403 36.150680 151 150 155
-0.664571 -9.960486 35.512532 205 202 205
-6.822835 -10.243097 36.305709 254 248 254
4.775693 -10.270092 37.307592 127 95 112
-6.468170 -10.069842 36.110516 39 43 52
1.074543 -10.034442 36.604740 173 172 170
4.060357 -10.174460 37.440279 210 216 226
-3.697285 -9.695319 35.373742 109 111 87
-0.416710 -9.688529 35.853544 203 199 211
-0.333548 -9.604971 35.919348 33 34 39
-0.436484 -9.549184 35.956152 169 167 172
-3.550824 -9.381955 35.194899 156 154 149
2.204489 -8.760639 33.669680 24 39 20
-5.748581 -8.321328 32.962154 144 153 166
-5.140914 -8.284052 33.072520 197 191 176
-5.761863 -8.162789 32.783355 177 181 188
-5.699458 -7.408895 29.624269 202 193 204
-5.441336 -6.515098 28.864909 104 85 87
-1.216174 -6.446695 28.869440 43 55 43
-4.846077 -4.544265 26.736239 218 219 211
-4.846077 -4.544265 26.736239 218 219 211
-3.050958 -3.769437 24.017826 114 90 88
-1.617695 -4.086238 26.955348 142 141 146
-0.212621 -3.254094 25.818358 110 117 88
2.023766 -2.926231 25.227585 138 132 134
2.555427 -1.986640 21.588624 26 46 9
-1.115792 -0.434567 19.425302 152 146 146
0.568047 0.965981 16.794051 158 156 159
0.994432 1.580550 15.957712 109 109 111
-1.826857 1.924758 16.883650 100 89 83
-2.075453 1.806966 14.421173 119 95 92
-1.907803 1.996459 14.498502 147 128 120
-1.189797 2.442336 16.228192 102 96 96
-2.025473 2.105909 14.529699 93 63 56
1.074915 2.596979 15.022954 199 202 211
0.124406 2.845240 15.464713 28 22 35
-1.564543 2.441238 13.841931 153 135 128
0.275756 2.971515 15.514053 90 90 88
1.049830 2.979505 15.511071 79 79 87
0.777157 2.866641 15.138389 139 139 70
1.139875 2.927632 15.170794 124 125 130
0.727809 2.934722 15.154942 116 116 43
1.098542 3.042526 15.422460 44 47 52
1.098542 3.042526 15.422460 44 47 52
-0.790335 3.011668 15.338937 125 119 123
-3.019543 2.824913 14.667446 46 70 20
0.415366 3.162493 15.268919 104 100 101
-0.597974 3.097760 15.062146 204 199 210
1.250937 3.299303 14.982645 214 215 222
3.487812 -13.019793 40.964364 153 154 158
-2.324004 -12.074979 38.486946 91 88 92
-3.054968 -11.895456 38.048332 217 212 215
1.201653 -12.464217 40.236934 98 96 101
-2.618967 -12.018046 38.743558 145 148 149
0.709087 -12.248588 39.928274 41 40 50
-7.625531 -11.997076 38.765715 225 223 228
-7.624603 -11.995557 38.760204 225 223 228
-4.237532 -11.687921 37.817378 166 172 180
-4.237532 -11.687921 37.817378 166 172 180
-4.404782 -11.623675 37.726094 216 222 234
-4.404782 -11.623675 37.726094 216 222 234
-5.444870 -11.489750 37.469829 213 216 223
-5.444870 -11.489750 37.469829 213 216 223
-2.602812 -11.583301 38.480538 183 192 191
-5.470133 -11.263854 37.607756 208 217 224
-3.496277 -11.358821 38.242361 205 209 220
-4.424545 -11.232857 37.806632 202 212 214
-4.050493 -11.297835 38.120262 199 205 217
-3.692586 -11.379723 38.390109 49 51 62
-3.689629 -11.365334 38.336233 49 51 62
-7.377330 -11.154470 37.514378 47 40 44
-5.144533 -11.173511 37.741991 199 203 208
-5.144533 -11.173511 37.741991 199 203 208
-3.086970 -11.244404 38.328107 63 58 65
-5.852077 -10.987106 37.318769 49 49 57
0.106640 -10.514135 35.899801 81 80 94
-0.321811 -10.405900 36.099549 203 192 201
-4.008873 -10.614857 37.069945 192 207 215
5.621812 -10.714864 38.092860 113 109 118
1.343589 -10.345039 36.599160 193 194 188
-6.828295 -10.429557 36.430526 100 80 69
-6.039072 -10.485204 36.743783 88 91 96
-6.197063 -10.438607 36.870374 210 213 218
3.622037 -10.347571 37.235079 83 91 98
-0.674064 -9.758559 35.621867 120 94 103
-0.673639 -9.762275 35.639537 120 94 103
-0.634856 -9.622106 35.715803 204 203 208
1.890487 -8.918421 34.007128 101 124 78
4.225227 -9.564360 36.952171 20 21 17
-5.340368 -8.841141 33.861301 189 199 204
-0.224626 -8.992701 35.162078 167 160 151
-5.533838 -8.612015 33.672414 53 57 61
-5.361764 -8.420446 33.385207 171 177 163
-0.956744 -6.604244 28.714967 25 38 18
-1.134514 -6.491195 28.701039 29 42 25
-3.023773 -6.716527 30.591038 60 66 40
-1.124263 -6.274362 28.969644 48 60 46
-4.010394 -5.500043 26.734472 115 100 97
-0.709241 -5.930867 29.806794 120 117 120
1.204686 -5.690029 30.134409 105 106 104
-2.807979 -2.506156 22.708985 113 91 96
-3.143091 -1.929733 23.065901 45 36 41
1.663062 -1.540658 23.447684 110 104 90
-2.951492 -1.504784 22.434267 226 214 214
-1.882296 -1.317947 20.937461 107 85 92
-1.108836 0.343336 19.617816 223 212 212
0.942036 1.968833 15.647095 136 136 137
1.052191 2.660612 15.159172 43 46 53
-2.571520 2.770907 14.715900 118 91 85
1.181541 2.929736 15.036222 97 59 72
0.956548 3.081235 15.255797 84 103 86
4.916521 -13.409805 41.519427 104 79 83
5.057532 -13.262603 41.664190 168 171 180
1.198645 -12.822469 40.039491 113 89 100
4.151738 -13.086164 41.408654 168 170 174
0.426603 -12.517010 39.559247 113 111 124
2.676010 -12.885600 40.809017 145 148 155
-0.733872 -12.325761 39.071755 77 70 77
-5.293294 -11.630842 37.559759 62 51 61
-5.833219 -11.361755 37.190254 34 34 44
-3.214861 -11.377539 38.313670 208 210 222
-6.190112 -11.059853 37.248688 84 84 92
5.418522 -10.894165 37.686945 98 97 102
-5.685564 -10.961139 37.474067 196 199 206
4.082249 -10.616439 37.320045 203 212 221
-6.646669 -10.461714 36.205139 254 254 255
-0.153566 -10.246395 35.788533 77 76 81
-6.476103 -10.225909 36.199594 208 216 227
1.023346 -10.190008 36.513111 195 195 197
-0.995506 -9.866169 35.440582 204 205 209
-0.995506 -9.866169 35.440582 204 205 209
-1.336921 -9.767896 35.294160 188 197 195
-0.010748 -9.434861 35.554882 169 145 117
-5.898367 -8.907159 33.858226 49 49 53
-5.131269 -8.834984 34.285593 84 137 157
-3.387552 -8.512527 33.369203 210 212 211
-5.253265 -8.533618 33.446556 61 74 54
1.360543 -5.038881 29.270070 151 159 144
-4.735063 -4.527738 26.679423 60 64 50
-2.310742 -4.294116 26.573184 26 30 24
-4.371244 -4.310391 26.630451 158 162 165
2.663969 -4.045948 26.529355 112 122 62
0.921566 -4.128815 27.151105 116 108 103
-1.979380 -2.523408 22.093764 160 160 172
0.160763 -1.416138 22.797953 74 56 52
-0.888829 -0.746763 19.449401 99 90 84
-1.181679 0.264048 19.663561 137 123 121
0.918228 1.283258 16.282503 155 153 156
-1.872987 1.903378 14.563578 57 47 55
-2.008047 1.950798 14.519557 56 40 40
0.583419 2.709952 15.381585 86 103 48
1.219694 2.729275 14.945954 236 236 239
1.218076 2.722198 14.922393 236 236 239
0.518725 3.024566 15.450164 69 68 63
0.989858 3.040180 15.352864 56 42 45
0.700259 3.012501 15.187522 27 29 18
0.806324 2.983392 15.138509 60 54 31
-0.790164 3.071411 15.292381 127 121 123
0.433174 3.111103 15.326478 156 152 151
-0.477829 3.068882 15.104438 190 194 206
4.266552 -13.358583 41.407957 121 92 94
4.266552 -13.358583 41.407957 121 92 94
0.964009 -12.937672 40.225636 107 84 92
1.038095 -12.705695 40.317129 193 196 205
1.324532 -12.586848 40.038269 211 210 216
-3.729342 -11.889932 38.133127 183 185 182
-1.947940 -11.964404 38.720474 209 212 221
-2.503710 -11.733142 38.396411 201 205 208
-6.033656 -11.242767 37.190295 212 212 220
-5.719111 -11.196221 37.273760 206 209 217
-2.813048 -11.375726 38.262907 202 207 210
-4.192342 -11.098304 37.479746 79 94 53
-0.514965 -10.179217 35.757937 130 103 105
-0.457268 -9.865295 35.720493 209 208 214
0.920092 -9.850408 36.525269 193 194 199
-4.040357 -9.392069 35.057023 127 130 119
-5.186248 -9.133568 34.370067 215 213 226
-0.158863 -9.270755 35.547999 36 34 39
-4.342251 -8.901504 34.292551 68 77 61
-3.696959 -8.694221 33.812171 233 228 224
-5.066060 -6.020914 28.375136 92 74 73
-5.366810 -5.504073 28.768729 49 43 45
1.449731 -3.795568 26.754026 90 90 92
-2.104314 -1.849309 21.471490 147 145 149
-2.379392 -1.387721 21.922938 232 233 237
-2.820386 -1.001323 21.233588 210 217 229
-1.480387 0.128353 19.762294 163 162 158
0.621349 1.636565 16.193498 164 164 172
0.967539 2.457032 15.503204 50 52 64
0.938859 2.958791 15.566835 47 43 42
-4.419315 -11.339064 37.554399 210 221 222
-6.791528 -11.109343 37.254213 82 81 89
-6.796444 -11.117755 37.280576 82 81 89
0.705258 -10.022270 36.363661 137 123 130
-5.303425 -9.632257 35.311115 37 42 33
-3.876267 -8.223992 32.991365 52 42 38
-3.523137 -8.243726 32.975771 73 60 67
-4.649174 -5.415990 27.143512 254 249 245
1.111863 -3.738891 26.637550 116 117 121
1.586086 -3.349008 25.833299 93 94 99
-3.577919 -3.281424 24.274540 250 246 238
-2.704374 -0.761798 21.044725 226 230 240
1.139319 2.736992 15.103903 34 38 43
-1.502067 2.455187 14.038676 82 72 78
-3.301555 -12.030120 38.244142 108 89 91
-5.270762 -11.389192 37.640269 212 222 229
-5.270762 -11.389192 37.640269 212 222 229
-4.158826 -10.731980 37.180572 141 144 153
-4.661299 -9.222994 34.837017 129 132 129
0.163492 -5.778837 29.850154 40 39 29
0.202029 -2.295763 23.586235 125 135 137
-1.878987 1.510013 17.545403 128 125 131
-2.338208 1.360191 15.852899 89 77 77
-4.206380 -9.897082 35.628624 29 42 29
-5.171278 -9.750803 35.529407 29 42 25
-1.427451 0.918022 18.545311 89 77 86
-1.728675 2.288423 14.186129 151 132 126
-0.565067 2.886763 15.110479 232 242 251
-6.506367 -10.525215 36.656891 210 222 220
-1.880689 -9.911955 35.887509 240 241 228
-1.268635 -0.251078 19.778435 206 198 198
-0.300410 0.973571 18.053975 241 235 239
0.361915 2.974397 15.469750 140 136 135
2.322766 -11.220217 37.388874 57 41 51
1.202665 -9.882971 35.685375 146 142 136
-0.475302 1.879967 16.883808 171 167 158
0.082986 1.483435 16.888299 216 217 222
-4.033299 -7.254277 31.175503 39 51 39
-0.779398 -0.295423 19.126635 159 157 158
-6.711588 -13.577393 41.376986 90 93 101
-1.921127 1.807944 14.503948 30 9 5
-1.891992 1.843325 14.535084 139 120 115
1.249686 1.620593 15.496562 169 150 146
0.847419 2.153222 15.565931 203 203 205
0.993635 2.766816 15.446775 43 36 44
0.830059 2.204022 15.601392 222 223 218
0.459435 2.864816 15.612813 56 49 34
0.975697 2.582020 15.455353 231 228 233
0.899383 -6.885741 31.467852 65 24 33
0.870380 2.818972 15.745410 50 31 30
0.870289 2.825735 15.767675 50 31 30
4.833696 -13.114783 41.729312 109 112 117
-0.617237 -12.328772 39.068955 66 57 58
-0.691737 -11.927557 39.143258 206 214 224
-6.224345 -10.935712 37.406952 61 61 69
4.028785 -10.116497 37.424974 215 219 230
-0.525918 -9.537243 35.890779 48 47 55
2.552305 -8.693527 33.404202 32 44 24
2.251477 -2.564277 25.356875 17 16 15
2.475288 -2.282455 21.795421 106 133 83
-1.933739 -2.316755 21.754127 162 160 167
-3.997495 -2.370237 23.548595 118 115 126
-0.450547 -2.251269 24.051723 184 186 172
-1.829131 -2.085807 21.506741 224 224 232
0.952550 -2.227938 24.572621 51 42 27
-2.607010 -2.118043 22.268314 246 239 240
-1.267188 -1.994698 20.801942 117 123 139
-1.266062 -1.993666 20.778997 117 123 139
1.015291 -2.080757 23.887204 104 105 103
-2.291266 -1.998985 21.825865 164 162 166
1.114571 -2.026815 23.915710 57 51 51
0.576391 -1.877286 23.617529 121 107 98
-2.587596 -1.840405 22.423905 71 65 67
-2.614496 -1.815899 22.409413 238 233 239
-4.560599 -1.618244 19.821529 153 139 138
-1.141903 -1.605331 20.630061 216 216 224
-2.813620 -1.672431 22.815825 171 159 159
0.680652 -1.626247 22.920813 77 66 48
2.451462 -1.515339 22.140287 42 54 40
-2.896270 -1.543332 22.495929 143 132 138
-2.376312 -1.512944 21.936958 249 249 251
-3.344244 -1.485580 22.151921 72 74 85
-2.480844 -1.465064 22.235528 254 252 255
-4.182009 -1.449482 22.098726 76 84 92
-4.028400 -1.437432 22.053999 171 188 214
0.808448 -1.395004 23.041724 72 67 47
-3.207613 -1.425841 22.183646 10 12 24
-3.371646 -1.416383 22.231494 24 24 33
-2.015796 -1.380189 21.068155 237 230 237
-4.486009 -1.397532 22.252330 216 217 227
-4.486386 -1.396712 22.254402 216 217 227
-2.497085 -1.364502 22.285662 34 31 42
-4.459338 -1.310795 19.351966 175 160 155
-0.127812 -1.304929 22.682302 96 87 80
-1.960701 -1.286504 21.012171 222 222 224
-0.210326 -1.273065 22.702716 57 47 40
-4.188470 -1.255552 22.080475 119 122 129
-0.244163 -1.147781 22.449023 134 131 116
-3.250802 -1.169279 21.771114 102 102 110
2.340528 -1.102170 22.513507 61 77 42
-0.402114 -1.050588 22.138883 210 215 193
-1.719836 -1.052015 20.471629 212 210 211
-0.814575 -1.038762 19.234126 182 175 169
0.344504 -1.020325 21.861456 87 97 50
-2.916712 -0.982287 21.286370 62 60 74
-3.715427 -0.976186 21.263491 187 190 195
-3.695107 -0.942234 21.268040 39 39 44
-1.623765 -0.924340 20.379409 78 73 80
-3.738613 -0.831430 21.252539 179 177 179
-2.804521 -0.798382 21.046774 235 239 248
-2.804521 -0.798382 21.046774 235 239 248
-3.767478 -0.694839 21.044535 186 179 170
-3.770143 -0.693813 21.064799 186 179 170
2.113401 -0.622618 21.472639 41 58 10
0.353651 -0.610081 20.917793 57 73 44
-1.643166 -0.616543 20.564953 44 40 41
-1.663483 -0.588653 20.568199 210 207 208
-1.330893 -0.587747 19.754363 70 70 64
-2.601199 -0.539705 20.681337 41 41 51
-2.657116 -0.531145 20.710370 34 35 40
-1.724371 -0.510309 20.709509 245 236 233
-3.748746 -0.554621 17.652570 159 159 169
-2.518191 -0.428448 20.585037 27 29 42
-2.130640 -0.411870 20.487833 73 69 65
-0.347849 -0.400438 18.781761 112 110 113
-0.319571 -0.404208 18.739621 181 180 185
-0.395500 -0.395343 18.727152 175 174 172
1.999736 -0.256634 20.587799 69 85 50
-1.496985 -0.167528 20.496509 39 21 9
1.320424 -0.139545 19.928648 30 46 0
1.254603 -0.092106 20.105614 40 54 0
-1.271746 -0.088279 19.803538 214 218 223
-0.116642 -0.127096 18.080493 199 183 182
-0.116642 -0.127096 18.080493 199 183 182
-1.857007 0.018530 20.108827 130 125 122
-3.069252 0.018782 19.765438 245 244 251
-1.365693 0.066693 20.072755 29 18 18
-3.105420 0.083846 19.837763 18 21 30
-0.016567 0.046228 17.883466 127 107 101
-0.888294 0.130844 19.119679 113 91 72
-2.054870 0.159311 19.627625 5 9 18
-2.881616 0.193935 19.500734 162 166 177
-1.565634 0.243615 19.662729 57 49 41
-0.788145 0.211767 18.833875 253 241 238
-3.256041 0.231844 17.188879 100 88 92
1.587906 0.501065 20.126797 104 114 90
-3.266200 0.259034 17.142579 181 162 159
0.265632 0.341590 17.609641 181 155 154
-0.727618 0.430055 18.669464 255 254 254
-1.864449 0.465468 19.176101 31 35 44
1.983302 0.540269 19.642623 177 186 164
-0.776027 0.545044 18.961270 230 216 213
-3.137112 0.419386 16.856826 185 170 165
-0.737914 0.759049 18.862103 253 251 247
0.319218 0.625564 17.325945 88 84 85
-1.070655 0.777422 18.937975 54 51 43
-0.710754 0.806407 18.899674 255 254 251
1.158723 0.983477 18.952027 35 37 34
0.171690 0.834832 17.269696 85 82 89
0.220090 0.853576 17.194063 91 90 95
-0.802691 1.016602 18.613390 148 133 128
0.340674 0.875597 17.101092 88 86 91
-0.330437 1.252250 18.238761 182 183 180
-0.349627 1.398875 18.021386 122 95 74
0.100619 1.288306 16.944983 237 238 243
0.042328 1.409736 17.146746 251 254 255
-2.354902 1.247705 16.096564 139 128 124
-0.075783 1.501765 17.643323 193 197 196
-1.062707 1.517599 17.645529 23 24 29
-1.062763 1.517727 17.646760 23 24 29
-0.146624 1.583008 17.772299 49 36 35
0.257668 1.573304 16.630124 148 149 153
0.698402 1.542917 16.139542 161 162 167
-1.155598 1.533570 15.842460 60 61 66
-3.631739 1.716852 16.943330 172 154 144
-1.161847 1.575477 15.873322 39 40 45
-1.161941 1.575370 15.879080 39 40 45
1.333353 1.601463 15.495778 154 135 134
-3.600082 1.824149 16.766749 103 91 79
0.068752 1.873849 16.394494 56 63 23
0.278956 2.013945 16.883876 120 120 128
1.291263 1.775654 15.554241 115 104 98
1.223710 1.765552 15.477050 238 231 224
0.309851 2.051081 16.792659 130 133 142
-3.239154 1.859297 15.883229 111 97 90
0.747471 1.906164 15.847821 125 126 130
-3.883740 2.011779 16.348278 102 86 70
0.643226 2.052032 15.915872 218 219 223
-1.339298 2.172787 16.485720 86 95 104
-1.921989 1.798699 14.606650 141 115 116
-2.025028 1.807800 14.533928 37 16 13
-1.987728 1.829974 14.518594 124 100 100
0.806171 2.175883 15.633087 233 232 240
0.187942 2.367151 16.497277 153 156 142
-1.879962 1.926230 14.472357 163 151 155
-1.546145 2.349563 16.263884 124 125 130
-1.925176 2.000323 14.618795 124 111 103
0.629420 2.361660 16.096184 200 206 208
0.158198 2.457566 16.229955 186 172 163
0.936665 2.315077 15.422593 79 74 70
-3.443378 2.399448 15.871689 75 60 57
0.908265 2.408526 15.722419 83 75 77
-1.386018 2.450452 15.820517 181 191 192
-2.037727 2.137753 14.494512 75 46 39
-2.039837 2.141632 14.515344 75 46 39
-1.807252 2.101507 14.282897 193 175 175
-2.068751 2.153776 14.493363 74 46 35
-2.603723 2.345362 15.057542 153 147 145
-2.597793 2.326570 15.008502 153 147 145
-1.115043 2.475758 15.500546 203 199 200
-2.787592 2.495106 15.571218 62 63 68
-2.267354 2.293148 14.530282 73 54 43
-1.146113 2.645300 15.730114 113 112 108
0.461897 2.712758 15.936922 116 108 88
1.027767 2.562266 15.259834 43 40 48
-3.343104 2.486829 15.021722 75 102 0
0.837498 2.788509 15.927020 31 23 21
0.074065 2.772395 15.462026 73 83 108
-3.071517 2.733574 15.362879 90 87 80
-3.320190 2.692912 15.072559 16 25 0
-0.041605 2.829128 15.524919 88 88 96
1.210776 2.683891 14.939336 228 222 222
-2.392051 2.641124 14.602014 239 223 215
-2.728479 2.774907 15.014915 121 104 100
-0.818475 2.958425 15.451571 129 124 130
-2.859960 2.816713 14.852255 14 21 8
-2.855525 2.807284 14.822153 14 21 8
-0.606024 3.051331 15.037331 67 49 64
-2.812916 2.923255 14.595484 56 55 51
-1.311106 2.592317 13.336657 208 197 201
-1.311056 2.592519 13.337551 208 197 201
1.395616 2.947007 14.503603 118 116 119
0.808282 3.142024 14.961003 33 34 16
-1.510849 2.715753 13.538823 57 51 58
-1.413310 2.691642 13.311330 69 52 45
6.717389 -13.298794 42.475875 211 200 216
-6.555851 -11.331844 37.029045 47 44 55
-2.612106 -11.608617 38.467606 138 139 140
-3.106987 -8.621085 33.760156 230 229 238
-5.405116 -8.536460 33.507970 166 171 162
-5.405116 -8.536460 33.507970 166 171 162
0.310860 -5.181228 28.611916 171 173 170
2.486192 -4.221635 26.713009 151 159 75
-0.891813 -4.272697 27.180761 74 81 87
-0.888621 -4.273012 27.164851 74 81 87
2.520330 -2.808460 25.296491 27 19 12
-3.519257 -2.744731 24.348532 87 75 74
2.208534 -2.595282 25.296649 96 98 102
2.162988 -2.548790 25.296378 19 18 23
0.982687 -2.398249 24.754651 80 56 46
-0.743715 -2.277101 23.932726 78 66 50
-0.817999 -2.198280 23.538878 117 94 88
-1.865309 -2.052723 21.499844 223 221 226
-1.052522 -2.157072 23.603746 114 106 105
1.048000 -2.127435 23.891274 44 35 30
-2.247491 -2.019155 21.769899 133 130 135
-2.199289 -2.019569 21.796104 132 130 135
-2.846648 -1.991628 22.672311 240 234 234
-2.756512 -1.822574 22.738489 100 88 88
-1.216764 -1.705289 20.574434 132 118 112
-2.458408 -1.762463 22.196169 253 252 250
-2.892662 -1.744362 22.863719 79 71 66
-3.537649 -1.729149 22.491931 208 208 216
1.097797 -1.700459 23.100436 80 66 51
-2.598998 -1.703054 22.523863 148 148 150
-2.598998 -1.703054 22.523863 148 148 150
-0.493703 -1.591911 22.493416 110 98 98
0.238999 -1.551053 22.805512 73 63 54
1.487700 -1.522025 23.396453 140 127 119
-2.511577 -1.492614 22.237937 82 81 89
1.545173 -1.482733 23.400997 102 90 81
1.050509 -1.470405 23.179131 126 119 105
-4.473192 -1.452611 20.216765 122 111 115
-2.069432 -1.442796 21.229314 219 208 216
1.303547 -1.440291 23.229252 87 79 66
-4.457397 -1.399758 19.938627 142 132 133
-3.296548 -1.411123 22.161344 26 25 44
-0.694514 -1.345111 22.391626 64 51 60
-0.695374 -1.344306 22.422469 64 51 60
0.208988 -1.305398 22.786260 75 69 55
-4.170739 -1.296089 22.046525 52 58 71
-0.960894 -1.227423 19.971153 193 184 182
2.423800 -1.240785 23.062842 111 111 90
2.579084 -1.237816 23.106088 67 69 55
-0.070851 -1.235974 22.646709 127 124 106
1.426935 -1.162224 22.435094 92 103 64
2.178429 -1.125347 22.869039 44 62 20
-4.004495 -1.166509 21.622197 40 39 72
-0.526739 -1.107826 22.201988 136 129 134
-4.129592 -1.122037 21.532688 117 115 116
0.805315 -1.074861 22.132379 92 98 58
-1.742439 -1.064964 20.606290 208 208 206
-4.148571 -1.080405 21.422502 149 149 154
-2.381879 -1.069155 21.791417 145 130 127
2.044029 -0.963632 22.477980 30 55 12
-2.727186 -0.963402 21.176997 222 231 240
-0.743870 -0.905931 19.370121 177 156 150
-0.557129 -0.881370 19.347942 67 50 52
-3.800080 -0.848484 21.331208 128 124 123
-3.936491 -0.781190 21.225442 148 144 143
-2.421077 -0.759648 21.171748 83 78 74
-2.369237 -0.708972 20.960701 84 77 69
2.091417 -0.638241 20.092813 72 92 21
-2.364281 -0.657644 21.072882 85 77 75
-2.596470 -0.632061 20.987743 135 133 134
-1.598345 -0.612280 20.487865 40 36 35
-1.759519 -0.558596 20.744431 236 238 232
-2.637151 -0.560534 20.751990 149 149 158
-1.643243 -0.476320 20.654371 55 53 52
-3.627220 -0.533609 19.149666 108 114 126
1.682061 -0.372494 21.454575 95 87 65
0.535515 -0.393844 20.615479 58 60 58
-1.405389 -0.407479 19.933396 127 125 126
-2.086724 -0.387131 20.361593 174 179 177
-1.661584 -0.349482 20.643267 67 53 43
-3.266263 -0.311244 20.196647 35 35 45
0.518506 -0.180924 20.492131 133 123 122
-3.678501 -0.273454 17.940324 158 165 173
1.206126 -0.147649 20.084595 61 74 5
1.206126 -0.147649 20.084595 61 74 5
-1.918272 -0.107055 20.219312 165 156 151
-3.012622 -0.117629 20.004417 103 122 144
-1.016709 -0.097820 19.116600 188 194 199
0.963487 -0.023642 19.889677 55 79 5
-2.175312 -0.020448 19.710525 65 68 79
-2.175312 -0.020448 19.710525 65 68 79
-2.128550 -0.028698 19.656095 246 249 254
-2.130927 -0.027122 19.665890 246 249 254
0.120555 0.024164 17.917563 137 123 116
0.095613 0.060709 17.930452 78 61 56
-2.753606 0.164115 19.565181 161 163 174
-1.442366 0.207327 19.784177 84 73 67
1.715166 0.269779 20.363342 121 94 54
-3.407957 0.044331 17.335075 165 148 141
-3.408738 0.044918 17.336477 165 148 141
-0.853851 0.170798 18.974056 117 90 72
-0.853851 0.170798 18.974056 117 90 72
-1.221002 0.233239 19.616948 65 49 41
1.252597 0.327503 20.043275 126 96 62
1.018165 0.328030 19.886944 127 93 60
-1.152547 0.320497 19.556709 103 96 79
2.063030 0.419699 20.319381 70 81 46
-2.552969 0.393038 19.089629 159 157 171
-3.405043 0.282967 17.240224 196 177 170
-0.884350 0.470888 19.236362 97 85 85
1.897386 0.547023 19.577963 185 192 174
-2.802453 0.476706 19.182898 80 80 86
-0.673796 0.489875 18.494071 246 242 243
-4.237182 0.476349 18.417827 191 185 188
0.972799 0.612711 19.053107 114 134 96
-0.458138 0.555038 18.292129 142 130 118
-0.564344 0.566845 18.394566 238 224 221
-4.094590 0.546802 18.010182 229 229 237
-4.313300 0.580289 18.271812 64 62 76
-4.321498 0.584451 18.310948 64 62 76
-0.745287 0.713357 18.831459 224 224 221
-2.469261 0.698393 18.631734 18 24 38
-0.688289 0.819145 18.723423 241 237 236
1.082027 0.932168 18.889095 173 174 179
1.102536 0.963105 18.798499 156 157 160
0.229896 0.819481 17.229567 135 134 139
-0.750536 0.964507 18.560144 126 115 109
0.502662 0.884802 16.968862 106 104 105
0.812434 0.942150 16.770006 158 169 175
0.803651 0.929963 16.672732 158 169 175
-0.646516 1.223881 18.306972 142 124 104
-0.258532 1.299185 17.995802 234 221 221
-0.258569 1.298932 17.992183 234 221 221
-0.197581 1.283813 17.863658 210 205 209
-0.417294 1.329815 18.169055 150 126 100
0.111089 1.262075 16.971497 89 90 94
1.495097 1.234581 16.344431 197 210 200
-0.232948 1.432293 17.755223 143 126 118
-0.721697 1.497987 17.725898 119 117 122
-2.665674 1.229421 15.792706 225 207 200
-2.665674 1.229421 15.792706 225 207 200
-2.181731 1.512450 17.589917 112 110 113
-1.768281 1.518243 17.385954 159 163 168
-0.610460 1.576619 17.596539 95 83 75
-0.611705 1.578938 17.615023 95 83 75
-0.896818 1.577528 17.271434 111 114 121
0.112400 1.620070 17.143590 62 63 69
-0.165856 1.713459 17.601221 153 139 134
-0.090976 1.726937 17.601062 66 57 49
-0.860560 1.674472 17.195599 87 90 95
-0.143218 1.751452 17.611626 156 147 142
0.287582 1.659147 16.562684 166 167 171
0.422683 1.640716 16.301168 41 46 52
0.330351 1.720343 16.620736 160 159 162
-3.407512 1.755528 16.766854 108 91 81
-3.785751 1.800912 16.784528 90 77 61
-3.636002 1.827758 16.786785 133 121 109
0.226494 1.900928 16.997255 228 220 222
-3.702652 1.841251 16.738697 131 112 98
0.849434 1.778110 15.890942 104 104 106
0.409769 1.912206 16.532323 75 75 77
0.358917 1.946319 16.645559 114 114 116
1.223190 1.762497 15.597680 220 215 209
0.341332 1.975179 16.671138 194 193 198
-3.809609 1.918832 16.472209 74 62 42
-1.797039 2.007453 16.834462 168 167 167
-1.754453 2.031778 16.864985 130 130 131
0.209470 2.080260 16.962293 226 225 226
0.269259 2.104324 16.714589 94 99 102
0.203108 2.152754 16.821490 213 212 219
-1.659141 2.137159 16.637364 125 125 127
0.177065 2.207028 16.815854 44 45 51
-3.726730 2.138195 15.996233 167 164 159
-3.726730 2.138195 15.996233 167 164 159
0.772866 2.151724 15.701692 100 100 102
0.727989 2.191150 15.833175 172 173 178
0.447242 2.258943 15.703308 149 144 114
0.728312 2.462907 15.913855 202 206 209
0.679950 2.518667 16.116848 133 142 143
0.734221 2.537978 15.959924 192 199 202
0.728586 2.519706 15.905144 192 199 202
0.712369 2.555425 16.061373 140 143 150
0.885906 2.523212 15.713494 104 105 110
-3.000943 2.464554 15.468092 93 62 62
-3.762739 2.531365 15.694231 129 121 119
-0.066191 2.606682 15.734875 24 33 58
-2.368262 2.372299 14.558868 120 100 91
0.921651 2.668949 15.666202 154 149 155
1.078006 2.519363 15.035362 183 184 188
0.797526 2.754839 15.947047 31 32 42
-3.547903 2.531933 15.029023 41 58 4
-3.395645 2.543300 14.986329 48 66 1
0.439026 2.785288 15.704655 76 65 51
-1.109335 2.786221 15.682600 168 164 153
-2.962122 2.752151 15.345400 73 67 55
0.992139 2.801293 15.431781 45 38 46
-3.395057 2.698724 15.015034 81 92 49
0.411861 2.897554 15.638206 135 129 123
-3.523044 2.779442 15.132293 93 93 80
-3.061278 2.780837 15.089063 62 57 61
-3.066261 2.790426 15.120557 62 57 61
-2.917744 2.767632 15.024818 122 108 108
-2.914022 2.750003 14.836693 24 25 13
-2.913994 2.749917 14.836398 24 25 13
0.202745 2.963355 15.529214 67 66 69
0.202417 2.963380 15.530610 67 66 69
1.088788 2.865577 15.188489 220 221 226
1.222984 2.763611 14.689683 170 160 144
-2.736273 2.830039 15.005802 118 104 102
1.227577 2.942310 15.017242 246 224 223
1.216032 3.010739 15.095656 164 127 128
-0.735163 3.075389 15.268771 105 102 109
1.168280 3.135271 15.229093 59 42 48
-2.511473 2.954505 14.358794 88 70 71
-2.404726 2.992448 14.228924 223 205 203
1.377915 3.137005 14.605080 141 132 121
1.117081 3.282418 14.992917 26 25 24
-2.548299 3.030934 14.155689 171 144 149
-2.547544 3.029628 14.151059 171 144 149
1.358354 3.251092 14.689374 221 217 218
2.332558 -12.940550 40.574036 199 195 186
-6.191823 -11.854028 37.272468 188 182 197
-3.505802 -11.843233 38.043227 109 108 105
-3.630103 -11.091063 38.296242 84 84 94
-3.626005 -11.080819 38.261505 84 84 94
0.741852 -10.239646 36.312743 121 119 124
0.646128 -9.490683 35.532622 150 121 95
0.555143 -9.363363 35.760387 50 37 36
1.990690 -8.647681 33.998299 63 83 48
-2.082185 -7.321575 30.126922 25 40 19
-0.960939 -6.729975 28.660497 47 60 42
-5.168158 -5.633121 28.313741 250 242 240
-4.536612 -4.261578 26.680051 180 169 175
-0.969762 -4.110378 27.204833 38 50 39
-2.149809 -2.737398 22.361622 178 159 158
-2.077097 -2.640005 22.255987 182 165 163
2.085301 -2.786491 25.246651 100 99 105
2.279012 -2.729999 25.256982 40 28 32
2.157820 -2.703399 25.238589 21 22 26
-2.034357 -2.494480 21.887147 133 123 122
2.218881 -2.682065 25.250979 106 106 110
2.270914 -2.630591 25.313765 36 27 29
-0.832421 -2.482231 23.881466 204 198 199
-0.201964 -2.512931 24.589741 122 134 99
-2.082939 -2.297919 21.887741 227 222 226
-2.082647 -2.298067 21.887292 227 222 226
-4.121924 -2.356436 23.582938 37 26 40
2.327960 -2.244898 24.428690 66 55 55
-0.376209 -2.168522 24.156953 47 44 27
-2.586860 -2.027720 22.338495 183 176 176
-2.585657 -2.027477 22.326209 183 176 176
0.707118 -2.036205 23.777252 52 48 44
-0.598200 -1.969142 23.158809 156 137 122
0.354998 -1.912133 23.637945 68 38 36
0.422129 -1.879621 23.621282 113 92 85
-0.881794 -1.840754 23.070475 54 33 35
0.891663 -1.848231 23.814752 101 96 62
-2.541293 -1.799120 22.355844 242 239 240
-2.870943 -1.785290 22.884576 237 226 222
-2.735269 -1.765371 22.783427 239 233 234
-0.611381 -1.727128 23.028759 91 78 79
2.363772 -1.646597 21.726889 53 71 42
-0.243879 -1.706165 23.253867 119 103 98
-3.477117 -1.684155 22.422457 85 82 90
-3.282683 -1.658344 22.153909 41 50 65
-3.228995 -1.628527 22.190359 207 209 224
-3.228778 -1.628455 22.188300 207 209 224
0.129164 -1.587275 22.669380 37 35 37
-3.222196 -1.572009 22.195180 61 58 76
-3.290497 -1.555281 22.110120 97 101 112
-3.724108 -1.547689 22.446350 197 198 203
-3.727001 -1.547472 22.470197 197 198 203
1.907042 -1.482733 23.492498 86 88 69
2.485137 -1.459918 23.642015 99 96 79
2.557192 -1.409017 23.572115 59 55 44
1.253356 -1.398633 23.214033 112 114 92
-2.903724 -1.408839 22.175982 124 114 112
-1.096301 -1.320848 20.257436 129 120 114
0.281349 -1.333211 22.849231 76 64 50
-1.885533 -1.233498 20.961789 244 232 240
-1.894357 -1.233409 21.120059 244 232 240
-3.898448 -1.245135 21.669684 36 59 109
-1.939326 -1.193951 21.074025 148 151 155
-1.939326 -1.193951 21.074025 148 151 155
-3.254751 -1.214762 21.929718 58 58 70
2.120383 -1.174037 22.874038 92 110 62
-3.838292 -1.132240 21.717685 29 36 58
-4.001666 -1.106154 21.734469 46 41 65
-2.176157 -1.093271 21.685716 233 217 220
-2.879117 -1.089027 21.462340 42 37 44
2.068146 -1.021080 22.665049 65 88 47
-0.841824 -0.989147 19.718969 130 123 117
2.194293 -0.994205 21.712048 87 108 52
-4.113633 -1.017131 21.477455 114 114 119
-4.126565 -1.014318 21.554347 114 114 119
2.164721 -0.902905 21.475803 83 105 45
-3.055131 -0.948206 21.520094 104 104 112
-2.550038 -0.921226 21.482807 84 76 76
-1.699215 -0.882424 20.532850 153 151 156
-4.064280 -0.878604 18.909159 219 217 230
-4.064280 -0.878604 18.909159 219 217 230
-1.966309 -0.842626 20.029108 76 86 75
-4.035930 -0.841559 21.388022 183 184 189
0.445093 -0.722525 20.916525 35 59 20
1.652555 -0.622329 21.840905 81 88 71
-0.160190 -0.624446 21.721047 76 79 70
2.011904 -0.580563 20.225803 104 118 56
-3.873422 -0.614369 20.818464 131 136 142
-1.471088 -0.537467 20.187844 220 213 216
1.390501 -0.477823 21.557948 53 55 34
-3.654018 -0.542215 19.222633 108 112 124
-1.686246 -0.467442 20.679770 226 217 212
-1.685847 -0.467684 20.671826 226 217 212
-1.597546 -0.404592 20.601088 37 25 24
-3.280507 -0.413341 20.506602 15 19 31
-2.374275 -0.402056 20.417230 97 100 119
-1.485963 -0.333555 20.355209 38 22 23
-1.485120 -0.332615 20.374154 38 22 23
-3.703839 -0.420730 18.283405 181 187 199
-3.703839 -0.420730 18.283405 181 187 199
-1.543663 -0.322865 20.497492 182 164 164
-1.651938 -0.302371 20.641304 123 117 102
-3.773902 -0.380884 18.458090 98 108 118
-3.738427 -0.388706 18.264033 98 108 118
-0.206241 -0.256326 18.560823 150 151 156
-2.026084 -0.162228 20.297962 158 156 159
-1.885485 -0.146849 20.144548 65 55 50
-3.617728 -0.262147 17.909779 107 111 123
-1.793762 -0.159709 20.057285 99 101 80
-2.273646 -0.131364 19.950032 58 57 71
-2.273032 -0.133199 19.924271 58 57 71
-3.484407 -0.062869 17.684738 101 85 86
0.547542 0.107180 20.218663 33 28 34
-1.724447 0.122631 19.851762 77 73 72
1.500609 0.179713 20.154624 47 59 21
-0.080475 0.056877 18.201604 160 146 137
-1.840919 0.147496 19.770925 134 132 139
-2.978246 0.174901 19.696192 76 79 84
-1.279983 0.205664 19.744289 100 86 75
-1.279983 0.205664 19.744289 100 86 75
-1.156156 0.227651 19.667448 87 79 77
-1.338999 0.245725 19.633237 71 57 51
-3.168783 0.130257 17.771851 101 91 99
1.663211 0.340837 20.265723 68 50 24
-3.211150 0.094774 17.203459 125 112 119
-0.739570 0.265461 18.806971 251 248 248
-3.365973 0.129164 17.114652 163 148 141
1.727047 0.449720 20.208398 77 89 54
-1.153338 0.392608 19.699881 124 120 93
0.880311 0.516116 19.589013 86 85 55
-4.079304 0.431352 17.934748 212 204 201
-0.583723 0.524876 18.420666 85 76 84
-4.275065 0.534944 18.417027 104 98 107
1.427219 0.665283 19.298502 97 123 50
2.022500 0.712089 19.795538 55 63 37
-1.121068 0.640600 19.129013 122 116 105
1.873880 0.718111 19.426287 76 82 53
-4.136692 0.566689 18.051079 75 90 111
-0.621170 0.663575 18.495556 133 122 113
-2.337527 0.739202 18.476494 60 71 87
-0.579926 0.891750 18.596315 219 207 207
-3.930841 0.845768 17.682524 149 187 212
-1.501857 0.956588 18.522474 32 30 36
-2.369876 0.962931 18.376242 96 94 99
0.763912 0.873302 17.058081 140 141 148
0.860271 0.885784 17.151917 87 96 103
0.342051 0.917033 17.050522 97 95 100
-0.885423 1.091362 18.350951 185 145 59
-2.315725 1.102569 18.255939 41 41 51
0.178292 1.040194 17.093450 138 140 144
-3.040823 0.976389 16.323526 122 98 93
-2.144101 1.294435 17.900843 48 48 59
-2.808042 1.048234 16.081829 215 196 190
-2.653176 1.067905 15.704909 150 130 111
-2.403661 1.148842 16.276449 124 113 107
-0.154054 1.376640 17.734843 160 116 133
0.603925 1.238435 16.614143 126 127 132
-0.556727 1.420924 17.661453 106 76 55
-0.292017 1.466543 17.775833 186 159 146
-2.379292 1.236734 15.892483 93 79 79
0.276819 1.478643 16.656527 77 77 79
-3.903803 1.471975 16.627485 112 87 83
-3.163508 1.422206 16.046225 90 77 71
0.819107 1.490490 16.153929 152 153 158
-3.185973 1.456615 16.063965 254 249 247
0.039781 1.673741 17.263356 170 182 180
0.354776 1.672460 16.492530 219 219 227
-0.108672 1.693199 16.471928 189 185 137
1.288182 1.557006 15.532228 107 97 101
-3.975096 1.754577 16.788385 87 82 64
0.442389 1.719251 16.425774 226 229 235
-3.310484 1.701283 16.440574 226 211 204
-3.255531 1.703332 16.325317 112 96 88
1.140182 1.632282 15.755036 121 121 123
-0.232394 1.882690 16.983979 71 57 49
1.408987 1.724221 15.644306 59 53 49
-1.194273 1.837552 16.038556 72 80 83
-1.713744 2.021855 16.819296 156 154 155
-0.103522 1.992117 16.551934 67 64 35
-3.700807 1.971287 16.525421 100 91 74
-3.698887 1.971016 16.535300 100 91 74
-3.315432 1.868161 15.962859 234 224 214
0.234214 2.091327 16.761622 235 236 238
1.438511 1.843746 15.322846 145 138 139
-3.684044 2.037748 16.342122 111 99 84
0.293637 2.141236 16.671865 76 84 86
0.228469 2.176224 16.829093 33 32 37
0.656120 2.015191 15.913502 247 247 249
-3.826508 2.018071 16.015722 122 106 93
0.280282 2.164253 16.574951 95 100 104
0.116540 2.231074 16.594943 102 101 99
0.042650 2.218984 16.372033 144 127 118
0.042825 2.220869 16.378472 144 127 118
-2.068896 1.794261 14.365843 119 95 93
0.752502 2.181491 15.725261 225 224 230
-3.631964 2.260051 16.127500 56 48 36
0.723450 2.226609 15.839042 166 167 172
-2.123819 2.001183 14.719185 109 89 82
-2.022143 1.987591 14.538877 55 45 45
-2.767103 2.158607 15.370217 215 210 204
-1.509097 2.376537 16.287041 159 158 158
-1.466499 2.382969 16.202262 67 63 62
-3.480705 2.325961 15.982240 208 204 199
-2.797272 2.213784 15.403141 95 78 71
-3.428046 2.360445 15.833524 224 217 211
0.911090 2.309049 15.465069 237 230 224
0.911462 2.308307 15.462689 237 230 224
-3.778417 2.427552 15.892677 177 174 167
0.555712 2.517677 16.125781 137 149 142
-3.427885 2.448616 15.761445 63 51 51
0.410744 2.579979 16.146381 93 82 76
-1.345088 2.498102 15.797074 42 52 54
-1.344696 2.495420 15.785097 42 52 54
-3.389667 2.497286 15.763287 74 50 45
-3.389650 2.496752 15.761692 74 50 45
-1.331725 2.562938 15.904264 34 36 41
1.639756 2.306287 14.777754 216 204 199
-2.861148 2.465847 15.482457 90 81 89
-2.861174 2.465610 15.482368 90 81 89
-1.361342 2.536602 15.686701 38 39 44
0.888689 2.544766 15.570419 64 62 75
-2.662288 2.587190 15.386658 125 121 124
-2.634009 2.527823 15.176668 125 121 124
-0.036997 2.708426 15.831209 16 19 37
-3.413379 2.507469 15.012937 120 143 60
0.872844 2.742460 15.810745 189 178 186
-1.203407 2.791138 15.595326 45 41 30
0.981470 2.935802 15.667743 196 185 193
-0.778222 2.848150 15.291960 157 160 168
-3.279008 2.796340 15.093976 86 92 90
-3.605769 2.765395 14.764172 98 109 92
-2.930499 2.792329 14.652390 30 48 7
0.446084 3.047916 15.396080 140 137 130
-3.440848 2.916656 14.996625 107 113 99
-3.530609 2.931648 14.981490 102 110 90
1.125451 3.063911 15.264854 128 128 136
1.264954 2.975390 14.787067 229 219 210
-1.275926 2.581738 13.367749 188 176 178
-1.275844 2.582010 13.368562 188 176 178
1.372809 2.941667 14.515224 211 209 210
-0.650389 3.133360 15.171436 36 31 35
-1.360767 2.603078 13.342535 172 161 165
-3.202110 2.981741 14.580389 35 38 20
-3.201220 2.979033 14.569847 35 38 20
0.362599 3.166039 15.117256 108 105 112
0.415439 3.247746 15.102782 109 109 110
-2.945673 3.063218 14.495014 139 121 117
1.327525 3.129085 14.560177 171 163 153
-2.536487 3.021458 14.206823 92 67 70
1.118541 3.320957 14.949868 85 81 78
4.868482 -13.080134 41.611492 122 125 130
6.498611 -13.004310 42.305194 154 163 170
-3.229840 -11.832456 37.935255 99 85 85
-4.671838 -11.727033 37.662660 222 220 227
0.849506 -12.263192 39.807361 67 71 80
1.159323 -10.504326 36.378677 131 108 110
4.152165 -4.926134 28.801034 67 57 48
2.202873 -3.616768 27.010989 40 48 25
-0.212620 -3.267727 25.884330 111 117 86
-0.144730 -3.195266 25.901931 36 35 19
1.805247 -2.734219 25.166762 169 169 177
2.306467 -2.184669 21.844065 35 58 18
2.484495 -2.140755 21.718918 23 47 11
2.485805 -2.141134 21.727868 23 47 11
1.142318 -2.309051 24.561127 77 65 49
-0.207661 -2.211991 24.226437 51 52 37
-0.207155 -2.212335 24.229388 51 52 37
-1.628921 -2.072692 21.403847 156 146 143
0.261241 -2.132197 23.551121 35 39 44
-2.857917 -2.016577 22.636325 225 216 217
0.647466 -1.935967 23.839671 45 32 31
0.217769 -1.878111 23.595064 70 47 47
-0.262637 -1.802071 23.384901 71 41 39
-1.247366 -1.648443 20.540825 59 47 57
-1.250420 -1.645948 20.532969 59 47 57
-2.793178 -1.735586 22.763358 102 81 80
-4.448678 -1.660779 20.930831 212 206 210
-2.232493 -1.640058 21.653516 231 227 228
-3.331087 -1.610260 22.114162 200 209 216
-3.334229 -1.610878 22.138405 200 209 216
-1.120364 -1.518708 20.484022 100 98 103
-4.364760 -1.550066 20.773764 214 208 212
-2.743225 -1.558569 22.394213 37 38 42
-2.303713 -1.514365 21.839603 68 64 66
-2.303671 -1.514141 21.839809 68 64 66
1.395611 -1.500864 23.386900 133 119 109
-0.593621 -1.374871 22.423993 70 52 52
-2.116194 -1.356405 21.456396 241 239 242
-0.268766 -1.361787 22.650751 70 56 53
-2.701008 -1.369375 22.338692 153 140 134
-4.259943 -1.349212 22.122191 150 151 146
-3.355054 -1.330681 22.020512 104 106 115
2.382255 -1.240558 23.066262 108 110 79
-2.236551 -1.247410 21.800805 213 210 211
-3.652545 -1.230209 21.910538 195 195 205
-3.340665 -1.236743 22.062915 112 113 118
-3.136261 -1.113748 21.614069 49 52 62
1.892690 -1.057600 22.733457 47 57 20
-3.854326 -0.839903 21.332109 176 171 169
-1.926995 -0.801564 20.651650 69 72 57
1.254167 -0.744040 21.677180 88 111 49
0.792152 -0.711178 21.399631 63 85 37
-1.472389 -0.695044 20.233888 233 225 217
0.551177 -0.605219 20.886799 96 119 63
0.358720 -0.541256 20.807510 23 39 14
-2.143994 -0.482947 20.554474 172 162 153
-1.475448 -0.463404 20.286357 156 149 154
1.933744 -0.375232 21.500484 50 46 26
-2.441846 -0.392537 20.357524 114 116 129
-2.441627 -0.392662 20.358054 114 116 129
1.371333 -0.325966 21.263685 79 88 45
-2.241213 -0.328308 20.570541 126 121 125
-0.220869 -0.341857 19.015139 106 110 119
0.972011 -0.200509 20.096702 104 124 53
1.130965 -0.167618 20.037763 130 147 67
-1.349062 -0.094219 20.191871 174 174 181
-3.424227 -0.131662 19.661652 133 140 158
0.920286 -0.001998 19.923015 115 137 55
0.041422 -0.085930 17.826542 122 117 123
-4.284398 -0.057030 18.206429 142 142 148
-2.920760 0.075069 19.850248 45 48 55
1.264644 0.165253 19.888068 82 89 48
-1.165563 0.146869 19.757218 49 33 29
-0.733058 0.195340 18.603661 126 125 131
-1.981295 0.345057 19.440016 47 51 63
-1.623209 0.363392 19.472745 131 129 132
-1.818330 0.362840 19.254709 75 88 105
-0.659193 0.349022 18.441515 212 213 215
-3.476251 0.286269 17.289377 117 97 90
-1.640516 0.509310 19.172608 44 46 58
0.871116 0.586002 19.534581 58 55 40
-1.256381 0.530921 19.035545 104 96 68
-0.810196 0.561642 18.919642 122 101 98
1.271652 0.669662 19.172657 101 122 53
-1.013471 0.734695 18.973280 118 114 103
-0.731642 0.849310 18.854261 80 66 66
1.677130 0.904116 19.135266 172 161 157
-0.298250 0.749020 17.736592 58 46 50
-0.645687 0.864935 18.647484 234 230 229
0.316759 0.813585 17.166887 104 103 108
-0.269487 0.927304 17.796591 131 132 137
-0.269487 0.927304 17.796591 131 132 137
1.605009 1.090415 18.983877 105 98 82
0.173849 0.950692 17.162056 137 136 143
0.383393 0.949427 17.005241 128 125 132
0.771842 0.932360 16.773208 134 141 149
-2.998830 0.894215 16.362109 127 112 107
-1.915797 1.234494 17.828204 241 248 255
-3.567743 1.118876 16.922779 236 232 233
-3.562343 1.113673 16.897553 236 232 233
-0.151883 1.267929 17.713281 71 72 76
-2.697103 1.053041 16.020418 132 114 106
-3.464566 1.206626 16.701832 248 242 242
-3.464566 1.206626 16.701832 248 242 242
-2.014461 1.434647 17.763179 122 122 132
0.052174 1.355479 17.096020 194 197 202
-0.587196 1.443190 17.555961 171 136 44
0.981718 1.278894 16.180813 195 198 203
-0.468725 1.505891 17.565344 76 46 36
-0.101030 1.673469 17.571028 159 145 137
0.323374 1.598095 16.547292 231 232 236
0.448399 1.582434 16.304000 165 169 178
0.279985 1.624708 16.494108 167 168 172
0.290947 1.725775 16.632042 240 240 240
-0.408619 1.838576 17.239432 145 138 126
-1.811977 1.794070 16.820286 92 78 78
0.116171 1.789977 16.398802 146 157 114
-3.144816 1.739817 16.199475 55 40 32
-3.134233 1.725371 16.138483 55 40 32
-3.946700 1.829755 16.693729 78 73 51
1.476236 1.677519 15.582687 53 55 67
1.453984 1.714045 15.689341 141 140 146
1.452011 1.712885 15.677767 141 140 146
-3.386284 1.811944 16.351117 110 90 78
-3.597348 1.903704 16.641353 117 101 88
-3.597348 1.903704 16.641353 117 101 88
0.646763 1.854196 15.878361 124 125 130
0.316206 2.098013 16.728154 217 225 228
-1.291401 2.059650 16.512576 64 80 96
-1.622991 2.119528 16.702369 157 154 155
-0.267693 2.165215 16.795405 106 112 127
0.716930 2.017069 15.768474 91 92 95
-3.655475 2.040945 15.976030 130 123 113
0.488525 2.197759 16.510390 209 211 205
-1.607491 2.300111 16.925624 119 117 120
-1.237708 2.371610 16.311907 58 51 58
0.780806 2.266217 15.785446 138 140 144
-1.886024 2.011884 14.660128 92 79 81
0.473501 2.386341 15.846045 91 87 86
-2.807641 2.422825 15.525252 51 32 34
0.759437 2.590062 15.959977 153 154 158
-0.042268 2.574658 15.911862 23 24 46
-1.289759 2.580742 15.877040 115 113 116
-3.279277 2.514336 15.446475 229 204 200
-3.279277 2.514336 15.446475 229 204 200
-0.139959 2.649237 15.870007 41 40 55
-2.736887 2.552744 15.516795 240 241 245
-2.096685 2.282111 14.408567 86 64 58
-0.105754 2.731768 15.824843 32 34 47
0.331728 2.779824 15.890281 129 126 111
-2.864209 2.697353 15.472891 94 79 78
-3.123034 2.684121 15.403598 55 57 47
-3.127737 2.687556 15.411406 55 57 47
0.998820 2.678712 15.204813 241 239 248
1.002897 2.687234 15.236014 241 239 248
0.079123 2.779817 15.446436 64 71 91
-2.976945 2.783893 15.227977 80 74 66
-2.654071 2.751019 14.901432 126 93 86
0.031255 2.948299 15.486964 104 105 110
-3.031896 2.767034 14.825257 21 27 17
-1.481586 2.512769 13.830085 89 77 80
-2.586303 2.762354 14.695046 119 95 85
-3.012967 2.774870 14.692027 101 119 72
0.728455 2.936176 15.161753 112 122 57
-1.427139 2.641831 13.836967 84 72 76
1.308792 2.948328 14.803541 130 132 134
-0.684648 3.054662 15.180187 43 39 48
-2.586994 2.871185 14.495376 95 74 77
1.252915 3.029931 14.870651 112 73 68
-1.511108 2.677922 13.622524 64 61 68
-2.942087 2.961823 14.376977 81 77 74
-2.942052 2.962394 14.379449 81 77 74
0.809023 3.169011 14.967809 27 32 18
-0.637010 3.199084 15.054605 118 117 122
-0.636983 3.197674 15.052001 118 117 122
0.590105 3.231341 15.130096 150 146 143
-3.152077 3.119642 14.719329 34 33 25
-3.120432 3.148950 14.690757 99 92 84
0.693439 3.305758 14.972005 140 135 136
1.442711 3.399192 14.700857 41 35 42
-3.017405 -12.558791 38.589531 156 143 136
4.398118 -10.213990 37.539636 60 54 58
4.398556 -10.214635 37.539082 60 54 58
0.660512 -9.344233 35.643146 145 122 100
2.309919 -6.364235 30.172841 99 92 88
0.143412 -6.480882 30.764205 114 123 93
-2.267124 -4.118817 26.558815 67 75 79
1.308842 -3.807089 26.888171 196 201 204
1.969097 -2.786298 25.298889 178 187 194
1.819188 -2.739356 25.129622 170 173 180
-2.957703 -2.376031 23.025556 158 137 140
-1.888939 -2.276968 21.778105 142 132 141
0.551770 -2.401419 24.329956 58 60 47
0.556580 -2.404258 24.354683 58 60 47
-2.031438 -2.235828 21.779622 139 138 143
-2.031504 -2.236012 21.781993 139 138 143
-0.605734 -2.225597 23.643726 92 97 76
2.685570 -2.072927 21.431687 31 52 21
0.200726 -2.173577 23.514500 125 137 137
-0.490420 -2.177574 24.097605 40 40 30
-0.490082 -2.177821 24.098940 40 40 30
0.672302 -2.147287 23.730123 126 114 98
2.738672 -1.996680 21.392257 66 89 50
-2.679803 -2.010511 22.567791 254 253 250
-1.616691 -1.923401 21.167957 102 98 89
-1.329775 -1.874656 20.850124 84 72 80
-3.420191 -1.717855 22.408248 222 224 231
-3.420046 -1.717928 22.408318 222 224 231
-1.323772 -1.615947 20.605609 64 53 52
2.333155 -1.605911 22.809994 36 43 30
-2.881621 -1.646782 22.629601 173 168 162
-3.076414 -1.647934 22.673845 210 206 201
-0.043562 -1.598701 22.618513 34 34 43
-0.042037 -1.600171 22.659601 34 34 43
2.288902 -1.489700 23.647972 58 57 39
-2.953450 -1.504734 22.445760 221 213 210
-0.836982 -1.380997 21.391219 94 88 90
-4.569896 -1.381702 20.104016 112 96 102
2.429337 -1.345801 23.400479 58 50 39
2.429337 -1.345801 23.400479 58 50 39
0.020081 -1.278569 22.752572 60 54 39
0.019021 -1.278523 22.729282 60 54 39
-3.735951 -1.221670 21.906915 115 112 122
1.936315 -1.143933 22.666379 102 111 64
2.076105 -1.095313 22.666862 42 63 22
-4.247121 -1.129904 21.530463 54 47 60
-1.721467 -1.005625 20.617965 173 171 167
-1.720732 -1.005504 20.610102 173 171 167
-1.822396 -0.968376 20.957880 62 42 49
-1.821877 -0.968826 20.976419 62 42 49
-0.402570 -0.964355 21.723763 42 46 29
-3.716586 -0.884760 21.337334 61 62 67
2.102645 -0.785518 21.484059 71 96 38
-1.822396 -0.822460 20.791075 68 60 49
0.009173 -0.741085 21.640027 86 92 66
-3.700878 -0.593985 19.183149 99 101 113
-3.645829 -0.513615 20.848537 93 93 96
-2.425975 -0.472159 20.725115 68 75 94
-1.533293 -0.394111 20.482540 198 196 197
-3.420059 -0.378956 20.532390 22 21 29
-3.127818 -0.297869 20.130988 96 98 135
0.436232 -0.258507 20.381534 90 87 81
2.003488 -0.209389 20.591471 80 99 54
1.297509 -0.168662 20.240341 79 101 42
0.286059 -0.163945 20.306790 45 26 30
1.165485 0.005478 19.781425 47 60 16
-2.001527 0.009278 19.691487 8 13 19
-0.961508 0.000481 19.147395 106 105 117
-3.288132 -0.092083 17.527041 76 73 80
-1.629766 0.044731 19.768703 53 55 45
-1.998304 0.089451 19.713062 198 203 214
-2.001768 0.090064 19.704486 198 203 214
-3.031383 0.099413 19.791584 30 27 38
0.008180 0.035841 17.928751 175 156 152
1.362002 0.185554 20.096749 35 41 11
1.158290 0.200062 20.057767 50 49 18
-1.939449 0.150002 19.554079 71 77 89
-0.793836 0.164098 18.654923 204 189 183
-3.227052 0.168005 17.184492 52 42 50
-2.643038 0.350688 19.400066 51 59 69
-2.643482 0.350383 19.392922 51 59 69
-0.686955 0.318028 18.559154 225 225 227
-0.619293 0.390765 18.301178 229 230 234
-3.205703 0.283185 17.111568 109 97 97
-1.782394 0.549722 19.117767 47 50 61
-4.412767 0.516323 18.668691 199 195 196
-1.290681 0.588704 18.986208 41 30 29
-0.957015 0.678880 19.184159 105 101 92
-1.339434 0.806553 18.425270 49 49 57
-0.966615 0.912538 18.634463 121 111 101
0.626566 0.750811 17.086999 93 89 88
-0.211406 0.898271 17.680382 235 230 229
-0.832928 1.018331 18.570279 113 100 92
-2.156899 0.994409 18.247014 230 238 251
1.344166 1.028455 17.913876 153 170 175
0.631893 0.931453 16.852224 136 130 133
-1.091851 1.119003 18.321122 148 148 148
1.528279 1.135607 18.288580 63 71 42
-2.984754 0.944502 16.310271 213 211 210
-2.076736 1.254649 17.767558 219 223 235
1.580034 1.227103 17.279430 44 62 32
-0.748856 1.404767 17.884994 125 116 113
-0.319530 1.507032 17.689607 69 33 35
-0.532871 1.517782 17.499467 64 24 25
-0.782477 1.526910 17.251121 64 71 89
1.447928 1.409030 16.412027 79 85 97
-0.193067 1.628429 17.743176 151 136 133
-1.758340 1.554482 17.296178 31 34 40
-0.611961 1.611217 17.470303 121 115 115
-3.943238 1.463827 16.569462 236 228 232
-0.215212 1.696909 17.676620 139 130 121
-0.242003 1.791668 17.493958 149 142 134
-3.933369 1.707120 16.772444 124 112 112
-0.181551 1.860076 17.384683 155 147 137
0.394600 1.749477 16.526678 148 149 154
-0.012262 1.734395 16.396306 143 149 103
-3.638335 1.918370 16.610985 145 131 118
-3.645431 1.922858 16.644575 145 131 118
0.298103 2.008171 16.882188 179 179 188
1.020250 1.847220 15.694973 113 113 115
-1.529143 2.066031 16.775808 138 131 128
0.465613 2.154784 16.559434 26 26 34
0.462947 2.134568 16.465131 26 26 34
-0.303404 2.169256 16.593426 51 60 76
-2.049842 1.790303 14.661282 136 115 110
0.933602 2.014757 15.589844 99 99 100
-3.834720 2.357587 16.104599 153 149 143
0.527557 2.411714 16.183413 37 35 29
-1.384676 2.391370 16.110558 43 37 39
0.510509 2.543557 16.169597 35 34 40
-1.192744 2.539243 15.851418 127 126 122
-3.084888 2.448955 15.355105 58 44 32
0.938864 2.541727 15.561776 239 237 243
-1.319807 2.614002 15.796587 27 28 30
-3.320085 2.473786 15.082401 129 145 43
0.110129 2.758454 16.048594 94 110 144
0.234954 2.784296 15.799152 124 122 125
0.486960 2.803226 15.671234 135 124 124
0.470183 2.788807 15.604840 135 124 124
-2.801418 2.750491 15.380244 124 108 101
0.091011 2.804883 15.530890 61 70 90
-3.243266 2.783587 15.401625 81 81 73
-2.842380 2.734346 15.251220 81 70 64
-1.002540 2.849748 15.560392 152 146 146
-3.591966 2.705445 15.054401 35 36 28
-3.540724 2.747859 15.199606 22 25 14
0.980177 2.924816 15.782779 212 200 209
0.871494 2.952601 15.789439 84 89 71
0.352355 2.913117 15.590923 112 111 107
1.280768 2.804623 14.655885 224 215 210
1.230347 2.934755 15.090914 238 231 231
0.703397 3.020919 15.220067 32 28 8
-0.990719 2.731087 14.094060 132 122 123
-0.639646 3.013173 15.086157 203 201 212
0.433479 3.111157 15.327289 157 152 149
1.213774 3.039788 15.055430 152 127 119
-3.190219 2.905083 14.606361 74 95 39
-2.853830 2.933620 14.578290 26 25 20
-2.941635 2.935279 14.472534 24 27 20
1.344180 3.404341 14.769481 237 236 236
-8.156212 -13.667083 41.547482 205 205 204
2.258190 -13.206713 41.030035 117 100 101
5.770676 -13.318809 42.145020 119 113 120
5.766582 -13.310368 42.138608 119 113 120
-4.166863 -11.884533 37.871228 208 213 219
-2.002499 -7.097448 30.191707 54 68 50
-0.333504 -4.354352 27.474815 67 58 50
1.504243 -2.924191 25.069869 88 79 84
1.576027 -2.571232 24.987328 112 78 68
2.309983 -2.589910 25.378702 67 49 47
2.355035 -2.347987 22.039414 96 117 61
2.530017 -2.551686 25.224205 28 21 18
2.432179 -2.378278 24.707716 154 135 119
1.816275 -2.378650 24.739025 210 197 189
-1.013252 -2.299461 23.782438 76 57 61
1.368007 -2.315273 24.521871 51 64 38
-1.189307 -2.180176 22.312366 146 114 119
0.016731 -2.237744 23.996443 40 43 33
1.015861 -2.212712 24.021972 120 108 91
-1.578122 -2.000277 21.130661 169 159 159
2.793470 -1.909009 21.394382 15 34 14
0.872443 -1.987175 23.912883 30 31 36
-0.562295 -1.874549 23.141351 72 47 43
2.312342 -1.781460 21.764955 83 98 67
0.103760 -1.835969 23.618098 47 35 35
-0.920883 -1.743048 22.990847 43 37 45
0.761055 -1.602149 22.949289 72 58 45
-0.193224 -1.601526 22.861976 41 33 46
0.467295 -1.561615 22.856913 68 54 43
-4.469827 -1.457127 19.758885 119 108 109
1.741829 -1.459507 23.435445 53 66 41
-0.129288 -1.399796 22.654307 66 53 47
2.339313 -1.376566 23.502661 111 110 70
2.354665 -1.377209 23.595779 111 110 70
0.596255 -1.350858 22.931530 104 105 84
0.596255 -1.350858 22.931530 104 105 84
0.137086 -1.279186 22.746467 122 113 98
-0.232144 -1.232911 22.600680 72 63 56
-0.364643 -1.209251 22.480187 76 68 55
-2.038442 -1.192820 21.246733 239 241 242
-0.538713 -1.200734 22.517123 61 51 50
-0.744256 -1.040748 19.319687 97 91 93
-4.166064 -0.948489 19.102388 100 102 115
-4.167851 -0.949109 19.124076 100 102 115
-4.017498 -0.773994 18.749764 97 99 111
1.770200 -0.583411 21.859141 35 40 17
-3.413933 -0.594083 20.706488 118 126 136
1.383076 -0.521353 21.470758 52 54 42
1.960126 -0.510223 20.271344 59 59 33
-2.055651 -0.466535 20.666702 52 42 40
1.977766 -0.360396 21.104178 86 96 50
-1.477121 -0.202562 20.400642 125 98 91
-0.680476 -0.142652 18.815070 159 157 160
-2.896159 -0.105966 19.783757 99 109 119
-3.536566 -0.146385 17.893936 100 89 95
-3.536566 -0.146385 17.893936 100 89 95
-1.269584 0.039603 19.890357 196 195 199
-1.513451 0.036809 19.841985 51 51 39
-1.371168 0.075566 20.024567 36 25 24
-1.176478 0.118779 19.749470 61 37 35
0.147897 0.075791 17.934164 88 76 71
0.511001 0.204911 19.575634 30 38 44
0.520946 0.212839 19.663257 30 38 44
0.817204 0.257438 19.790882 34 33 39
-3.003441 0.249920 19.609007 145 144 149
2.125634 0.345385 20.444312 59 53 27
-1.692881 0.265909 19.587275 134 132 127
0.146042 0.173939 17.939326 135 115 111
1.960643 0.368900 20.377265 58 56 31
-3.358855 0.203092 17.160902 60 48 48
-4.195431 0.277754 18.011689 220 221 223
-4.195431 0.277754 18.011689 220 221 223
-1.221562 0.571872 19.179020 104 98 62
-0.786066 0.600872 18.932040 95 76 77
-0.602156 0.636770 18.493616 128 112 99
1.308968 0.812691 19.034495 32 39 23
0.297279 0.706212 17.307607 138 133 139
1.654560 0.974602 19.069796 40 30 25
1.654275 0.974545 19.068797 40 30 25
-0.128710 0.919125 17.536458 102 90 90
-2.590869 1.011185 18.230034 36 22 35
-2.590869 1.011185 18.230034 36 22 35
-1.436590 1.044581 18.457718 112 113 118
-0.817876 1.082959 18.296987 72 39 40
-0.532805 1.163995 18.417304 182 155 136
-2.026656 1.189837 17.798095 96 104 117
-2.026656 1.189837 17.798095 96 104 117
-0.626486 1.280339 18.240209 194 179 156
-0.305605 1.357663 18.039595 114 78 66
-0.305720 1.354329 18.019216 114 78 66
0.025274 1.250725 17.210095 237 240 246
-2.283313 1.349686 17.552000 114 100 104
-2.499237 1.104112 15.782587 49 39 37
-2.627140 1.143081 15.736201 61 51 50
-0.107078 1.471902 17.612813 195 194 192
-3.503730 1.374521 16.795278 107 70 56
-2.310344 1.267460 15.987538 136 125 120
-0.796412 1.593560 17.215449 133 156 162
-3.771723 1.771296 16.859595 118 99 85
-3.140602 1.769007 16.078908 64 46 34
0.460224 1.870357 16.503878 230 231 233
-0.174895 1.957368 16.756944 55 49 28
-3.698437 1.910751 16.521276 135 122 106
-3.645164 1.973483 16.555054 105 91 78
0.381663 2.059773 16.722852 92 93 95
0.382815 2.057045 16.710454 92 93 95
0.817147 1.976030 15.763751 126 127 131
-1.276457 2.166716 16.378685 231 245 254
-0.500362 2.739609 19.092813 109 110 115
-0.377317 2.239557 16.336376 27 30 37
0.277119 2.166582 15.953233 117 126 79
0.348811 2.260425 15.761088 61 73 33
-1.323301 2.400426 16.230286 154 150 151
0.419987 2.352310 15.799973 94 99 61
0.659629 2.402328 15.979998 116 124 127
-1.359225 2.402831 15.964713 36 32 34
-2.567028 2.277314 15.015864 106 91 88
0.001204 2.580501 15.846634 31 29 51
0.392941 2.704489 15.872392 63 61 40
0.739734 2.711278 15.797026 54 54 64
-3.092139 2.623655 15.370520 21 26 12
-3.092597 2.622806 15.365984 21 26 12
0.528103 2.727209 15.590292 62 47 86
0.679861 2.656716 15.243089 86 109 52
-0.658441 2.783698 15.528831 228 239 245
-3.152509 2.737076 15.318059 53 49 47
0.364302 2.861649 15.685009 127 126 120
-1.191534 2.829547 15.557502 133 126 120
-1.195812 2.835393 15.585838 133 126 120
-0.906145 2.889190 15.584036 159 153 155
-2.765572 2.776783 14.958582 27 22 18
-2.764712 2.775701 14.954932 27 22 18
-3.130431 2.759039 14.791986 18 18 19
-0.853801 2.981855 15.429131 137 131 133
-2.861645 2.888889 14.776990 40 51 27
-2.758287 2.905892 14.611314 30 30 22
-1.562865 2.685333 13.594258 169 171 181
-3.285056 3.004196 14.543209 41 42 26
-2.143387 2.935502 14.189366 246 236 237
0.748275 3.179646 14.935165 119 127 140
-2.879771 3.004063 14.201406 144 124 116
-0.746879 3.270943 14.998574 85 84 89
-3.160275 3.173973 14.622238 126 123 115
-3.420463 -12.399573 38.503855 127 110 103
2.200213 -12.750265 40.335979 185 186 188
6.404918 -13.116388 42.303953 185 192 198
-4.095713 -11.516072 37.923198 204 214 216
3.900416 -4.633462 28.891297 140 121 100
-0.876708 -4.435622 27.288049 40 45 46
1.410981 -4.057657 27.237850 153 158 151
0.385810 -2.191291 23.562839 28 34 44
2.378702 -1.986671 21.877714 32 47 26
-1.057806 -2.076987 23.129698 155 154 146
1.087480 -1.425901 23.165687 89 80 63
-0.353832 -1.334359 22.535309 109 98 92
-0.352853 -1.334601 22.534434 109 98 92
-4.105690 -1.297808 21.849876 91 103 126
-3.222690 -1.214579 21.889503 74 74 86
-1.741194 -1.180559 20.663874 106 102 104
-4.145070 -1.155056 21.750980 134 133 134
-2.905630 -1.131188 21.435008 50 46 63
2.016750 -0.910772 22.219520 46 71 31
2.029029 -0.905221 22.359984 46 71 31
0.615901 -0.779108 21.953015 98 114 62
0.276059 -0.762902 21.358681 80 95 52
-3.687811 -0.776186 21.032978 161 158 151
-1.831904 -0.684834 20.872081 36 35 30
-1.477912 -0.592005 20.379516 225 222 214
-1.477912 -0.592005 20.379516 225 222 214
-3.998130 -0.581767 18.368041 91 93 106
-1.344009 -0.496626 19.679535 216 215 217
0.035325 -0.437714 21.074193 60 50 51
-3.799386 -0.529445 18.458800 103 112 121
0.971692 -0.068751 20.244618 101 123 41
1.320927 -0.043401 19.831492 87 101 39
0.609721 0.099175 20.014380 104 97 95
-1.481795 0.129960 19.780937 172 172 162
2.012891 0.257507 20.470718 117 80 45
0.955822 0.227902 19.901520 32 35 42
-1.860813 0.236749 19.276766 130 135 155
-2.819801 0.523737 19.078982 103 103 105
1.044298 0.588945 19.023102 102 123 64
-1.130326 0.689837 19.074759 112 108 99
1.166567 0.835809 19.031076 35 47 27
-0.840743 0.850257 18.894789 175 160 153
0.263350 0.759196 17.272723 115 113 118
-1.005203 0.971783 18.467146 45 37 34
-2.894297 0.757540 16.395654 150 133 125
1.681168 1.124370 18.939869 188 185 182
-2.261908 1.018641 18.197094 227 237 243
0.168419 0.931666 17.189123 122 121 126
-0.019064 1.047684 17.294215 96 97 101
-2.540486 0.971581 15.878068 127 112 114
-0.923198 1.359989 17.690903 46 57 75
-0.315446 1.448894 17.873567 198 175 152
-0.198596 1.495576 17.782280 67 42 38
-3.388342 1.402562 16.604960 255 246 247
-0.025295 1.610760 16.644709 234 237 246
-3.877325 1.710957 16.846594 95 58 52
-0.272969 2.015172 16.927532 178 169 154
-0.272969 2.015172 16.927532 178 169 154
-1.820007 2.011319 16.843855 170 167 167
-0.376118 2.030433 16.679381 57 62 72
0.144643 2.153448 16.841916 207 211 220
0.144643 2.153448 16.841916 207 211 220
-0.591440 2.140096 16.697998 122 123 125
-0.490847 2.131706 16.655054 31 31 38
-2.995941 1.962926 15.693457 93 84 80
0.100434 2.309481 16.451197 47 49 36
-2.828090 2.074948 15.186105 95 91 87
0.420999 2.217910 15.727001 145 147 106
0.232411 2.463471 16.294410 45 43 31
-2.711909 2.244304 15.293015 246 237 230
-2.713068 2.245358 15.300377 246 237 230
-2.225619 2.211428 14.555090 121 97 87
-3.570508 2.485953 15.189072 146 159 80
-0.773475 2.800938 15.465071 228 231 241
-0.773475 2.800938 15.465071 228 231 241
-2.904556 2.778708 15.251356 119 112 105
-2.866213 2.784368 14.932129 22 12 20
-3.271936 2.810795 14.868207 16 17 15
-1.665692 2.574149 13.778397 134 133 147
-3.255179 2.884781 14.564896 49 57 34
0.877600 3.082043 15.129739 34 41 25
-4.921172 -11.824627 37.777400 99 84 88
-3.803171 -10.805237 37.290628 73 73 92
-3.543880 -9.027883 34.463535 72 82 59
-1.270044 -4.469269 27.434505 78 79 63
2.220996 -2.922379 25.436696 33 31 34
0.884318 -2.011956 23.958747 31 31 36
0.987830 -1.592686 23.148598 65 50 45
1.286653 -1.619953 23.327777 77 64 59
2.483950 -1.510412 22.118027 26 38 26
-3.116791 -1.515478 22.264198 82 80 91
1.380387 -1.455625 23.282502 126 116 104
-1.741744 -1.347028 20.805438 207 206 210
-2.745534 -1.314742 22.299159 155 143 136
2.392479 -1.124103 22.334935 30 46 20
2.153531 -0.949884 21.313761 64 88 24
1.749262 -0.755672 21.873506 73 79 65
1.744332 -0.753694 21.847389 73 79 65
0.070615 -0.677647 21.187809 88 98 63
-3.571167 -0.660886 20.738141 41 41 53
-1.182936 -0.498218 19.467719 103 99 100
-0.401537 -0.455424 18.806857 179 179 177
2.066643 -0.380273 20.634155 90 108 47
0.534702 -0.303330 20.472455 233 233 241
0.534702 -0.303330 20.472455 233 233 241
-0.026533 -0.326030 19.622152 138 141 150
-2.372176 -0.306119 20.282691 128 124 123
-2.045408 -0.250931 20.300554 42 41 52
-3.207544 -0.194627 19.955201 70 67 78
-0.056178 -0.051214 18.127586 77 56 55
1.413874 0.154937 20.145717 41 51 22
1.073701 0.299931 19.865893 130 103 64
-1.953256 0.365175 19.363303 49 51 65
-1.963038 0.369911 19.468844 49 51 65
-1.312513 0.408489 19.582419 114 105 72
-0.802314 0.385819 18.523551 136 128 126
-1.509026 0.499590 19.024255 131 122 123
1.910539 0.584597 19.631499 107 108 102
-3.540834 0.366965 17.256593 143 123 116
0.399053 0.562067 17.313122 155 144 148
0.263958 0.604622 17.392597 109 89 89
-1.598662 0.738797 18.653440 61 65 76
-0.483205 0.772027 18.361255 64 39 42
-2.480738 0.965459 18.413762 97 96 101
-0.744512 1.060203 18.363569 72 38 39
-2.054070 1.083485 17.880285 230 243 251
-2.054070 1.083485 17.880285 230 243 251
-0.144576 1.063308 17.501604 240 241 236
-0.658758 1.339538 17.535541 79 52 40
0.216662 1.562051 16.839380 233 238 233
0.077476 1.714057 16.551291 105 118 58
-3.644648 1.761412 16.777616 94 81 69
1.310514 1.704967 15.546417 62 52 50
1.240310 1.863699 15.498180 74 65 58
1.062152 1.900276 15.599789 130 131 126
-1.533693 2.306660 16.121722 151 152 156
0.580274 2.597753 16.108893 32 30 33
-2.447648 2.582846 14.764883 249 243 236
-1.144667 2.626849 14.200740 65 53 65
-3.463541 2.813036 14.858753 16 16 16
-2.778963 2.835323 14.755121 103 96 88
1.148109 3.210485 15.311311 51 36 42
-0.714348 3.177394 15.056685 131 131 131
1.059901 3.274857 15.280568 93 86 76
-6.243296 -11.361969 36.630049 90 83 96
-4.963190 -8.026422 32.821897 53 46 48
0.964677 -6.062864 31.125752 85 30 35
-1.398142 -2.359173 22.189108 145 158 174
-0.440673 -1.840868 23.289281 54 29 25
-1.464252 -1.590939 20.774342 204 204 206
-0.717101 -1.649410 22.855807 178 179 184
-0.717101 -1.649410 22.855807 178 179 184
0.713030 -1.530998 23.057326 81 71 61
-1.916645 -1.451324 21.099349 93 87 85
-0.152539 -1.343122 22.548920 68 55 54
-4.380258 -1.327871 21.902639 206 206 214
-3.918948 -1.145134 21.581590 63 75 116
1.975610 -0.992762 22.494413 42 63 20
1.313397 -0.835554 21.727639 91 110 54
1.327290 -0.848326 21.709419 91 110 54
1.518295 -0.658312 21.780142 26 39 20
1.497788 -0.662108 21.631677 26 39 20
2.004661 -0.645918 22.142709 47 49 39
-3.897123 -0.702433 19.826125 99 101 113
1.027231 -0.317866 20.959979 106 112 71
-2.107271 -0.116736 19.776460 247 252 255
-1.452457 -0.000693 19.768329 59 56 39
-1.532458 0.290624 19.510154 75 51 51
-3.113810 0.279406 19.349218 219 222 230
-1.059763 0.379672 19.658448 178 178 174
0.933925 0.505090 19.499937 54 65 30
-0.657672 0.443114 18.506330 239 238 242
1.541013 0.631925 19.631491 123 135 100
1.727416 0.764134 19.378815 58 30 26
1.725101 0.764184 19.371311 58 30 26
1.041167 0.767848 19.119760 35 47 23
1.382479 0.785853 19.140091 41 55 26
-2.517046 0.731180 18.748500 25 25 35
-1.423740 0.703771 18.395948 144 156 169
-0.661642 0.777537 18.634134 128 132 133
-2.287739 0.887497 18.556026 66 70 73
0.761993 0.828953 17.243266 82 79 88
-2.702653 0.964118 15.995950 69 53 56
-0.417314 1.419387 17.738556 197 180 152
-2.112417 1.594892 17.399583 162 156 156
-2.149934 1.575086 16.684570 77 64 73
-1.038665 1.735916 17.406690 106 107 112
-0.774244 1.724423 17.273771 19 16 23
-0.774343 1.723740 17.269768 19 16 23
-3.778881 1.968199 16.295896 78 67 45
0.572871 2.014941 16.100935 234 235 239
0.236675 2.136606 16.321889 20 25 31
-3.597696 2.235352 16.125207 94 86 75
0.279796 2.787631 15.790606 121 120 117
-3.374114 2.587996 15.007288 117 145 29
-3.371985 2.584208 14.989915 117 145 29
-2.710299 2.646948 15.211554 56 36 37
-2.627772 2.851692 14.647923 48 26 30
-2.626665 2.850856 14.645928 48 26 30
-2.317556 2.947955 14.291479 85 64 65
-5.899925 -8.465797 32.757709 222 227 233
-1.396788 -2.090603 21.429321 39 51 63
-0.949718 -1.842954 22.886659 53 29 33
1.923921 -1.242423 22.901781 87 97 45
1.925671 -1.243738 22.916694 87 97 45
-4.286866 -1.232311 20.152325 79 67 69
-1.950164 -1.142699 21.129490 224 227 227
1.033070 -0.779156 21.853072 88 107 63
0.660579 -0.716645 21.594458 78 94 46
-3.313765 -0.665187 20.811939 113 113 122
0.895715 -0.485099 21.356697 38 46 23
1.855104 -0.167609 20.852736 25 36 18
1.855147 -0.166024 20.868798 25 36 18
1.599552 -0.144380 20.933155 27 42 21
0.667233 -0.105738 20.490444 31 31 33
-0.766879 -0.160902 18.831140 158 158 160
-2.864382 0.329984 19.389693 41 40 48
1.353555 0.471008 19.898219 50 58 20
-0.518386 1.031241 18.405312 66 36 37
-1.215017 1.054365 18.679287 116 116 118
0.389869 0.968018 16.917165 112 111 119
-0.560751 1.279789 18.402694 195 179 154
0.158858 1.228533 16.873641 120 121 125
-2.532425 1.259381 15.603024 136 113 95
-3.252121 1.557137 16.243643 255 255 248
0.286678 1.802175 16.853074 220 221 225
-1.941323 1.914905 14.637421 70 55 53
-0.249611 2.335586 16.370541 28 26 37
-0.250665 2.333472 16.362114 28 26 37
-2.622243 2.471603 15.198740 209 210 210
-1.208852 2.698728 15.681579 43 45 37
-3.250907 2.602744 15.288842 25 24 19
-0.762008 2.915589 15.370371 157 158 163
-0.564322 2.885724 15.102165 234 241 249
-2.886885 2.878669 14.497674 13 21 8
0.167116 -10.652735 36.241854 82 79 86
-0.058347 -5.199742 28.732563 164 164 172
-2.837723 -2.759511 22.921247 116 91 88
-4.578226 -1.296685 19.760502 147 129 122
0.160854 -1.152402 22.388520 92 99 52
-0.209614 -0.839646 21.604625 28 33 26
-3.861595 -0.762081 21.088781 161 155 154
0.716968 -0.079354 20.584532 24 23 21
1.753790 0.136548 20.450892 82 95 46
-0.649320 0.067087 18.645625 120 121 125
0.226824 0.231274 17.822107 122 102 101
-1.006143 1.210268 18.082226 145 140 136
-0.982944 1.486382 17.512211 33 36 43
-1.702834 2.114593 16.922922 144 142 144
-0.434948 2.144312 16.737016 47 50 65
0.502943 2.547690 16.057743 29 28 33
0.107931 2.857050 15.546782 29 18 35
3.960471 -11.285692 37.945260 71 80 97
-2.159275 -6.636980 30.123501 29 34 30
-1.663166 -2.460298 22.237937 144 157 173
-2.564994 -1.852256 22.388071 194 188 190
-2.564994 -1.852256 22.388071 194 188 190
0.257288 -0.443240 20.960715 51 57 49
1.114729 -0.189413 20.359582 42 59 7
-3.251982 0.148890 17.986460 79 69 77
-3.290245 0.384207 17.244059 146 123 117
-2.146139 1.729973 14.816194 127 103 91
-0.036944 2.450708 16.239597 124 123 119
-1.037153 2.875145 15.512261 125 122 117
1.975006 -2.071629 23.970067 200 208 221
1.975006 -2.071629 23.970067 200 208 221
-1.848419 1.840129 15.139704 78 68 69
-3.242570 2.069004 15.721453 92 86 86
-0.103988 -1.761276 22.742417 68 54 49
-2.012983 -0.573101 20.775352 42 51 30
-0.879914 1.570499 17.565595 69 73 95
1.166208 1.122115 16.889065 155 168 177
-0.117604 2.082867 16.494789 114 84 73
-2.704820 0.816994 18.443069 115 123 133
-0.165488 -1.547997 21.942123 41 41 49
-2.127152 2.128542 14.569811 89 72 61
-4.537924 -1.425119 22.226873 142 140 147
-2.059733 1.777179 14.758133 141 120 119
0.622374 2.168769 16.081424 62 64 62
0.646329 2.485526 16.173688 117 118 121
-2.467049 2.524113 14.709933 213 203 200
-0.877893 -2.525336 24.006604 64 55 59
-2.694498 -2.312456 22.437642 102 87 84
2.715432 -3.093595 26.118351 217 224 170
2.718631 -3.095059 26.138036 217 224 170
-0.683023 -2.491447 24.266848 117 111 113
-0.683226 -2.494861 24.299513 117 111 113
-2.717153 -2.095741 22.589077 253 243 242
2.853619 -3.178441 26.113298 150 161 141
-2.960082 -1.894059 22.916897 113 81 88
-4.281211 -1.450739 22.245838 51 50 39
-1.333651 -2.809716 24.483134 93 76 85
-1.134385 2.486106 15.485776 108 103 100
-1.407989 1.966293 16.653008 51 54 66
-1.246077 2.085740 16.454424 78 94 108
-1.302527 1.959184 16.553176 229 237 248
-1.406039 2.026163 16.733192 48 57 68
1.046745 -12.741073 40.025037 114 100 110
0.319026 -10.131162 36.348330 134 137 144
3.456672 -10.133744 37.163980 106 109 118
-5.062001 -9.197622 34.605965 60 73 73
-1.190355 -6.849746 28.622983 32 44 22
0.263451 -7.583658 32.075400 27 41 5
0.261698 -7.561530 31.947201 27 41 5
-1.611615 -6.325036 29.091432 65 78 52
-1.674303 -6.279493 29.218244 67 81 56
-1.374899 -6.178554 29.038439 63 74 60
3.530182 -6.426607 30.780183 224 211 218
3.051515 -6.371834 30.601943 234 223 225
3.051515 -6.371834 30.601943 234 223 225
-2.161193 -5.972859 28.857856 47 74 19
-2.210378 -5.893532 28.766125 39 68 10
1.573346 -6.074928 30.055576 234 228 233
-0.068245 -6.088563 30.159988 27 28 32
-2.100821 -5.742505 28.693588 95 124 76
1.372551 -5.821126 30.246673 63 26 11
1.518630 -5.786738 30.182887 47 34 44
-1.530002 -5.477140 28.265821 58 71 28
-4.648915 -5.318363 27.182101 252 248 245
1.557189 -5.759542 30.213537 229 224 225
1.557189 -5.759542 30.213537 229 224 225
-1.647370 -5.423176 28.284717 50 63 22
-2.138264 -5.333744 28.052013 152 155 131
-3.346017 -4.904620 25.468252 77 59 57
0.641050 -5.506866 29.507406 36 50 17
0.057029 -5.267423 28.739741 109 115 113
-3.029254 -5.073022 27.593586 28 42 15
-3.029254 -5.073022 27.593586 28 42 15
-2.074094 -5.047264 27.717424 148 162 141
0.814716 -5.105158 28.438584 36 60 26
0.828316 -5.139672 28.670606 36 60 26
3.013599 -5.011560 28.230416 176 180 187
-5.273736 -5.082309 28.035369 125 87 97
1.199585 -5.254862 29.712073 87 104 62
-0.037559 -5.076645 28.465802 127 129 134
-3.069867 -4.966001 27.566429 30 32 22
3.048548 -4.975913 28.257624 59 58 64
3.048548 -4.975913 28.257624 59 58 64
-3.889690 -4.582288 25.486173 185 140 133
2.967498 -4.951042 28.194816 39 37 42
2.490433 -4.890464 27.993964 197 192 195
2.967611 -4.906224 28.245757 61 54 56
1.410953 -5.105216 29.412741 168 170 167
-1.094672 -4.822945 27.937710 45 60 62
-4.981108 -4.694455 27.150208 62 59 44
-2.312696 -4.642743 27.227962 28 49 1
-3.996741 -4.393402 25.689969 206 172 170
-5.457623 -4.415636 26.761980 135 141 149
-3.857374 -4.202203 25.503004 245 215 206
-2.861546 -3.948201 24.006622 76 61 54
-4.727134 -4.327457 26.626286 177 178 173
-2.411695 -4.268316 26.626041 138 143 136
3.238019 -4.374805 27.917531 30 43 6
1.217699 -4.311598 27.320689 214 224 201
3.257358 -4.265431 27.787984 41 55 14
-1.036531 -4.182091 27.170794 55 64 72
-0.274576 -4.207068 27.428802 73 71 58
-0.143378 -4.169931 27.188904 120 115 112
2.077366 -4.110208 26.930800 67 83 27
3.398859 -4.198434 27.839730 50 60 26
-1.038246 -4.123065 27.021547 45 55 55
-0.875557 -4.122534 27.292074 57 59 49
-0.524642 -4.124072 27.354656 157 153 145
-0.008511 -4.049623 26.900925 236 230 232
-1.990060 -4.024467 26.528293 124 115 117
0.817909 -4.084441 27.264096 21 31 33
0.467236 -3.919781 26.785416 128 125 122
-2.237276 -3.883798 26.376759 34 21 30
-0.103317 -3.872471 26.841732 127 121 121
3.414586 -3.957830 27.951136 32 44 25
1.350012 -3.712049 26.732604 93 94 98
0.544296 -3.736001 26.859437 61 67 43
0.673009 -3.726530 26.821427 16 40 49
0.673081 -3.726454 26.820410 16 40 49
2.718544 -3.653946 26.729807 34 50 12
-1.363818 -3.628750 26.152751 115 111 107
-1.731374 -3.620851 26.049304 60 62 55
-3.789410 -3.456924 24.891784 144 139 135
-2.717781 -3.260573 23.284383 163 131 128
0.676271 -3.618418 26.789118 57 69 69
-0.708263 -3.552782 26.322169 90 88 49
-1.928733 -3.445714 25.767197 227 229 228
1.119563 -3.415255 25.845015 183 186 195
-1.783140 -3.419591 25.615095 76 82 62
1.138142 -3.353030 25.910251 240 240 249
0.878650 -3.342037 25.839747 246 244 245
-0.864692 -3.342454 25.687803 129 137 88
-0.256093 -3.343300 25.778932 115 121 82
-1.896821 -3.338883 25.604255 157 159 154
2.314014 -3.417695 26.832414 36 43 25
-1.997176 -3.028296 22.848322 55 55 63
-2.000366 -3.030884 22.872083 55 55 63
2.763066 -3.313289 26.251265 98 113 87
0.776717 -3.244713 25.557481 194 185 202
-3.989729 -3.222719 24.818076 201 197 195
1.987343 -3.251535 25.947915 71 62 57
2.815619 -3.260706 26.211870 176 190 175
0.313163 -3.247742 25.956351 51 49 54
-4.214942 -3.178965 24.769368 207 194 200
-2.215770 -2.960929 23.022007 59 45 45
-4.114180 -3.141760 24.810743 111 105 108
-3.121673 -2.958337 23.361847 228 211 204
-3.121673 -2.958337 23.361847 228 211 204
-3.788789 -3.092074 24.883905 129 118 109
0.511476 -3.094152 25.348224 223 216 223
0.511476 -3.094152 25.348224 223 216 223
-1.389164 -3.088198 25.223812 192 186 193
-4.130056 -3.019908 24.522591 188 179 163
0.228719 -2.973336 25.494212 60 57 51
-4.335697 -2.928675 24.473714 230 229 250
-5.521660 -2.959804 24.753165 154 154 158
-0.063776 -2.970974 25.543892 194 199 178
-0.064257 -2.970469 25.532075 194 199 178
2.769007 -2.928275 25.545805 58 71 40
-0.196101 -2.904687 25.014976 60 67 38
-4.488426 -2.896960 24.426123 206 213 232
-4.487612 -2.896482 24.420066 206 213 232
-1.346898 -2.874751 24.659865 58 45 52
0.269689 -2.900706 25.233096 88 87 84
-5.392212 -2.866448 24.499782 85 85 87
-0.731506 -2.706544 24.412194 22 34 41
-5.340664 -2.646494 23.837586 123 121 119
-3.736577 -2.527324 23.806886 56 46 37
-3.783830 -2.510400 23.906636 165 153 143
-0.435863 -2.436376 24.475804 77 88 50
-0.362640 -2.442919 24.532764 78 88 53
-3.161012 -2.403057 23.666210 78 64 64
-0.509437 -2.423661 24.438244 57 73 32
-1.994516 -2.211973 21.744085 139 136 146
2.328590 -2.133511 21.864451 109 124 85
-2.616207 -2.160513 22.250765 242 236 237
2.565383 -2.027361 21.553852 95 116 83
0.280226 -2.167417 23.514168 26 33 36
-2.766341 -2.113379 22.618472 147 120 122
-1.538280 -1.956407 20.616460 172 166 165
-1.510765 -1.967072 21.027381 88 82 87
0.191331 -2.103138 23.521419 27 26 29
2.600398 -1.894871 21.376486 101 122 85
1.506271 -1.927830 23.702948 51 66 41
2.292959 -1.777325 21.545560 77 101 66
-3.141512 -1.885096 23.185959 109 95 94
-1.349129 -1.697540 20.581679 209 189 191
0.914713 -1.667234 22.897318 59 51 29
-1.351750 -1.532433 20.620109 249 241 246
-1.351750 -1.532433 20.620109 249 241 246
0.610977 -1.610589 22.870331 88 77 60
-0.978851 -1.522214 21.214450 207 202 206
-0.938207 -1.524401 21.249732 99 93 93
-0.938551 -1.525829 21.289335 99 93 93
1.688951 -1.525753 23.465397 131 126 119
-2.824554 -1.484125 22.446065 20 15 21
1.163156 -1.472231 23.292884 125 113 99
-2.259698 -1.425434 21.695787 179 178 183
-3.274965 -1.360986 21.989013 128 127 136
2.695894 -1.284608 22.272681 65 76 52
0.691597 -1.315705 22.846677 74 73 44
-2.077172 -1.280193 21.365393 254 253 254
-2.108599 -1.265620 21.417115 120 109 116
-3.833078 -1.225850 21.926288 207 207 219
0.653503 -1.120060 22.083486 108 114 66
1.802267 -1.064726 22.713579 76 90 57
0.244604 -1.042946 21.929844 74 83 28
-3.940328 -1.055992 21.744707 113 108 110
-2.919557 -1.023766 21.314053 241 242 247
-2.365958 -0.656905 21.103773 84 74 73
-1.643311 -0.616496 20.569498 38 34 35
-1.663330 -0.588984 20.574359 221 216 220
-3.869481 -0.612434 18.296285 116 120 132
-3.907256 -0.611788 18.458756 116 120 132
-1.516371 -0.541484 20.181071 125 121 118
-3.905377 -0.556706 18.416902 163 163 175
-1.451226 -0.370253 20.394536 158 154 151
-3.696668 -0.387758 18.281056 109 117 128
0.092148 -0.297817 20.744029 71 73 68
-1.541914 -0.217069 20.044611 153 154 125
-3.625850 -0.287666 17.807256 107 110 119
-1.406368 -0.116564 20.323666 220 215 212
-1.254849 -0.117776 19.801195 136 134 139
-1.255451 -0.117553 19.809607 136 134 139
0.479922 -0.038623 20.525302 123 114 105
-3.562995 -0.150820 17.808261 109 94 95
-3.573283 -0.122182 17.795904 163 144 143
-1.224810 0.063224 19.844906 238 221 220
-0.140183 0.025388 18.197000 218 209 204
-3.439194 -0.021561 17.508679 112 93 91
-0.888308 0.130821 19.119331 116 94 80
-1.175661 0.192156 19.668843 92 81 77
1.424532 0.265727 20.131413 128 98 71
0.626723 0.261565 19.748154 105 91 63
-1.991261 0.298392 19.432489 54 56 69
-1.993949 0.299857 19.461397 54 56 69
2.233218 0.386323 20.446678 86 91 61
0.018629 0.241671 17.926102 105 80 74
-1.867635 0.403623 19.243114 178 182 194
1.588619 0.501490 20.133169 108 116 92
-2.574145 0.465764 19.093351 126 126 138
-2.983967 0.512005 18.907945 193 192 200
-2.986549 0.514430 18.923862 193 192 200
-1.680564 0.559270 19.128776 14 14 24
-0.934814 0.627744 19.250889 169 165 153
-4.128465 0.570338 18.049926 42 60 82
-0.406252 0.663972 17.822223 179 174 176
-0.406252 0.663972 17.822223 179 174 176
1.192111 0.750123 18.632567 165 174 151
-0.567081 0.742823 18.507065 226 216 217
-2.429350 0.737549 18.536346 10 15 27
-3.003379 0.597475 16.644109 179 161 151
1.480751 0.875638 19.339141 113 112 99
-0.762781 0.830090 18.793471 180 166 159
1.644332 0.930938 19.152299 36 21 24
-0.419798 0.835542 18.124698 249 238 242
-1.348778 0.875976 18.473866 53 47 51
-1.427976 0.888310 18.419511 57 35 41
-0.328311 0.903479 17.887890 162 163 167
-0.842093 1.030442 18.323609 144 116 107
0.687356 0.896856 16.779855 210 203 195
0.303581 0.958293 17.050839 92 90 95
0.303979 0.957541 17.048906 92 90 95
-0.846347 1.109696 18.248263 75 28 1
-0.440102 1.135818 18.320562 92 63 60
0.399193 1.038771 16.910121 138 136 139
-2.584411 0.963596 16.245080 89 80 85
-0.196911 1.285228 17.887919 210 200 208
1.077765 1.141759 16.441673 122 131 140
0.346686 1.179244 16.806156 124 123 128
-1.887222 1.291273 17.815414 181 183 196
-2.341153 1.270254 15.811506 89 77 81
-2.141557 1.513408 17.608902 130 129 127
0.982695 1.336623 16.085590 186 180 177
-0.192118 1.575557 17.826354 60 33 32
0.254233 1.502348 16.642020 251 251 252
1.427589 1.381851 15.551951 119 123 105
-0.031383 1.661880 17.473242 254 254 254
-0.658618 1.719991 17.358887 116 109 117
0.265911 1.645219 16.799044 150 151 153
0.782423 1.571911 16.114555 137 134 138
-3.632029 1.715844 16.938976 180 159 152
-3.541376 1.727517 16.939242 65 54 48
-3.962878 1.777596 16.794224 82 75 57
-3.314666 1.817003 16.234181 145 117 111
1.247455 1.809336 15.575331 100 87 79
0.180527 2.071754 16.965428 82 70 75
-3.772403 1.988048 16.392120 62 60 40
-1.931980 1.849258 14.507022 128 106 101
-0.340350 2.234590 16.264406 29 33 42
1.604397 2.007660 15.010480 83 82 85
-3.646616 2.191787 16.094582 92 82 73
1.592649 2.038878 15.023789 164 157 158
-3.688757 2.278163 16.088385 92 83 74
1.652321 2.124156 14.728515 169 138 135
0.620977 2.495810 16.191915 227 232 236
-3.446716 2.436253 15.821875 67 59 60
-3.450708 2.442026 15.843361 67 59 60
-2.747318 2.423749 15.385055 153 151 151
0.036892 2.607843 15.795823 68 75 84
-2.412937 2.363228 14.621639 74 57 49
-3.454884 2.454573 15.029685 55 74 0
-2.849251 2.570431 15.539611 56 50 54
-1.667740 2.286305 14.029201 185 162 156
1.089854 2.526800 14.926643 168 172 175
-3.446208 2.530135 15.023691 42 55 0
-3.426124 2.544887 15.005260 123 140 59
-3.466735 2.571577 15.001861 54 64 10
-2.972549 2.723534 15.408766 72 66 57
-2.612137 2.634768 15.012532 136 118 108
0.422334 2.864237 15.635476 84 76 63
-0.826958 2.858833 15.496393 30 25 27
-3.065941 2.807944 14.602254 81 111 49
-2.294751 2.786297 14.373221 137 113 109
1.188947 3.134033 15.189610 149 129 130
1.151499 3.157869 15.258416 112 92 103
-2.298505 2.957093 14.287417 64 46 46
1.487783 3.014284 14.357286 68 56 44
-2.145522 2.940545 14.124802 230 217 211
-2.355953 3.034226 14.240613 82 66 69
-3.284420 3.165051 14.597637 29 18 12
1.475941 3.147929 14.440078 110 85 71
1.584165 3.274545 14.797353 76 63 52
0.754765 3.327335 14.940791 89 90 86
1.380513 3.255667 14.678482 38 34 31
-2.864524 3.111819 14.187525 249 222 214
-3.342001 3.211503 14.540914 63 63 54
-2.498886 3.096455 14.074833 152 136 142
-1.938953 3.057399 13.680539 30 21 20
1.500965 3.298160 14.368716 111 92 85
1.547636 3.396571 14.408529 106 96 95
0.487217 3.534061 14.605110 35 35 43
0.487217 3.534061 14.605110 35 35 43
-4.369334 -12.082960 37.634354 214 205 210
4.787813 -13.018616 41.724443 194 192 203
-6.181861 -11.376682 37.132855 43 42 50
-2.558738 -11.629769 38.319647 202 203 205
-0.044266 -10.478516 35.850275 35 34 50
-3.612759 -11.209981 38.371448 120 125 130
-5.153096 -9.798359 35.488931 27 38 21
2.396629 -8.762342 33.507364 66 78 58
1.992104 -8.652617 34.015177 68 89 48
1.833562 -8.558939 34.133627 48 66 20
-3.224395 -8.090088 32.750697 105 96 89
-3.037637 -8.018897 32.947263 200 198 124
-1.043764 -6.942189 28.603222 83 98 67
3.316474 -7.339982 31.057649 115 117 115
-1.099624 -6.614730 28.613727 74 87 67
0.403036 -7.271577 32.074387 24 26 25
-1.188589 -6.580969 28.750370 61 74 55
0.225314 -7.235746 31.996049 19 20 28
-0.805695 -6.411394 28.722517 65 77 63
-1.057182 -6.424367 28.894661 54 65 49
0.164406 -6.919581 31.558620 83 36 47
-1.396063 -6.235644 29.045681 17 28 11
0.597552 -6.723060 32.028217 98 83 67
0.244749 -6.147072 30.063924 84 99 68
-1.908374 -6.051808 29.572849 52 40 28
-2.312273 -5.726486 28.742338 87 112 55
2.093046 -5.815913 30.365173 192 176 160
-1.836389 -5.521110 28.616765 41 46 23
-2.182379 -5.372356 28.107827 157 161 134
0.697555 -5.468326 29.558755 62 78 42
-3.062381 -5.139994 27.549664 48 62 29
-2.974643 -5.141239 27.638345 46 61 30
0.901456 -5.290256 28.855358 97 118 60
-2.815561 -5.184557 27.990371 41 50 27
-2.111562 -5.130236 27.943017 36 51 26
-0.875830 -5.217393 28.656466 52 62 63
-1.268070 -5.068925 27.818427 35 45 23
-1.589324 -5.061796 27.921345 211 233 220
-1.076382 -5.179810 28.632541 124 132 140
-3.005740 -5.030517 27.679325 39 49 32
-1.971551 -4.994561 27.537916 25 47 12
-0.215597 -5.115768 28.596158 211 211 221
0.731059 -5.102351 28.712182 97 112 91
1.150924 -5.174529 29.505311 60 79 34
0.570791 -5.020840 28.638104 45 57 56
1.755119 -5.003083 29.104307 60 65 43
-1.160829 -4.807180 27.808222 34 45 38
1.366327 -5.005643 29.297002 154 160 147
-2.926334 -4.562163 26.500205 87 76 80
-0.073428 -4.791183 28.557599 39 38 23
-1.204242 -4.666572 27.899960 105 103 108
-5.659826 -4.552474 26.962335 145 154 161
-1.152761 -4.626512 27.946403 77 74 73
1.507305 -4.698373 28.783698 73 88 46
-4.262215 -4.414621 26.673559 195 196 191
-4.287506 -4.444261 26.859577 195 196 191
-2.987485 -3.920458 23.940598 75 54 49
2.531517 -4.190916 26.566949 66 70 0
-3.028099 -3.896929 24.031975 160 140 131
2.612074 -4.201369 26.757141 55 58 3
-4.401448 -4.258901 26.571643 210 211 215
-2.186072 -4.165444 26.537129 24 33 32
2.566791 -4.092876 26.573501 79 84 24
-2.244276 -4.132244 26.531064 70 75 79
-0.564284 -4.225705 27.327472 85 83 71
-4.464473 -4.124367 26.557160 137 117 118
3.455197 -4.191579 27.836952 159 166 135
-4.113270 -4.094414 26.413657 248 239 230
-1.178898 -4.163149 27.133547 118 111 118
-4.345358 -4.048572 26.518828 90 73 66
2.066579 -4.029994 27.095166 36 48 12
3.159358 -4.097522 27.868640 21 29 6
3.289125 -4.074854 27.737912 34 46 22
3.611008 -4.075971 28.088365 124 128 130
3.607319 -4.072980 28.059828 124 128 130
-5.232908 -3.917914 26.081815 195 196 201
-5.132717 -3.900932 26.147180 31 34 39
-5.272483 -3.880159 26.123852 29 30 35
-0.610630 -3.947326 27.228323 98 105 64
0.832068 -3.798119 26.833610 157 153 154
-0.750209 -3.710553 26.356382 87 90 76
-3.398806 -3.449000 23.969072 75 50 43
2.155969 -3.759988 27.253419 61 73 53
1.392858 -3.640575 26.492554 132 135 140
2.240329 -3.513118 26.981071 52 55 36
-2.317840 -3.133440 23.088912 83 81 84
0.266026 -3.376257 26.037754 96 93 78
-1.628272 -3.323828 25.575729 135 140 120
2.954333 -3.289768 26.208286 58 73 30
-2.243162 -2.960108 22.718911 62 49 50
1.903947 -3.223960 25.842648 71 66 68
0.367385 -3.204992 25.901385 132 133 137
-0.928944 -3.125342 25.097293 60 70 77
-2.188794 -2.885246 22.681043 138 118 119
-1.202765 -3.125084 25.337880 155 161 161
-4.083713 -3.104475 24.819508 32 28 25
-3.846624 -3.022271 24.810178 52 50 29
-3.855087 -2.956540 24.673835 122 121 94
2.639652 -2.954612 26.045053 73 73 36
-3.477383 -2.833514 24.296361 251 250 248
-5.468338 -2.870096 24.627845 173 167 167
-0.445271 -2.860411 25.210723 108 102 86
-0.235555 -2.795633 24.684513 49 51 36
0.277712 -2.804439 25.034910 91 86 83
1.723362 -2.758506 25.062216 53 59 60
2.621293 -2.429829 21.619651 102 131 65
-0.537635 -2.689259 24.843400 43 47 33
-0.724485 -2.607007 24.484944 125 125 135
2.163294 -2.550628 25.301816 19 23 26
-3.179199 -2.448903 23.683935 106 94 94
-2.339899 -2.297351 22.095795 147 131 142
2.360039 -2.380079 25.226250 175 153 136
2.528396 -2.102064 21.541295 88 110 74
-1.683988 -2.133657 21.412123 192 189 192
-0.740938 -2.288637 24.061125 68 59 43
-0.909392 -2.235414 23.649193 108 83 79
2.295856 -2.030671 21.919117 26 52 7
-5.064306 -2.199529 23.282893 49 49 41
-2.249901 -2.017331 21.762964 134 131 135
-0.820959 -2.067118 23.302497 146 125 120
0.754765 -2.093911 23.793282 44 37 29
-2.981085 -2.071385 23.138985 59 49 49
-2.227677 -1.983643 21.908553 155 154 159
-1.476021 -1.844747 20.859090 166 154 153
-3.574769 -1.979699 22.895418 242 241 249
-2.021550 -1.866020 21.441971 142 137 141
-3.695259 -1.952893 22.865627 234 235 240
-3.723872 -1.879507 22.825761 201 202 207
2.660646 -1.673514 21.527374 80 94 77
0.369880 -1.804128 23.681020 109 104 78
0.371155 -1.801742 23.652077 109 104 78
2.387900 -1.663765 21.607884 36 55 25
-3.394211 -1.603349 22.177125 54 58 69
-0.618777 -1.582190 22.535801 159 149 157
-4.528212 -1.482762 22.295075 108 109 113
2.517452 -1.445888 23.196370 110 104 79
1.658048 -1.446094 23.389573 111 107 82
-4.157447 -1.412199 22.044744 169 175 199
-1.972158 -1.324395 20.997256 231 221 229
0.818215 -1.359181 23.124909 121 119 95
2.678639 -1.275233 22.606284 74 80 58
-0.109371 -1.266188 22.687869 61 52 43
-0.874926 -1.116212 19.127993 186 178 174
-2.272419 -1.128275 21.944028 198 194 194
-4.002319 -1.058777 21.617157 145 141 140
-3.010940 -0.990617 21.491118 37 40 49
-2.392367 -0.971057 21.684550 134 127 119
-1.647055 -0.896564 20.411015 240 235 241
-1.647278 -0.895331 20.377817 240 235 241
-3.821484 -0.894680 21.318889 123 116 124
-4.065730 -0.860169 19.122276 215 217 229
2.041477 -0.772419 21.633237 38 56 7
-3.626894 -0.713622 20.957137 44 39 50
1.135720 -0.638135 21.743658 80 106 67
1.717101 -0.592599 21.934654 37 39 29
0.709309 -0.506963 21.302655 77 99 51
0.329415 -0.509787 20.801460 12 30 5
-1.281532 -0.529905 19.664023 66 61 63
2.186903 -0.473770 19.954812 61 78 16
-1.271256 -0.478987 19.604903 178 177 185
2.149951 -0.382755 19.707153 55 68 22
-2.979262 -0.226642 19.854342 82 87 107
-2.111211 -0.186507 19.982846 249 250 254
1.072959 -0.055554 19.920669 64 80 18
0.030598 -0.119652 18.066597 78 64 65
-1.723378 -0.043751 19.963178 55 53 38
-1.453500 0.001772 20.172519 99 90 75
2.027918 0.045673 20.361879 77 95 45
2.028336 0.049289 20.388819 77 95 45
0.973278 0.058497 20.018363 56 71 15
0.378055 0.030959 19.584597 142 99 109
-1.286005 0.044500 19.903473 224 216 222
-1.902446 0.126313 19.604201 124 120 134
-1.534118 0.201206 19.741903 70 67 60
0.572082 0.271470 19.680512 113 97 72
-1.791576 0.239785 19.350743 148 156 169
-2.667347 0.242210 19.363011 66 74 85
-2.020522 0.263002 19.466073 61 61 70
-2.020238 0.262703 19.464015 61 61 70
-0.781370 0.277522 18.830790 175 155 145
2.040905 0.386121 20.330542 42 48 21
-2.680802 0.389971 19.148398 67 73 92
2.255811 0.509795 19.840649 25 36 11
-0.608288 0.428855 18.361120 215 216 220
1.744330 0.618308 19.627177 65 87 31
-3.059696 0.516920 16.739974 183 165 155
-1.680123 0.685868 18.816829 50 51 53
1.096859 0.838336 19.032044 40 52 40
-2.357051 0.780545 18.415936 114 120 134
1.375992 0.895183 19.291083 110 113 107
-1.315077 0.870052 18.480291 43 41 44
-3.917645 0.899794 17.601462 125 172 202
-2.177283 1.034506 18.047303 120 128 141
0.076884 1.037317 17.207472 128 128 136
-2.773374 0.887564 15.942702 168 139 122
-0.912259 1.177352 18.234452 123 106 89
-2.588940 0.969576 16.123288 143 133 139
-0.458428 1.342469 18.149922 201 183 159
0.368013 1.200205 16.785336 165 165 167
-0.184189 1.413907 17.921492 248 219 226
-0.456885 1.557381 17.415083 76 49 42
0.112356 1.621932 17.159902 61 63 68
0.720274 1.506013 16.234302 163 163 170
0.335251 1.550551 16.501700 70 75 80
-0.360449 1.688853 17.155039 142 126 119
0.345689 1.644653 16.503780 210 211 215
0.344995 1.643108 16.493496 210 211 215
0.356291 1.673798 16.505291 230 231 236
-0.360311 1.849882 17.206249 112 96 83
-3.896575 1.806532 16.707220 154 145 128
-3.633134 1.824573 16.770598 128 116 104
-1.608504 1.944707 16.938739 147 143 145
-3.870158 1.906258 16.409935 109 94 79
-0.195425 2.008947 16.852825 113 100 76
-1.694836 2.105184 16.731748 121 119 122
-2.027797 1.780628 14.734701 97 79 75
0.444190 2.195659 16.467725 43 45 33
0.380095 2.207005 15.694512 154 165 119
-2.072030 1.995183 14.641142 245 223 215
0.705133 2.268580 15.964334 250 249 254
-2.828582 2.154262 15.383902 94 84 80
-0.356180 2.416949 16.466052 104 105 110
0.794998 2.305045 15.735385 236 238 240
-1.386348 2.443329 15.798747 191 196 199
-2.810186 2.455074 15.483636 92 86 89
1.042763 2.489150 15.346016 162 160 164
-2.268876 2.297397 14.543458 83 63 52
1.074802 2.540423 15.405007 164 168 169
-1.679525 2.241232 14.108568 115 99 99
-3.516387 2.551843 15.060750 35 43 5
-3.292334 2.561672 15.048199 97 108 42
1.146670 2.604031 14.920437 35 31 30
-3.470262 2.670505 15.033088 81 85 68
-3.375176 2.654718 14.956462 38 54 4
-3.268718 2.814565 15.314278 69 65 97
-3.525164 2.782070 15.140777 95 93 84
-3.276653 2.791809 15.080754 101 103 106
0.195622 2.981527 15.488613 113 113 113
-2.292331 2.845179 14.456181 140 119 116
-2.158082 2.784732 14.094944 35 22 32
-2.213499 2.877140 14.268039 198 184 184
-2.175492 2.861132 14.184866 100 90 91
1.076639 3.220776 15.339626 94 85 78
-0.903970 2.878425 13.886799 65 59 59
-2.406602 2.994776 14.239785 232 212 217
1.426908 3.112900 14.569583 224 214 212
-2.059444 3.004693 14.000353 241 233 231
-3.246607 3.207868 14.582643 125 118 112
-0.861608 3.014202 13.799065 99 92 102
1.328760 3.547940 14.862641 117 94 100
1.467733 3.583521 14.732964 113 97 97
1.373159 3.587199 14.658914 104 104 96
-2.789573 -13.621744 41.755842 55 43 55
5.306468 -13.197880 41.840422 73 71 76
2.639559 -12.691522 40.712518 115 116 120
3.341923 -10.481525 36.961442 189 190 195
1.718178 -8.992583 34.194518 23 42 5
2.713761 -8.606065 33.201996 56 70 57
4.105353 -8.067083 33.293715 39 58 18
-1.626808 -6.763632 29.209351 86 99 79
0.714867 -7.348332 32.306296 26 34 31
0.399607 -7.147328 31.813215 73 72 80
-2.363766 -6.803987 30.236689 48 64 38
-0.765363 -6.346493 28.709231 21 31 15
-0.769765 -6.344841 28.728803 21 31 15
-5.475641 -6.196845 28.964352 73 69 67
0.947452 -6.430586 31.376072 85 92 57
-2.129861 -5.822113 28.793634 40 68 19
3.502000 -5.869215 29.567801 114 111 117
-1.976274 -5.863942 29.191949 42 54 18
1.999068 -5.790090 30.315175 108 91 73
2.630107 -5.393110 28.221137 90 105 128
2.894867 -5.326498 28.178162 88 97 129
-1.609471 -5.380658 28.217239 51 69 31
0.774302 -5.297912 28.527738 86 106 55
-2.671076 -5.292187 28.184724 55 42 21
-2.457115 -5.161005 27.931954 46 57 29
-1.003289 -5.177236 28.575316 36 38 52
0.693265 -5.245005 29.177363 44 58 34
-0.822944 -5.112747 28.329571 181 189 182
-4.177323 -4.831588 26.394040 69 58 54
0.385584 -5.134408 28.811209 77 72 65
0.933469 -5.071885 28.753653 31 53 25
1.709856 -5.155350 29.323667 52 59 43
2.336860 -4.748207 27.812812 134 96 56
-4.855295 -4.642424 26.689340 208 210 197
-4.351671 -4.504807 26.577734 217 208 213
-2.453391 -4.456492 26.727417 71 71 74
-5.558436 -4.487050 26.830608 73 87 96
2.547054 -4.375543 26.790963 132 138 68
-1.835146 -4.506995 27.520439 120 120 122
-1.833512 -4.502976 27.483244 120 120 122
-4.140393 -4.357552 26.305203 130 113 114
-1.927196 -4.383767 26.862935 157 165 152
-4.675640 -4.353889 26.596250 56 58 53
-4.256982 -4.342532 26.652415 178 177 175
-4.075149 -4.186416 26.211578 244 232 226
1.833665 -4.262003 27.700923 70 89 51
-1.323817 -4.218352 27.070944 131 131 141
-1.981934 -4.124137 26.442725 83 93 88
2.180195 -4.073452 26.791086 55 64 21
3.599359 -4.221537 28.125999 63 68 46
-5.135347 -4.046241 26.042665 53 53 55
-5.136899 -4.047305 26.051407 53 53 55
-5.219226 -4.030826 26.004043 100 101 105
-4.868260 -4.080820 26.459444 101 100 96
2.001816 -4.026013 27.458339 29 41 21
-0.264305 -3.930447 26.948967 93 90 72
0.623689 -3.877554 27.066567 47 54 40
1.500562 -3.842612 27.019723 68 69 61
3.447038 -3.877104 27.840822 82 86 60
-1.880434 -3.701021 26.097230 87 75 75
1.372423 -3.740458 26.775702 101 101 105
-3.660316 -3.500381 24.364263 254 241 241
-3.548704 -3.452222 24.025509 123 103 102
2.060314 -3.730147 27.198382 46 50 33
1.523688 -3.593548 26.352926 82 86 89
1.542930 -3.616688 26.574490 82 86 89
-5.647625 -3.543691 25.250960 96 101 107
2.915740 -3.648136 26.972925 54 68 31
-5.790405 -3.520284 25.279900 236 236 244
-0.915389 -3.555240 26.231526 100 97 80
-3.498852 -3.293441 24.064608 243 235 236
-0.031611 -3.417344 26.294050 113 112 73
0.944161 -3.348476 25.782294 112 113 120
3.003250 -3.353291 26.269988 94 109 68
-3.925101 -3.181925 24.852226 38 38 33
-1.540241 -3.191081 25.337809 152 148 149
2.852865 -3.180053 26.104610 153 158 143
-3.311743 -3.002735 23.934079 214 208 198
-1.563733 -3.099185 25.200334 73 57 58
2.780558 -3.151928 26.270455 60 63 41
-4.446333 -3.064016 24.712173 135 147 156
-3.132522 -2.838363 23.280536 246 234 232
2.583548 -2.634775 22.012904 46 74 15
-1.567310 -2.933293 24.991023 63 50 53
2.619468 -2.585196 21.923811 49 74 17
-0.334354 -2.911120 25.032809 136 144 111
-0.333445 -2.911277 25.019966 136 144 111
-1.850054 -2.662166 22.574651 73 77 84
-3.772596 -2.819475 24.194152 197 188 174
-3.058099 -2.712877 23.114084 225 215 208
-0.543304 -2.830507 25.021355 97 98 81
-1.393538 -2.766345 24.383478 73 56 62
-0.681314 -2.763944 24.427980 144 149 153
-1.930899 -2.551617 22.022677 147 156 165
-3.904846 -2.701881 24.073070 164 148 135
0.281225 -2.752004 25.146771 162 155 154
0.281514 -2.751182 25.153486 162 155 154
-1.443729 -2.693675 24.397728 68 58 67
-0.672853 -2.587127 24.429428 24 27 33
-0.394045 -2.485405 24.504723 115 125 91
-0.394745 -2.485946 24.505542 115 125 91
-4.251929 -2.479780 23.893890 48 46 59
-3.227980 -2.423164 23.647802 192 182 185
-3.058733 -2.383616 23.177119 232 217 214
-0.625657 -2.411709 24.354802 57 58 42
-4.440477 -2.270791 22.788215 154 153 158
0.474009 -2.253790 23.472473 118 127 134
2.599789 -1.980774 21.354125 92 116 78
2.324860 -1.983176 21.829822 27 44 12
-2.524645 -2.053865 22.222928 255 248 249
-3.297864 -2.064103 23.157789 60 65 77
-3.293687 -2.061913 23.127432 60 65 77
-2.257108 -1.951079 21.718082 134 132 137
2.766921 -1.807660 21.404221 64 79 58
2.682120 -1.759061 21.551853 50 63 43
-3.681519 -1.827705 22.865912 30 31 36
2.377555 -1.652574 21.827131 75 94 62
-3.143881 -1.770031 22.876889 203 196 188
2.428444 -1.625491 21.724745 26 41 23
-1.341239 -1.574208 20.571244 79 66 70
-3.284679 -1.658381 22.170996 43 49 60
-0.540215 -1.642361 22.794649 82 71 75
-0.985686 -1.597983 21.723855 110 100 108
-2.832360 -1.559409 22.343273 47 47 54
1.153779 -1.519653 23.200721 79 64 56
-2.746109 -1.515649 22.421159 39 38 46
-0.262526 -1.439684 22.602718 69 55 54
2.581799 -1.421687 23.048441 89 93 66
-4.420928 -1.456185 22.284063 145 143 146
1.497975 -1.425755 23.330959 117 111 88
0.993054 -1.414115 23.128085 96 87 72
1.110351 -1.378696 23.138205 128 123 104
-4.357551 -1.371519 22.094966 132 130 126
0.757527 -1.343998 22.899494 113 111 89
-4.210937 -1.191175 21.495542 80 74 76
-4.214831 -1.185358 21.516275 80 74 76
-4.148891 -1.164722 22.066791 134 129 136
-3.130730 -1.106143 21.025185 103 104 107
-0.886264 -1.062121 19.692722 128 123 117
2.330833 -1.036625 22.327512 40 63 16
1.818890 -0.948500 22.503220 37 58 17
-4.118887 -0.946999 21.503176 168 169 168
-0.452919 -0.899997 20.261884 98 90 86
1.791545 -0.887726 22.284147 66 92 44
-2.239622 -0.912292 21.179026 86 89 61
-2.340755 -0.759335 20.901482 156 150 134
2.122966 -0.702428 21.451194 45 71 10
1.283054 -0.691810 21.544922 41 64 19
-2.804365 -0.684173 21.086752 48 47 55
1.837435 -0.563032 21.831365 48 48 25
-1.713639 -0.566665 20.741691 143 144 148
1.244100 -0.491734 21.503290 40 44 27
-2.388036 -0.527465 20.861433 138 137 143
-2.409543 -0.338903 20.361428 21 20 28
-1.544940 -0.319290 20.538305 198 184 181
0.137409 -0.253909 20.453269 69 68 62
-1.158806 -0.118406 19.716950 244 232 220
-3.246628 -0.110064 20.108290 15 14 20
-0.095628 -0.083480 18.113908 71 51 46
-1.818194 -0.016168 19.999156 76 76 64
1.042853 0.039977 19.870409 47 65 9
-3.063567 0.142938 19.742777 102 96 104
0.020301 0.148346 17.952265 93 79 70
-3.109356 0.201322 19.529001 112 107 114
-3.212580 0.096035 17.211474 125 115 113
-1.342340 0.245718 19.609541 63 49 46
-4.030311 0.160080 17.827464 111 97 96
-3.202822 0.242745 17.265569 142 138 141
0.745791 0.482881 19.667434 66 60 46
2.324881 0.545135 19.871050 22 22 17
2.314272 0.541188 19.799708 22 22 17
-0.866718 0.527070 19.153017 226 212 204
-0.866718 0.527070 19.153017 226 212 204
1.084465 0.573010 18.997216 97 121 61
-1.595996 0.674264 18.580346 37 35 46
-1.356418 0.716265 19.055922 140 139 143
-1.557616 0.726923 18.577235 26 28 40
-0.672509 0.985608 18.400092 208 198 197
-1.062209 1.160570 18.267785 119 118 118
0.487545 1.025853 16.833844 151 152 154
-1.108552 1.216032 18.363636 110 109 105
2.129672 1.192428 17.280718 80 98 47
-1.086024 1.416037 17.677759 24 33 38
0.183484 1.375845 16.761562 235 236 240
-0.958048 1.472783 17.502912 20 26 40
-0.917937 1.489301 17.229147 23 29 43
0.091958 1.485103 16.974527 218 220 225
1.814524 1.628713 17.415906 13 24 7
0.783643 1.462141 16.235042 108 107 112
-1.768816 1.610521 17.378415 34 33 38
0.994356 1.580626 15.957817 115 113 116
-0.295786 1.770892 17.219131 83 72 66
-0.255168 1.809841 17.052417 85 73 65
-0.061708 1.726897 16.497062 66 69 3
-0.603193 1.853585 17.228972 124 119 115
1.334508 1.651526 15.529252 63 49 46
-3.676171 1.828941 16.782484 91 77 63
-0.327037 2.025982 16.649204 36 35 39
0.458588 2.059426 16.460542 86 83 90
0.725808 2.086691 15.770497 185 185 187
0.744225 2.132505 15.695621 224 223 228
0.784068 2.232493 15.785981 140 139 145
-1.276042 2.350447 16.350398 124 119 123
0.362177 2.254378 15.659925 62 75 32
1.582596 2.150780 14.965005 118 105 98
-1.156744 2.460434 16.107886 109 109 111
0.335347 2.471605 15.913432 64 61 36
0.736739 2.491255 15.914960 199 203 206
-3.393176 2.502125 15.783113 59 38 33
-2.307518 2.353296 14.603977 110 87 81
-1.158178 2.698827 15.804584 46 45 43
-1.589763 2.380549 14.001415 103 88 91
0.398440 2.804787 15.709523 75 70 50
-3.436383 2.676596 15.033784 31 42 2
-3.547059 2.745784 15.133401 21 18 11
0.764291 2.843011 15.178866 45 57 9
-1.729162 2.590969 13.841014 98 78 77
0.298931 3.097121 15.341697 99 94 100
1.231658 2.960139 14.787640 99 78 67
-2.273582 2.866298 14.368622 94 76 76
0.340031 3.152603 15.277851 90 88 91
-1.391906 2.626259 13.321211 92 78 77
1.424896 2.938024 14.351763 49 43 44
1.472671 3.032405 14.428229 176 166 154
0.991537 3.248227 14.937407 83 83 58
1.443845 3.139494 14.549786 39 22 14
1.443845 3.139494 14.549786 39 22 14
1.510756 3.065619 14.156456 154 151 138
1.471967 3.208132 14.538748 182 152 144
1.364858 3.279887 14.700568 215 218 223
1.364858 3.279887 14.700568 215 218 223
-2.681035 3.096847 14.097473 234 219 224
-2.681035 3.096847 14.097473 234 219 224
-2.545600 3.128438 14.004662 109 102 109
1.383929 3.396325 14.768943 100 105 101
0.884581 3.370165 14.651242 103 91 77
-3.073227 3.357559 14.633621 110 107 101
-2.676920 3.157704 13.961335 139 138 152
0.563571 3.351107 14.481890 230 233 242
1.284203 3.487641 14.922171 109 89 91
1.405898 3.437122 14.754291 218 205 215
-2.880547 3.306923 14.335570 91 77 76
1.195994 3.489254 14.796416 66 57 56
0.667351 3.327614 14.257347 246 251 255
0.460383 3.446160 14.585163 57 57 65
1.279009 3.560972 14.814414 86 75 74
-3.010027 3.431140 14.284541 139 139 133
0.862365 3.599166 14.059306 202 202 212
0.940229 3.584435 14.075491 196 197 208
6.580517 -13.200632 42.483537 137 141 153
0.236570 -10.175829 35.926573 109 106 114
5.736560 -10.629239 37.932700 189 186 195
5.731794 -10.622389 37.903763 189 186 195
-1.735320 -9.812796 35.267822 237 227 221
-6.191127 -10.123044 36.230592 48 50 54
4.437562 -10.390328 37.947167 66 58 60
-0.131067 -9.067802 35.454915 164 154 147
3.164533 -8.385161 34.027066 30 44 19
3.433707 -7.710492 32.374658 80 87 52
2.792705 -7.805009 32.836974 134 141 112
-1.091028 -6.860731 28.590338 29 42 22
-2.309453 -7.232769 30.933991 79 102 60
-0.775340 -6.531769 28.804542 22 36 21
-1.471231 -6.523080 29.254732 24 37 20
3.695889 -6.473520 30.902790 91 61 69
-1.933221 -6.256459 30.213833 96 80 72
-2.486985 -5.948223 29.266344 47 49 35
2.318922 -5.473085 28.298760 138 139 135
1.909434 -5.778134 30.361927 188 179 172
1.802653 -5.741765 30.299775 28 26 27
-1.534114 -5.375971 28.048060 30 51 12
-2.271328 -5.311199 28.024870 122 123 91
-1.991284 -5.331831 28.298490 88 91 59
1.877740 -5.560712 30.162656 131 133 120
1.878083 -5.561210 30.165481 131 133 120
-3.192936 -5.143390 27.664121 50 57 41
-3.824665 -4.609586 25.474979 120 94 90
-5.631176 -5.029138 27.935171 95 39 63
1.032437 -5.006460 28.684413 82 105 61
-4.701326 -4.793824 26.976013 61 68 35
-4.714235 -4.792798 26.994673 61 68 35
-1.918095 -4.601168 27.677537 56 63 56
-4.873483 -4.469236 26.949759 220 221 213
2.330525 -4.337009 26.718651 76 81 39
2.330525 -4.337009 26.718651 76 81 39
-5.470262 -4.310098 26.557892 72 75 83
-3.944999 -4.150262 25.809140 185 133 135
1.622402 -4.423937 28.291790 65 85 36
2.321104 -4.190128 26.771662 45 55 20
-3.686043 -4.046956 25.205083 74 30 27
-3.043970 -3.774469 24.000300 118 93 89
-0.498287 -4.199458 27.468555 55 52 40
-5.130214 -3.968135 26.092614 208 207 212
0.981172 -4.039406 27.301398 159 158 156
-0.108656 -3.941236 26.889728 65 57 48
1.946932 -3.888423 27.484012 52 57 35
-1.263978 -3.665968 26.202958 38 44 26
-3.871564 -3.602295 25.518508 90 80 79
2.632782 -3.626083 26.626619 98 116 75
-0.461346 -3.583845 26.412725 136 126 98
2.360201 -3.539994 26.739099 65 79 53
0.580741 -3.376479 25.976949 245 241 243
0.702331 -3.367328 26.028058 234 235 242
2.563597 -3.371116 26.584998 28 44 18
2.566397 -3.373052 26.603393 28 44 18
2.213058 -3.410774 26.852686 117 118 104
0.624380 -3.163599 25.373673 185 182 193
-1.622977 -3.158550 25.206306 70 58 60
-0.144265 -3.195400 25.901722 42 46 31
-3.658828 -3.044708 24.646751 233 225 223
0.913678 -3.005801 25.023753 93 77 81
-1.670001 -3.026821 24.920205 44 36 34
2.575683 -3.099427 26.294752 38 41 18
-4.457574 -2.964879 24.481795 54 66 105
2.851366 -2.389125 21.619426 82 108 61
-5.422433 -2.704648 23.797198 90 59 65
2.590344 -2.692541 25.377681 22 20 26
2.877456 -2.241839 21.597409 32 56 19
2.804356 -2.200561 21.489927 84 106 68
2.585043 -2.166165 21.622793 30 58 11
2.571164 -2.162221 21.536465 30 58 11
2.529738 -2.079771 21.558620 80 101 68
-2.421256 -2.146744 22.011605 158 146 146
-2.976812 -2.207643 23.190842 129 109 110
-2.042092 -2.030069 21.647782 148 148 151
-2.042660 -2.030437 21.638706 148 148 151
-3.899740 -2.144488 23.202001 241 239 244
2.247120 -1.934395 21.734813 79 104 63
-0.660379 -2.021659 22.843179 75 51 46
-3.686999 -2.009329 22.872235 96 96 106
-4.938817 -2.014239 23.023482 80 48 54
2.669096 -1.838527 21.704904 33 47 22
-3.761783 -1.962893 22.874705 238 237 243
-2.890562 -1.950052 22.876548 236 223 228
-2.790124 -1.799151 22.730719 94 75 77
-0.677549 -1.791028 23.073813 81 67 63
1.343206 -1.709935 23.223963 73 61 46
-2.380204 -1.687720 21.920008 255 254 255
2.511626 -1.574194 21.689627 48 63 40
-4.595849 -1.485397 22.311172 201 196 202
-3.015861 -1.467594 22.308492 85 81 78
2.642764 -1.321443 22.201073 41 47 21
2.643139 -1.322269 22.197264 41 47 21
0.486702 -1.332592 22.892470 53 56 34
-4.258920 -1.348811 22.115931 158 153 151
-0.315546 -1.289183 22.636553 97 84 77
-4.249932 -1.129705 21.551376 61 58 64
-1.883712 -1.045148 20.928420 232 231 226
1.794083 -0.679867 21.969470 82 88 80
-0.879480 -0.652256 19.386295 168 158 156
0.033446 -0.576963 21.014648 60 61 68
0.035499 -0.580380 21.081384 60 61 68
-0.435525 -0.531063 18.972791 190 188 191
1.897253 -0.323485 21.195682 80 101 48
0.892689 -0.272857 20.666505 108 116 69
0.977989 -0.203347 20.098647 105 126 49
-2.463079 -0.217392 20.324389 112 112 117
-2.023587 -0.101140 20.152454 145 149 148
0.905618 0.104117 20.486135 39 43 30
0.786623 0.286027 19.803299 44 36 30
-3.299431 0.171563 17.203587 67 56 60
-1.314004 0.491372 19.483122 108 102 68
-1.639374 0.509316 19.162974 30 30 40
-1.495830 0.541809 19.208346 148 142 142
-1.535283 0.659233 18.618142 158 161 178
-0.960466 0.733881 18.985326 124 116 107
-1.241015 0.728870 18.889305 126 120 120
-0.782324 0.762331 18.937747 117 107 104
-0.393351 0.723788 18.006683 214 210 211
-1.286976 0.800512 18.734958 129 121 129
-0.449818 0.815425 18.259925 65 40 45
-0.295228 0.815942 17.744563 240 238 239
0.599136 0.796044 16.965792 144 134 132
0.332558 0.988480 17.034199 135 133 138
0.328857 0.987337 16.981060 135 133 138
0.400571 0.987975 16.961680 109 107 112
-2.933057 0.898905 16.271799 216 216 224
-0.362025 1.201115 18.633991 167 172 171
0.780450 1.023770 16.575750 196 196 196
0.780675 1.024286 16.579324 196 196 196
2.062988 1.115723 17.266880 81 99 49
0.808120 1.062500 16.549757 208 208 205
0.810318 1.065453 16.563255 208 208 205
0.908910 1.108576 16.400845 145 146 150
-3.613946 1.239742 16.823496 97 87 88
-2.296246 1.219448 16.405143 119 109 109
1.723765 1.353439 17.099740 60 76 40
-0.780648 1.536391 17.822333 115 123 135
1.050862 1.365749 16.081545 149 143 140
0.998529 1.380575 16.108176 141 133 131
0.834336 1.421541 16.221425 207 210 215
-0.256583 1.650596 17.714026 78 64 61
-0.126403 1.785088 16.536544 129 130 92
-0.232490 1.881190 16.966915 69 55 42
0.113770 1.791391 16.401533 149 155 119
-0.233211 1.946453 17.024492 73 57 42
-0.106214 2.156301 16.671352 93 71 57
-0.104378 2.156695 16.675046 93 71 57
-2.173660 1.844072 14.800852 116 96 85
-3.663769 2.158340 16.022992 154 144 134
0.942617 2.132162 15.473229 83 70 63
-1.065878 2.448416 15.424090 120 115 119
-2.399965 2.399025 14.557541 82 65 57
-3.029601 2.783204 15.450320 104 93 91
0.123750 2.852073 15.493577 19 21 41
-0.825601 2.862930 15.440456 38 34 36
-2.886123 2.816024 14.663405 75 97 47
-2.905397 2.845191 14.593364 26 40 17
-3.000241 2.870203 14.562368 24 40 11
0.962386 3.269596 15.116465 55 53 40
-1.409319 2.788628 13.415029 75 61 63
0.574883 3.292748 15.048082 139 135 132
-2.967421 3.185156 14.351557 101 97 90
0.560380 3.319668 14.733918 108 111 118
1.496600 3.241755 14.470459 194 165 151
1.501271 3.251904 14.508503 194 165 151
-2.575029 3.103024 14.026470 54 47 49
0.910253 3.348542 14.713753 72 64 45
1.092993 3.403677 14.800742 62 47 40
1.163598 3.437951 14.846362 69 54 57
1.527747 3.336645 14.379665 134 130 119
-3.107757 3.340708 14.401994 80 82 77
1.307861 3.529537 14.870688 113 98 94
0.437553 3.526546 14.687235 197 197 205
0.437553 3.526546 14.687235 197 197 205
-1.940331 3.219430 13.707579 88 81 82
0.901334 3.624344 14.088960 175 175 187
-3.015725 -12.557645 38.571820 146 131 128
3.588321 -13.128655 40.820687 215 214 219
6.604734 -12.851571 42.135028 54 56 69
5.013718 -10.817570 37.624030 115 96 106
3.622037 -10.347571 37.235079 86 88 93
3.400964 -8.152466 33.380268 42 52 29
-1.048240 -6.762739 28.647721 27 38 24
-1.382979 -6.613098 28.753384 33 45 25
-0.462912 -6.527509 29.437183 37 49 35
-0.015639 -6.747920 30.997866 90 26 35
-1.123818 -6.273312 28.959978 56 69 51
0.163588 -6.600221 30.798281 83 29 37
-1.814795 -6.374618 29.693592 79 88 67
-3.935414 -5.743785 26.957317 223 215 218
-2.079319 -6.052789 29.010984 105 117 60
-2.407050 -6.026517 29.061908 142 146 90
-2.627373 -5.701347 29.390995 120 120 89
-5.078721 -5.283832 28.220705 244 237 229
0.511769 -5.234262 28.848544 55 67 45
1.968173 -5.157424 29.215081 115 96 91
-4.233516 -4.764870 26.529412 246 245 243
-2.196735 -4.884256 27.499730 40 45 43
0.235255 -5.008451 28.583240 93 89 76
-0.129264 -4.901490 28.188306 88 87 79
-3.986340 -4.498280 25.612263 172 113 115
0.138678 -4.804019 28.617770 53 55 34
-4.732847 -4.525866 26.664809 62 70 57
2.679132 -4.366075 26.907705 60 64 17
1.881673 -4.419644 28.108357 126 127 105
-1.759782 -4.076518 26.881491 137 136 142
-1.259657 -3.819967 26.421843 107 125 71
3.101320 -3.879159 27.732320 46 56 31
-1.153501 -3.739209 26.208798 26 49 9
-1.153501 -3.739209 26.208798 26 49 9
-1.030360 -3.720357 26.216968 149 157 139
-1.029574 -3.728300 26.290144 149 157 139
2.509760 -3.746302 26.840664 45 56 22
2.380570 -3.672544 26.964928 31 45 22
-5.627607 -3.466290 25.294556 209 213 220
-1.164128 -3.528009 26.266251 30 38 15
-1.732301 -3.426598 25.751916 38 47 20
2.942438 -3.472853 26.550950 99 120 64
3.033961 -3.514110 27.098330 99 120 64
3.145742 -3.467421 26.846926 55 67 31
2.834153 -3.307217 26.076685 50 66 31
-0.599561 -3.227921 25.751660 36 50 26
1.060433 -3.193490 25.543784 106 96 104
-4.610715 -3.122031 24.692247 62 65 92
0.438289 -3.146777 25.798326 52 53 54
2.678393 -3.095430 26.174721 149 159 95
2.675685 -3.093722 26.157539 149 159 95
2.643580 -2.667347 21.908750 84 109 56
2.532493 -2.653097 22.223270 93 118 56
-1.286643 -2.923715 24.751991 132 129 136
-0.371923 -2.902958 25.160685 135 138 113
-1.563220 -2.720329 23.658335 171 178 188
0.236876 -2.837771 25.127230 91 85 87
-1.466753 -2.736308 24.433920 69 57 61
2.652604 -2.358559 21.577357 78 108 45
0.299731 -2.661903 25.156433 108 108 106
1.717253 -2.625355 25.017948 16 28 24
-3.968295 -2.527425 23.946288 119 112 119
-2.973796 -2.388040 23.165976 149 133 128
-2.688134 -2.336138 22.592220 102 79 87
2.105009 -2.411048 25.024713 146 127 120
-5.092915 -2.246997 23.316462 65 65 65
-5.094210 -2.247238 23.322687 65 65 65
1.625859 -2.214129 23.954117 88 91 70
2.983368 -1.963100 21.460442 16 38 15
-3.241708 -2.123198 23.083469 144 151 164
-3.233142 -2.118268 23.002701 144 151 164
-3.402449 -2.098637 23.229219 50 50 54
1.451714 -2.040966 23.590467 65 81 51
2.456267 -1.686433 21.575500 62 81 55
0.215990 -1.785013 23.491122 118 106 98
-4.411467 -1.727150 22.564173 142 141 146
2.307951 -1.595152 22.601277 40 45 32
0.787250 -1.272016 22.867031 90 87 54
-3.911691 -0.563102 18.801812 108 112 123
-1.618618 -0.371276 20.613085 80 56 53
1.963003 -0.138668 20.653363 26 35 16
-3.381833 -0.020678 17.315218 102 86 87
0.064732 0.213360 17.897913 118 91 84
-2.496486 0.565299 19.028793 103 101 112
2.078530 0.646648 19.723433 124 125 107
1.656946 0.636926 19.395930 94 124 54
0.808861 0.696873 17.927869 90 89 90
-1.041236 0.832783 18.804035 119 109 99
-1.375184 0.966587 18.491973 32 31 35
-3.713770 0.929597 17.227545 255 253 250
-3.713770 0.929597 17.227545 255 253 250
-0.393100 1.291530 18.098605 138 106 90
-0.693358 1.635015 17.225201 20 24 27
-0.033656 1.689108 16.490292 114 124 61
0.734192 1.838525 15.904464 100 100 102
-1.500375 2.316714 16.393895 122 118 119
-1.435643 2.420983 16.114541 129 126 124
-1.404475 2.509037 15.737774 128 133 136
-1.253928 2.510775 15.769378 40 42 37
-0.125933 2.768952 15.751143 99 98 106
-3.322203 2.619324 15.109097 95 113 35
-3.372584 2.742040 15.041769 21 25 8
-2.770544 2.876663 15.106054 111 97 96
-3.179342 2.890605 14.551659 60 83 25
1.334975 2.976658 14.561368 136 138 134
-3.381083 3.185645 14.548939 37 33 27
1.446627 3.253309 14.630832 69 59 56
1.327678 3.310755 14.811648 104 103 108
1.566670 3.151425 14.215561 243 239 232
-2.641353 3.121628 14.037186 82 76 79
1.171192 3.410374 14.927199 85 73 78
1.447815 3.313185 14.592232 151 145 147
-2.647579 3.146692 13.953167 137 139 152
-2.649298 3.149529 13.963063 137 139 152
-0.765449 3.413704 14.688823 91 70 77
0.821390 3.310636 14.336591 77 72 66
0.479963 3.413926 14.637337 228 227 232
0.476750 3.387649 14.557790 228 227 232
0.532199 3.379263 14.420793 41 43 52
1.427419 3.558383 14.806417 46 24 27
-1.821929 3.157238 13.445528 101 89 94
0.801408 3.634837 14.054873 151 154 159
-7.929348 -12.822805 40.490590 153 162 168
-4.622814 -11.748693 37.637095 218 221 225
-5.999845 -10.897800 37.086772 216 215 223
5.594626 -10.845174 37.926651 192 186 188
3.709651 -10.500031 37.121227 214 217 222
4.301025 -7.964594 32.933333 41 60 27
-0.794191 -7.061777 28.968180 34 48 25
3.346598 -6.792644 30.365412 129 132 137
-1.589664 -6.599423 29.294925 50 65 44
-0.220086 -7.023717 31.575727 42 30 30
-1.835583 -6.583398 29.912780 15 25 14
-1.264913 -6.360235 29.178220 24 34 21
-4.035311 -5.425933 26.685092 112 96 92
3.175822 -5.816307 29.971381 122 123 136
-2.442879 -5.445966 28.484757 68 38 36
-2.669402 -5.342195 28.212696 75 38 34
1.728875 -5.580702 30.415482 32 46 28
1.639538 -5.268179 29.390539 95 96 88
-1.389183 -5.007221 27.630120 201 212 177
1.820723 -5.149596 29.334048 132 121 117
-4.615615 -4.577698 26.663548 223 228 224
-0.916727 -4.725642 27.796889 104 103 113
2.504915 -4.546436 26.984841 101 99 51
1.582751 -4.797539 28.925049 111 126 103
2.006256 -4.517203 28.309787 52 69 39
-4.215436 -4.202482 26.557643 34 32 32
4.078028 -4.298083 28.537450 46 56 30
-1.248382 -4.073105 27.016564 157 144 153
-5.747157 -3.649328 25.454489 253 253 255
-1.373468 -3.676012 26.135713 142 140 131
3.310296 -3.821218 28.005740 117 113 99
-2.276167 -3.325583 23.472729 118 116 119
-1.968396 -3.513116 25.698415 49 48 54
-2.317109 -3.092609 22.950184 95 95 97
1.099896 -3.326759 25.823881 184 184 192
-0.824150 -3.166611 25.107325 55 69 40
-3.159608 -2.933293 23.300065 231 220 216
-5.425219 -2.953281 24.688486 89 90 92
-1.334656 -2.809426 24.481280 72 58 65
-5.419495 -2.817741 24.360081 161 154 158
-3.239213 -2.710398 23.744393 153 145 142
-1.083474 -2.754627 24.470638 91 74 79
-3.396520 -2.733090 24.051017 249 241 242
0.365989 -2.766824 25.113115 218 212 212
-1.194419 -2.687799 24.649753 124 116 119
-2.857251 -2.418059 22.890183 233 221 218
-1.931821 -2.312516 21.723843 153 150 154
-1.278799 -2.182739 21.656463 48 59 76
-3.726826 -2.122249 23.026353 250 247 254
-3.563789 -2.067754 22.952217 115 111 112
-0.321768 -2.037011 23.491658 105 111 65
-3.614751 -1.932465 22.891213 169 168 176
2.803693 -1.631586 21.611707 18 31 13
-0.463734 -1.307577 22.568355 108 95 89
2.207004 -0.787025 20.324470 113 127 51
-1.713637 -0.800536 20.501233 215 208 205
2.303849 -0.710554 20.008606 110 123 54
2.188724 -0.682287 20.034850 76 90 26
-3.796921 -0.525837 20.866613 114 106 104
0.794099 -0.419947 21.240218 48 52 37
-1.711522 -0.223265 19.979215 161 158 125
-1.083739 0.181840 19.587122 245 239 235
2.376043 0.310553 20.569198 47 46 25
-3.224585 0.182848 17.870858 74 66 69
-3.355631 0.202343 17.151772 68 54 61
-1.096641 0.582147 19.288732 65 56 40
-2.643986 0.617339 18.952607 106 107 110
-1.743265 0.641173 18.972682 110 110 117
-1.091463 0.861466 18.663033 46 39 32
0.153338 0.815629 17.301721 110 108 113
1.555120 1.015465 19.005368 151 135 119
-2.501420 1.071252 18.123831 98 93 99
2.172798 1.182134 17.278962 68 87 32
-0.841653 1.336167 18.022744 140 133 130
-1.700870 1.667590 17.318257 25 28 33
-0.610096 1.716270 17.294039 144 138 142
-0.456684 1.738178 17.358290 98 84 75
-3.602991 1.840905 16.671351 135 121 110
0.331940 2.217662 15.804838 67 81 30
1.605927 2.182765 14.931116 74 60 51
0.658563 2.562074 16.069879 225 234 235
1.032528 2.758491 15.370169 230 230 238
-0.917027 3.064255 15.280482 114 106 104
-1.562261 2.687950 13.608139 176 176 187
1.200316 3.101039 15.023971 143 131 119
1.051031 3.331679 14.931496 32 26 12
-3.147474 3.300420 14.513668 115 113 114
1.357406 3.483248 14.788809 95 43 52
0.381129 3.557914 14.649500 100 101 106
-0.789993 -7.747395 30.972074 99 108 70
-3.255928 -6.394608 30.023537 216 225 216
-2.262592 -6.075751 29.048628 106 121 47
-1.799494 -6.120093 30.300568 41 32 25
-3.626021 -5.661383 28.447696 196 199 206
-3.625651 -5.656778 28.424562 196 199 206
0.652908 -5.748768 29.787581 98 117 76
-3.405282 -5.341809 27.935493 64 48 57
1.991841 -5.510783 29.661256 37 39 26
0.883405 -5.408801 29.051339 81 102 44
-1.284305 -5.247611 28.327734 14 25 9
-3.043158 -5.047635 27.535829 110 123 98
-3.502537 -4.655987 25.516304 108 90 83
-5.244561 -4.883363 27.692295 126 120 114
-1.656726 -4.636468 27.606621 92 98 96
1.929260 -4.747381 28.697121 38 46 23
0.915093 -4.603053 27.794312 132 138 134
-3.473488 -4.179333 25.059488 129 108 105
-0.665031 -4.394829 27.380803 103 103 91
2.281412 -4.243730 26.657129 56 64 25
-2.015588 -4.256978 26.530198 32 44 29
-1.011819 -4.275969 27.188154 114 119 121
-2.702893 -4.006426 25.354383 213 207 209
-1.010385 -4.088361 27.172546 50 57 50
-3.931533 -3.863487 25.590042 255 251 249
-2.842053 -3.601450 23.965319 98 81 76
0.840522 -3.888984 26.777887 162 164 160
0.065389 -3.834876 27.067000 100 98 99
2.495412 -3.585975 26.608054 62 80 39
-1.446053 -3.518770 26.053020 49 38 26
0.475446 -3.311703 26.007901 252 250 252
2.074857 -3.137231 25.857023 71 37 38
-0.079587 -2.969853 25.438554 155 161 135
-0.082457 -2.957192 25.386812 155 161 135
-3.611224 -2.799967 24.366759 68 63 63
-4.342789 -2.663782 24.027637 130 129 137
-0.669568 -2.646857 24.474975 32 35 42
-3.511477 -2.426154 23.760534 144 138 134
-3.219414 -2.317073 23.555800 42 32 41
-3.448617 -2.246822 23.362848 62 59 63
-2.821801 -2.158980 22.604429 139 111 107
2.565373 -1.733396 21.513888 21 33 21
2.573739 -1.737322 21.576911 21 33 21
0.087707 -1.616915 22.976464 62 63 67
-0.757541 -1.455374 22.343892 66 47 51
2.526189 -1.289358 23.075555 146 146 144
1.509025 -1.220639 22.588818 87 97 45
-2.471578 -0.633437 21.068755 122 120 121
0.563843 -0.443425 20.801926 32 42 33
-2.894693 0.293110 19.544326 59 58 74
2.271205 0.765201 19.945934 81 63 48
-2.541689 0.701152 18.766968 32 32 40
-2.444561 1.058618 15.961294 107 98 92
-0.013101 1.649824 16.864190 238 238 240
-3.696876 1.709023 16.884675 94 62 55
0.039436 2.201080 16.959642 37 40 29
-1.268291 2.278204 16.340123 84 83 89
1.541536 2.294521 14.843681 94 85 78
-2.651367 2.679062 14.823397 133 100 85
0.781120 2.896866 15.156106 112 113 37
1.200549 3.356743 15.017251 33 32 37
-2.731319 3.108588 13.999956 69 59 64
1.043462 3.434257 15.025207 83 85 59
0.538292 3.471420 14.426589 199 202 208
-1.420931 -7.042855 28.953617 57 74 42
0.355898 -6.274121 30.004695 62 41 30
-2.620090 -5.899222 29.346152 38 37 30
-2.033857 -5.453973 28.254131 43 31 28
-3.154593 -5.482152 28.773599 116 119 113
-4.956277 -5.088314 27.964563 53 52 51
-2.649162 -5.022123 27.731146 137 138 144
-2.649162 -5.022123 27.731146 137 138 144
1.637801 -5.052367 29.244297 49 60 35
-1.524374 -4.860933 27.982218 37 51 34
0.889231 -4.898232 28.577830 68 80 52
-2.475679 -4.722519 27.331292 41 34 46
1.160953 -4.433129 26.859599 80 95 36
2.482972 -4.247883 26.720401 145 149 65
-5.611861 -4.337318 26.879003 63 66 72
-5.268815 -4.147938 26.082439 245 246 251
-2.927546 -3.819254 23.993970 137 119 112
2.616072 -3.818341 26.636766 51 63 26
-2.037005 -3.844590 26.401734 106 92 91
-2.879751 -3.310247 23.602740 104 76 74
2.736103 -3.499175 26.557456 85 103 62
2.735681 -3.498586 26.553881 85 103 62
1.586086 -3.349008 25.833299 95 95 97
-1.056366 -3.257656 25.312165 179 193 203
-1.676026 -3.079275 25.110524 44 33 29
-0.434192 -2.875748 25.024338 136 136 110
-0.239337 -2.791583 25.072622 77 75 66
-0.238300 -2.778591 24.965110 77 75 66
2.454374 -2.527523 24.434092 27 23 24
-3.992693 -2.325739 23.530736 34 29 37
-0.133075 -1.904138 23.636080 68 43 49
-1.662813 -0.217103 19.872451 142 142 106
-3.278485 0.117167 19.113798 75 65 76
0.657188 0.704902 17.494300 73 71 76
-2.324668 1.003987 16.054832 82 72 73
-2.221159 1.438808 17.571910 31 26 30
-0.370409 1.548037 17.696492 72 36 38
-1.714577 1.643388 17.370236 24 24 32
1.625366 1.902416 15.251620 77 75 78
-0.317545 2.457063 16.291247 120 121 126
-2.774218 2.827294 14.721796 101 90 84
-1.250078 2.839310 13.471469 205 218 227
-0.451620 3.155083 14.467807 112 112 120
0.118833 3.417023 14.789684 92 95 102
-1.888460 3.274596 13.441476 94 68 71
-1.325049 -6.627456 29.498743 27 38 24
-2.075878 -6.529223 30.630627 22 24 22
-1.234392 -5.963560 29.247509 23 31 22
2.546961 -5.889848 29.574492 45 61 34
-4.571165 -4.988510 27.206041 250 249 245
-1.899885 -4.783588 27.570780 24 35 18
-2.571916 -4.731595 27.402091 49 42 50
0.487479 -4.826836 28.409982 41 54 47
-0.299729 -4.777452 28.259227 59 59 60
2.260321 -4.248994 26.635768 56 64 25
3.364539 -4.009954 27.904911 52 64 44
-1.176959 -3.583499 26.064017 52 66 40
-0.367069 -3.195273 25.661359 48 51 37
-0.669076 -3.178183 25.732546 35 43 30
-0.792739 -2.837670 24.595333 190 202 200
-0.839410 -2.131666 23.131164 120 95 88
-2.600880 -1.992621 22.406448 251 246 247
-3.105258 -1.995951 23.095272 68 56 63
-2.958206 -1.618833 22.083911 160 155 149
-3.040210 -1.070816 21.462183 51 33 43
-0.410937 -0.264168 18.726666 126 122 123
1.162541 0.095821 19.831831 60 72 32
1.506924 1.093343 17.276989 70 91 31
-0.576232 1.770532 17.234575 150 142 140
-3.209677 1.803427 16.087827 68 48 41
-3.209677 1.803427 16.087827 68 48 41
1.230244 2.816085 15.018321 233 233 233
0.546267 3.196536 15.143185 137 137 129
-1.327180 2.723876 13.383181 60 43 51
-0.825897 3.334406 14.415849 114 89 92
-0.014619 3.551851 14.538466 115 118 125
-3.295311 -10.477890 37.078446 117 118 122
0.608979 -7.493427 31.997951 26 35 34
0.611259 -7.500042 32.022681 26 35 34
-0.580052 -6.685131 28.800428 33 46 28
1.167794 -6.656860 30.162691 209 170 127
-0.597499 -6.146716 29.383804 30 32 30
-3.018045 -4.196323 24.481383 102 86 84
1.949311 -4.014812 27.635815 51 64 42
0.966126 -3.370618 25.575325 167 169 181
1.338718 -3.238976 25.817877 96 90 97
-3.863270 -3.139543 24.841416 62 51 39
-0.378083 -2.427206 24.457484 80 92 54
1.730879 -0.405615 21.488170 117 110 90
-2.369529 0.582596 19.187241 114 117 124
-3.120915 0.500016 16.820774 140 120 110
-2.745290 0.669616 18.874752 106 104 107
-0.123507 0.824389 17.529904 105 79 78
-0.303623 0.973361 18.054309 242 241 250
0.532586 1.976987 16.505117 231 235 233
-1.559578 2.279345 16.328099 144 148 151
1.450923 3.498401 14.649352 175 154 159
0.869757 -4.347305 27.492441 132 136 138
-2.118243 -4.136897 26.608032 24 35 31
-2.118243 -4.136897 26.608032 24 35 31
-4.825394 -3.406635 25.299992 147 148 153
-2.053957 -2.893845 23.147234 68 50 60
0.639731 -2.903159 24.915942 89 72 78
2.361769 -1.978288 22.079002 15 31 4
-3.557921 -0.512512 20.948866 31 35 51
-2.360080 1.622234 15.682878 153 131 120
-0.038737 2.728762 15.920361 10 17 33
-3.112011 3.050864 14.665372 27 33 21
3.960471 -11.285692 37.945260 98 106 117
-5.268742 -5.137105 27.964939 136 37 66
-1.671086 -2.473522 22.380601 145 158 174
0.299520 -2.486308 24.145409 123 126 133
-3.230479 -2.114082 23.320052 140 142 154
-2.146941 1.777214 16.751514 84 75 76
-2.947501 2.573890 15.483728 31 31 24
1.158092 2.899504 15.192497 209 212 217
-1.052302 2.819197 13.903740 71 60 64
1.246482 -6.526664 31.009330 198 163 132
0.533684 -5.721777 29.145309 74 92 55
3.364437 -4.701252 28.261056 148 132 102
-1.998578 -0.572242 20.712276 31 34 23
-0.517223 -0.518709 19.039225 167 167 168
0.728525 2.935783 15.630565 49 80 21
0.743275 3.474858 14.204247 242 251 255
-0.765441 0.418372 18.242870 157 146 152
2.299862 -8.431841 33.052536 27 38 21
1.026017 -2.345417 24.135573 96 69 58
0.750303 -3.644882 25.821207 96 95 100
0.749968 -3.642785 25.800917 96 95 100
-1.254950 -6.539628 30.121361 24 34 22
-1.642942 -9.849712 35.190124 112 90 91
-0.602677 -0.747107 19.313576 179 174 174
2.372459 -8.465545 33.542548 73 83 64
-2.737747 -6.204578 30.073598 184 157 149
-5.519017 -4.901582 27.970364 118 116 121
2.792157 -9.384626 34.349390 79 92 75
-3.758656 -1.523011 22.399439 98 99 104
0.217908 -6.702492 31.030419 90 30 40
2.379927 -13.005186 40.509066 93 84 87
0.340121 -12.451221 39.407735 122 119 128
5.419495 -13.044545 41.893608 228 216 231
-0.389414 -10.390296 35.911219 215 206 205
-3.566160 -10.839545 37.766619 129 130 132
0.428956 -10.150384 36.042842 88 88 90
4.870928 -10.460255 37.599946 217 189 194
-0.812901 -9.958660 35.465952 194 188 194
-0.812901 -9.958660 35.465952 194 188 194
0.517027 -10.076431 36.206740 77 69 76
1.943879 -9.374695 34.005956 92 112 55
0.917957 -10.021163 36.472582 188 186 187
0.917957 -10.021163 36.472582 188 186 187
5.138506 -10.227581 37.489754 54 45 56
3.562750 -10.150826 37.189791 99 109 118
3.562587 -10.150801 37.190325 99 109 118
5.135256 -10.159015 37.533350 32 33 38
4.178619 -10.168907 37.618019 40 44 55
0.496493 -9.769443 36.135967 87 67 58
4.722684 -9.959975 37.307527 201 208 216
-0.755807 -9.586572 35.623107 37 37 45
-0.756257 -9.592624 35.644630 37 37 45
4.437726 -9.842738 37.213211 68 61 58
-1.548698 -9.401754 35.411233 131 134 141
4.878760 -9.632339 36.783112 232 232 241
2.097839 -8.878899 33.786005 73 89 63
3.775208 -9.724082 37.166493 62 59 55
1.123401 -9.594259 36.512144 122 111 104
2.635273 -8.758083 33.368410 25 37 17
-0.442806 -9.477205 35.990902 33 30 41
-1.218781 -9.287266 35.585965 211 206 211
0.406587 -9.255736 35.703000 49 40 43
-0.990037 -9.072710 35.414983 63 56 46
1.575889 -8.713796 34.162012 25 39 13
1.012250 -8.974179 35.232586 67 43 40
0.404922 -8.897075 35.102010 234 213 212
4.017767 -9.075693 36.097976 68 75 56
-0.803290 -8.879034 35.123261 59 57 42
-0.339344 -8.609218 34.354293 95 98 75
2.076781 -8.361415 33.895310 27 41 18
0.786791 -8.568988 34.881303 44 39 39
0.786791 -8.568988 34.881303 44 39 39
1.265189 -8.198567 33.931650 143 132 117
-2.978089 -8.054403 33.010191 96 95 37
-5.534523 -7.928120 32.633094 123 114 124
-5.539353 -7.932255 32.655637 123 114 124
-3.737290 -7.618492 31.768076 50 64 15
-1.779562 -7.160957 30.231825 45 58 45
1.084932 -7.677602 33.150982 160 157 137
-2.346414 -6.954052 30.253579 33 50 15
-4.698953 -6.485421 28.225328 145 127 107
-2.313084 -6.739291 30.383488 57 70 53
-6.440774 -6.716703 30.398751 65 55 54
3.284927 -6.515403 30.236651 252 241 249
-4.173658 -5.869448 27.144428 96 75 72
-3.729458 -6.358361 29.953183 99 100 94
-2.798492 -6.390286 30.415583 91 69 56
1.577960 -6.212175 30.015861 187 185 198
-2.990569 -6.159138 29.893813 135 143 122
-2.979319 -6.142392 29.796947 135 143 122
0.366314 -6.145710 30.222471 49 69 33
-0.563560 -5.998367 29.876404 150 148 149
-0.644387 -5.988634 29.887453 136 138 135
2.988196 -6.074061 30.682663 38 28 36
-5.622710 -5.885049 29.094520 89 79 88
-0.604998 -5.972472 29.942492 27 24 25
0.015323 -5.900129 30.213688 45 39 31
0.648724 -5.838815 29.919957 96 111 75
-6.119110 -5.582890 28.816061 25 30 34
0.576439 -5.604982 29.481869 51 68 34
-5.909962 -5.507844 28.610025 234 234 246
-0.277747 -5.506161 29.049796 142 143 145
1.921066 -5.545532 30.170313 146 138 135
0.900426 -5.268062 28.738625 102 123 67
1.538160 -5.333822 29.373413 80 83 76
1.482982 -5.262389 29.414837 46 50 36
3.010881 -5.006556 28.204387 188 187 193
-2.271591 -4.963219 27.547143 140 156 118
-1.258413 -4.933061 27.653122 49 60 22
-1.260476 -4.940375 27.697009 49 60 22
-0.969584 -5.076441 28.594873 161 168 178
-5.385439 -5.002301 27.982351 102 92 92
-3.145017 -4.753281 26.817489 101 81 90
-1.654045 -4.894552 27.802519 5 43 22
2.172075 -4.913072 28.277724 255 245 228
-3.039689 -4.647586 26.450611 93 78 88
-1.320236 -4.771626 27.695777 7 13 1
-6.045637 -4.908728 28.414979 146 145 150
-3.561825 -4.340195 25.288171 92 70 71
2.637421 -4.509221 26.991729 68 65 18
-0.561913 -4.633345 28.231369 86 87 74
2.095218 -4.449198 27.377011 189 169 128
-2.576050 -4.466860 27.229951 126 124 135
-2.829366 -3.898964 24.144459 90 74 77
1.842726 -4.354950 28.192598 64 75 43
-2.355198 -4.007278 25.752190 75 77 89
-1.036803 -4.191104 27.254845 50 57 65
2.316290 -4.057947 26.749333 35 43 2
-0.132785 -4.142169 27.073897 121 116 112
-0.106799 -4.198076 27.635554 121 116 112
1.421991 -4.090490 27.114345 174 178 157
-1.990627 -4.029609 26.561649 117 110 117
-4.855405 -4.016265 26.411170 119 118 116
-2.297005 -3.876907 25.764058 209 204 210
2.313122 -3.925972 26.567318 104 114 62
-5.152439 -3.926477 26.054659 221 223 228
0.709372 -3.964982 27.201023 134 135 130
-2.587558 -3.614535 24.328339 83 71 77
0.378642 -3.870961 27.038435 117 118 114
-0.326374 -3.820411 26.628987 136 133 126
0.693237 -3.803842 26.861399 52 61 60
0.688426 -3.793991 26.772541 52 61 60
3.386266 -3.811834 27.732282 65 63 46
1.219229 -3.676694 26.636340 103 103 108
-0.456760 -3.689242 26.594115 68 66 53
-1.005086 -3.641778 26.287421 58 61 43
2.232025 -3.680245 26.920134 77 85 61
2.232899 -3.681181 26.922363 77 85 61
2.654074 -3.535242 26.534843 49 67 33
2.646178 -3.480986 26.503137 101 121 93
0.627897 -3.446364 26.090999 102 102 99
-1.250856 -3.322413 25.252098 103 96 85
-5.623505 -3.362532 25.380378 103 103 111
0.881460 -3.344268 25.864355 238 236 236
0.048006 -3.317384 26.018025 122 125 94
1.660531 -3.233242 25.706153 161 160 164
2.895996 -2.699062 21.912301 117 142 76
-0.561478 -3.103933 25.471452 23 35 13
-5.640305 -3.077247 24.892118 130 128 129
2.541976 -3.042916 26.247696 99 91 82
-3.717741 -2.924251 24.509799 106 99 88
2.629167 -3.015099 26.194795 155 157 114
2.946065 -2.426467 21.949828 26 52 4
-5.375453 -2.732805 24.272222 119 117 118
2.574307 -2.366118 21.396845 62 93 26
2.177980 -2.725381 25.208319 21 24 29
-0.838072 -2.626218 24.374564 127 126 136
-5.248777 -2.614124 24.119049 140 135 139
-2.351400 -2.389568 22.113996 185 184 200
-5.334964 -2.581774 24.033318 118 114 113
2.615765 -2.275375 21.707151 22 53 0
-3.715660 -2.530703 23.948245 134 124 118
2.636902 -2.170355 21.378567 96 120 72
-3.599845 -2.365164 23.581684 91 82 77
-3.598833 -2.366028 23.574915 91 82 77
-5.128670 -2.309709 23.347388 43 37 41
2.506600 -1.901897 21.481434 94 114 86
1.052160 -2.086251 23.920133 44 41 33
-2.442605 -1.952524 21.901764 229 225 230
-1.474819 -1.842987 20.812768 160 148 148
-3.307521 -1.998651 23.040892 251 250 252
-1.240491 -1.732241 20.535406 82 62 61
0.329867 -1.852942 23.524461 114 98 92
0.395726 -1.834561 23.676353 89 79 66
-2.445082 -1.760140 22.061267 254 250 249
-1.175939 -1.643484 20.675669 40 29 33
-2.391298 -1.706352 21.685412 255 252 251
1.290500 -1.392960 23.190679 120 116 92
0.655412 -1.379912 23.010067 81 73 59
1.427023 -1.364727 23.168417 84 80 50
-0.582512 -1.325424 22.497649 106 87 83
-0.203777 -1.308205 22.692090 100 90 81
-0.404500 -1.267546 22.576719 107 99 89
-0.195476 -1.185913 22.614513 70 65 46
0.286549 -1.004634 21.950959 81 91 48
-2.255541 -0.953268 21.648252 149 151 130
-4.043823 -0.876442 21.299116 177 177 181
-1.558779 -0.666479 20.443362 224 217 206
1.063208 -0.544762 21.434494 24 41 9
-1.622269 -0.439929 20.588958 219 208 207
-1.624228 -0.438994 20.594996 219 208 207
-0.296738 -0.367437 18.725119 161 161 163
1.229731 -0.182151 20.109243 31 47 0
-2.249643 -0.194361 20.008924 80 80 91
-2.249643 -0.194361 20.008924 80 80 91
-1.397424 -0.202966 20.128082 194 190 185
1.320575 -0.141810 19.912995 30 46 3
1.223373 -0.119163 20.102675 131 144 74
-3.236283 -0.055395 20.083520 115 115 123
-4.147250 -0.080023 17.828031 249 249 255
-1.225393 0.062916 19.846835 238 220 225
-2.178395 0.080292 19.756607 227 227 237
-1.670704 0.131780 19.739130 195 192 185
-1.324927 0.155593 19.856102 123 110 101
0.166307 0.122979 17.980048 70 58 54
-2.889025 0.164190 19.568770 100 103 109
0.096817 0.138405 17.970706 95 84 77
-3.359224 0.090162 17.130064 44 24 16
1.637611 0.294631 20.215934 117 93 60
1.099163 0.317892 20.130700 135 108 79
0.853622 0.314619 19.856893 118 95 80
2.182545 0.360530 20.402591 53 50 27
-3.262759 0.237022 17.227404 95 83 93
1.878933 0.445693 20.330272 89 102 66
-3.140198 0.271173 17.176218 130 119 123
0.298831 0.383484 17.529630 173 152 144
-3.885967 0.361437 17.564271 167 154 146
-4.126798 0.385919 17.882483 216 204 214
-2.619325 0.472624 19.051237 132 134 146
-3.141172 0.390514 16.918061 120 100 96
-1.001784 0.546535 19.349014 109 99 82
-0.725808 0.631343 18.983510 255 246 244
0.855000 0.642736 18.897345 185 183 163
-2.472549 0.640677 18.655421 151 154 163
-0.265248 0.824352 17.699580 212 201 205
-0.430913 0.874949 18.248557 58 49 52
0.225282 0.863644 17.252710 96 95 100
0.798995 0.862437 17.124559 65 66 70
-0.736252 0.990024 18.466430 62 57 51
0.465158 1.069197 16.804541 133 131 134
0.106350 1.127661 16.995105 143 143 147
-0.668526 1.288571 18.082052 75 62 46
1.460174 1.242393 16.351772 209 220 224
1.225905 1.258964 16.239135 134 144 153
-2.691548 1.211322 15.864595 239 226 218
-3.459932 1.566302 16.866982 207 187 180
0.523842 1.532646 16.354941 163 163 171
-1.156210 1.532778 15.839917 59 60 65
-3.447808 1.674059 16.877804 218 199 193
-0.387741 1.773160 17.315230 138 118 109
0.015148 1.720943 16.417368 156 162 117
-0.243543 1.837311 16.960599 164 149 142
-3.074060 1.693604 15.998616 254 236 229
-3.071499 1.691771 15.984100 254 236 229
-3.726878 1.829932 16.705577 93 77 61
-1.819489 1.992225 16.874235 126 119 118
-2.954314 1.833188 15.723373 254 235 228
-3.706664 2.001716 16.449689 128 119 105
0.271725 2.108001 16.731059 102 101 105
-0.444273 2.087850 16.527990 32 34 47
-3.682952 2.006573 15.959015 188 181 167
0.482451 2.090675 16.323166 130 126 126
0.660747 2.150269 15.964540 162 161 159
-2.729058 2.188895 15.316493 159 154 146
0.127383 2.408403 16.403695 84 71 63
-1.417019 2.472363 15.795087 58 59 61
1.682942 2.308030 14.766938 100 91 85
0.051233 2.579851 15.776453 33 34 40
-3.268926 2.516240 15.534191 64 36 30
0.922208 2.560252 15.637162 236 231 235
-3.082747 2.761697 15.286613 218 217 213
-3.083338 2.761986 15.289195 218 217 213
-3.469777 2.742403 15.013085 26 26 14
1.693576 2.658581 14.458351 119 114 108
-1.593475 2.540426 13.821748 53 44 50
-1.091148 2.569917 13.665381 176 165 170
1.164504 2.971859 15.176079 202 195 198
0.841528 3.082826 15.090403 38 31 14
-1.547193 2.724485 13.545699 47 35 47
1.247416 3.247143 15.017781 54 55 56
0.889275 3.235553 14.922651 98 98 71
0.497008 3.311798 14.977992 148 142 144
1.680470 3.289479 14.020092 195 197 196
1.543611 3.610952 14.592569 56 38 44
1.689295 3.468814 14.007900 131 137 135
-3.013017 3.541810 14.030683 192 190 191
-2.831227 3.516848 13.910924 155 151 156
-2.678878 3.547354 13.980586 140 122 126
1.628162 3.832716 14.239717 127 116 120
-7.949162 -13.574951 41.405751 78 77 73
4.614528 -12.862594 41.719032 83 83 93
6.774557 -12.735637 41.814598 97 103 115
-0.134921 -10.518604 35.567694 53 44 54
5.337531 -10.871734 37.793085 186 186 190
5.782094 -10.906087 37.979800 133 134 138
1.242425 -10.507915 36.772874 184 169 166
1.689583 -10.425473 36.670757 190 180 182
-5.781435 -10.446124 36.954667 84 87 92
2.266444 -9.346292 33.897165 26 49 2
1.883081 -9.319064 33.970921 91 109 57
2.476513 -9.098763 33.279070 32 47 26
1.499081 -10.055472 36.834640 52 51 46
1.499831 -10.058810 36.828914 52 51 46
2.227684 -9.240730 33.923853 14 35 1
-1.260338 -9.500475 35.415578 143 148 153
0.294074 -9.434164 35.609331 75 54 35
0.296838 -9.463678 35.732156 75 54 35
-2.890679 -9.073259 34.428989 129 128 134
2.704944 -8.582726 33.077301 56 69 51
0.888471 -9.081863 35.444622 78 60 58
-1.365890 -7.850101 30.483020 167 139 104
-0.389039 -8.978012 35.178558 169 170 156
0.162936 -8.870351 35.123917 88 58 54
1.365712 -8.791040 34.921878 79 83 61
1.337103 -8.706268 34.871293 22 15 4
1.864291 -8.502108 34.190980 67 83 46
1.612600 -8.471961 34.521383 74 83 58
0.757145 -8.378221 34.352351 166 159 166
-3.298048 -8.022298 32.655959 71 61 49
3.274212 -7.958093 33.120640 154 163 120
1.267407 -8.129384 33.994214 105 103 71
2.963968 -7.820431 32.840825 156 161 132
-4.599909 -7.647926 31.789937 37 49 25
-1.015663 -6.838152 28.604935 77 89 67
-6.451474 -7.279132 30.252538 194 180 177
1.167752 -7.896014 33.988879 93 92 62
-3.067615 -7.238140 31.231093 32 42 15
-3.855457 -7.270049 31.420306 51 59 46
-1.032375 -6.634619 28.737320 28 41 22
-4.765619 -7.239177 31.341010 49 52 51
-1.735932 -6.416058 29.333720 69 80 63
3.643813 -6.603615 30.716273 77 65 77
-3.031121 -6.443736 30.570475 122 104 76
-2.152269 -6.110391 28.985664 126 138 89
-4.330917 -5.722925 27.127301 129 112 105
-4.330917 -5.722925 27.127301 129 112 105
-2.740544 -6.376371 30.462193 137 119 107
-5.704845 -6.140793 29.382460 75 71 72
-2.090755 -5.944617 28.959775 48 63 10
3.604134 -6.006455 29.980190 26 17 26
0.501971 -6.017138 29.736704 93 104 72
-2.194621 -5.834754 28.725546 91 113 66
-1.406563 -5.844095 29.103312 34 37 19
-0.224956 -5.950911 29.909273 55 59 52
0.099107 -5.998345 30.205422 39 35 25
-5.960596 -5.793347 28.785087 69 69 77
-2.104270 -5.751024 28.749010 84 109 64
-5.653268 -5.615155 28.579283 61 64 73
-0.415422 -5.471799 28.906321 132 134 129
1.289724 -5.615292 29.894188 122 103 99
-5.330085 -5.312662 28.198589 204 109 139
1.233734 -5.439560 29.886754 59 71 47
-3.093551 -5.015712 27.557768 41 42 37
-0.546224 -5.121094 28.414634 128 136 115
-0.866318 -4.633538 27.420306 87 90 99
2.201899 -4.451635 26.900952 124 109 52
-4.311889 -4.464016 26.649587 131 131 136
-0.242764 -4.654978 28.283747 100 103 82
2.109234 -4.419910 26.988586 121 104 55
3.755048 -4.646498 28.779779 58 40 36
3.751101 -4.638762 28.725303 58 40 36
3.196713 -4.478327 27.864291 64 71 38
-1.891476 -4.439466 27.564158 61 66 60
2.587947 -4.237797 26.652483 126 129 62
-1.814248 -4.400383 27.513719 62 62 58
-2.385286 -4.199280 26.482599 42 48 48
-0.869405 -4.182367 27.254660 61 61 57
-3.822750 -3.893056 25.116191 255 242 241
-1.854269 -3.887246 26.294486 65 53 57
-0.410117 -3.904116 26.950077 103 103 78
-0.163285 -3.852055 26.726051 128 124 117
0.230460 -3.482664 26.500400 152 148 122
-1.468788 -3.387262 25.833669 135 133 110
0.419269 -3.389851 26.119939 150 146 140
0.627099 -3.301654 25.897817 77 84 90
0.622382 -3.297288 25.865693 77 84 90
-0.479260 -3.193193 25.716082 37 45 24
-1.302503 -3.116593 25.226963 184 183 194
-2.470858 -2.769293 22.549378 121 110 109
-3.268969 -2.888406 23.851272 134 125 120
-1.565408 -2.985415 24.946579 155 139 142
-4.387302 -2.823893 24.460653 21 24 33
2.775325 -2.879855 25.720899 48 63 34
2.635429 -2.773385 25.790696 34 30 31
-5.313367 -2.693040 24.263477 144 142 143
2.773442 -2.252817 21.599522 19 42 0
-5.334938 -2.520003 23.840675 59 49 48
-3.306468 -2.401598 23.514762 142 140 141
2.673631 -2.134247 21.403787 85 108 62
-2.650572 -2.252747 22.398773 82 70 64
-2.433138 -2.210265 22.042965 137 122 126
0.021798 -2.235856 24.277610 45 45 35
-2.254450 -1.951882 21.719795 133 130 137
0.458441 -2.019383 23.663715 69 41 39
-1.315534 -1.816568 20.778134 57 46 46
-0.655248 -1.870969 23.263894 141 120 119
-1.282162 -1.689011 20.514009 160 135 137
1.008132 -1.862193 23.824888 100 92 61
-3.723105 -1.799666 23.026813 120 121 126
-0.976179 -1.521799 21.124706 208 200 197
0.018931 -1.566074 22.642648 36 32 39
1.263500 -1.493940 23.294148 137 128 111
1.314762 -1.503436 23.390062 142 132 119
1.690132 -1.471582 23.339499 66 64 45
2.904336 -1.324834 22.021380 17 28 12
-3.601473 -1.253560 21.876889 109 110 115
-3.171284 -1.268087 21.783338 24 26 40
-2.913975 -1.182611 21.590250 35 34 51
-4.036772 -1.192759 21.641909 63 63 84
1.257136 -1.122370 22.329362 87 96 51
0.224175 -1.001517 21.878736 81 90 45
-4.161408 -1.022775 21.515585 136 140 143
1.817442 -0.948619 22.500356 35 52 10
-3.762604 -0.893603 21.245414 140 139 145
-1.969389 -0.780337 20.042778 45 60 39
1.314377 -0.768831 21.601083 94 114 61
-4.075906 -0.739999 18.592792 85 87 100
-1.450643 -0.726920 19.916820 221 217 207
2.261967 -0.685758 20.051717 103 119 48
-1.588485 -0.549426 20.484673 146 144 147
-0.084051 -0.533882 21.022739 80 84 93
0.363394 -0.476470 20.848873 52 67 46
3.162426 -0.399004 21.067900 24 40 4
-2.644151 -0.394803 20.729392 95 95 103
-1.255025 -0.398032 19.619364 226 231 234
-3.580476 -0.195626 17.824909 106 94 99
-1.475906 -0.079389 19.945224 91 88 67
-0.106993 0.020570 18.214141 86 69 61
-2.952429 0.099269 19.774114 26 28 41
0.743794 0.234650 19.758166 109 104 86
0.981672 0.369235 19.879008 98 64 33
-0.884578 0.471180 19.237170 104 90 91
1.897016 0.546840 19.576678 189 197 172
-1.551065 0.539715 19.157372 120 111 116
-1.279097 0.635582 18.986104 36 32 23
2.399286 0.718708 19.927819 88 68 49
1.104925 0.796610 19.030087 23 42 18
-2.617326 0.856793 18.343420 56 63 69
1.077699 0.927959 18.836448 175 179 182
0.647914 0.851178 16.895221 168 160 158
-2.169008 1.064467 18.002467 233 241 251
-2.095207 1.145648 17.851540 227 234 242
-0.153922 1.376696 17.731098 138 121 125
1.019888 1.260242 16.259421 131 131 139
1.241171 1.709320 15.562937 119 104 97
2.076069 2.086745 17.098192 129 119 107
0.273627 2.041160 16.739024 239 242 247
0.253095 2.134533 16.682839 102 107 113
0.516486 2.110973 16.409750 60 55 59
0.673665 2.018649 15.788710 178 178 180
1.481450 1.974110 15.266659 96 92 89
-0.178961 2.191665 16.436522 32 27 34
1.602456 2.000294 14.689649 81 79 80
0.462848 2.218913 15.641824 162 159 123
1.054067 2.488208 15.072241 154 155 154
-3.319084 2.510819 15.016819 122 144 45
0.037056 2.771457 15.581206 18 26 51
0.852679 3.045211 15.145033 53 50 41
-2.213385 2.876957 14.266553 201 185 182
0.980702 3.220377 15.353101 31 24 14
0.616913 3.242324 15.317167 112 109 102
-2.513765 2.980111 14.187750 111 86 90
0.698680 3.223554 15.051559 60 59 64
0.685740 3.311621 15.082056 142 137 141
-3.073745 3.378218 14.324122 127 128 127
0.261161 3.540093 14.595680 200 201 208
1.549050 3.508280 14.414034 244 222 225
1.379589 3.584640 14.537690 107 108 101
-2.107481 3.352955 13.465578 101 82 84
-0.141481 3.621773 14.319463 91 100 131
-2.992066 3.546455 13.954697 75 75 75
0.884131 3.630313 14.071473 144 146 158
0.884546 3.633246 14.081316 144 146 158
-1.822771 3.481776 13.545493 94 81 78
1.171924 3.705723 14.239873 101 81 79
-2.734865 3.650300 14.014396 85 70 65
-0.435256 3.706354 14.144967 31 32 27
1.672911 3.793729 14.198508 133 133 138
0.749983 3.767118 14.103445 194 193 202
1.578548 3.909734 14.262293 131 126 125
1.621807 3.964173 14.198125 139 132 131
4.218119 -13.055223 41.389333 185 185 183
0.205507 -12.425586 39.564006 205 207 220
-3.158507 -11.815982 38.041062 219 214 218
6.470872 -12.478130 41.412644 62 61 77
3.806608 -10.980809 37.127611 73 78 90
3.719261 -10.927447 37.157605 124 126 138
4.471592 -10.773036 37.248810 97 82 87
5.603596 -10.899785 37.861016 185 186 191
3.767711 -10.578719 37.151459 206 209 216
1.547993 -10.284729 36.713134 177 175 179
0.152438 -9.990305 35.963134 60 57 66
1.526067 -10.158650 36.727295 196 191 194
2.434923 -9.222532 33.435180 66 81 52
5.327885 -10.234652 37.634083 185 183 193
2.085221 -9.216013 34.025025 19 36 4
2.549392 -9.022344 33.303712 78 94 68
-0.809089 -9.637516 35.601143 207 196 207
1.802810 -9.172451 34.057877 30 46 7
1.804451 -9.176440 34.071024 30 46 7
-1.084987 -9.554005 35.415088 186 182 179
2.124270 -9.011908 33.713020 27 43 14
-3.114153 -9.475420 35.254603 136 142 128
1.932434 -9.077128 34.141229 24 39 8
0.216446 -9.430090 35.502943 147 125 96
2.330480 -8.819185 33.464624 30 45 25
-3.232896 -9.136699 34.561467 202 207 196
1.270002 -9.582841 36.527060 57 52 40
-1.394525 -9.038322 34.808471 52 41 29
1.921564 -8.793101 34.017452 36 56 7
-3.865833 -8.904662 34.295360 71 70 39
0.614335 -9.177938 35.739852 213 196 189
0.178264 -8.986980 35.049122 93 64 58
1.093640 -8.757206 35.179558 84 57 46
-5.866468 -7.447617 29.865739 119 114 121
-2.183827 -7.490294 30.272412 33 50 23
-4.961311 -8.028631 32.445235 59 50 51
1.406952 -8.454203 34.640830 144 129 110
-0.075446 -8.396923 34.424913 98 107 69
-1.098709 -7.013218 28.667958 40 56 20
-0.902570 -6.910954 28.549693 75 89 63
0.711239 -7.633732 31.831695 27 35 24
0.844681 -7.729785 32.562505 152 156 137
-5.479288 -7.698802 32.201616 55 55 69
0.177919 -7.557696 31.945914 88 96 72
-1.161778 -6.806228 28.707782 59 70 56
-3.209469 -7.243292 31.337510 43 46 32
-6.502339 -6.995342 30.593899 142 133 134
0.685470 -7.206732 32.143109 139 126 128
3.379938 -6.742471 30.520111 111 109 115
-5.541452 -6.505191 29.103615 215 203 207
-1.604466 -6.301711 29.321569 23 37 14
-3.807428 -6.423134 30.068523 116 115 110
2.286153 -6.258838 29.939972 85 76 62
2.649276 -6.111609 29.744096 92 95 58
-1.414536 -5.987487 29.170061 60 68 53
-1.413231 -5.982334 29.141464 60 68 53
0.270883 -6.027044 29.653295 95 110 79
1.019066 -6.323362 31.323333 154 128 111
0.873897 -6.266845 31.246087 75 40 47
2.238894 -5.922689 29.633615 66 72 36
-5.018238 -5.645151 28.144116 104 88 83
-5.023708 -5.649251 28.173457 104 88 83
-1.431055 -5.817340 29.363171 129 127 105
2.526255 -5.748720 29.261862 43 51 32
3.596804 -5.593074 28.534569 87 90 115
2.165307 -5.895621 30.132588 25 17 7
-1.217685 -5.643824 28.529442 86 94 71
0.506639 -5.792003 29.723890 53 69 33
1.297251 -5.842271 30.115906 170 133 117
-6.027003 -5.675588 28.791546 197 201 210
3.630150 -5.493339 28.482289 91 97 123
3.363001 -5.398936 28.215968 87 100 126
-6.245008 -5.616224 28.904415 91 91 96
2.776096 -5.302514 28.150504 85 100 125
2.518550 -5.230793 27.925003 92 96 119
-1.751924 -5.333599 28.207905 54 61 28
-2.189961 -5.276406 28.045317 58 68 39
-5.443579 -5.290690 28.116713 200 90 132
-5.445302 -5.293291 28.131379 200 90 132
1.288585 -5.454254 29.828193 99 106 90
-3.185246 -4.856940 26.783497 170 140 152
0.380097 -5.118447 28.726687 73 73 65
-2.647601 -4.981650 27.737531 118 123 129
-3.091884 -4.886185 27.158690 195 186 196
-4.991467 -4.853949 27.026629 103 104 91
-1.742256 -4.715061 27.460292 43 50 36
4.327507 -4.786314 28.850965 88 87 66
0.061988 -4.805504 28.680035 49 44 24
3.168726 -4.638396 28.302853 186 177 160
2.395253 -4.288420 26.547867 127 133 70
3.117717 -4.477311 28.133204 183 187 165
-5.347615 -4.281668 26.206223 78 82 92
-1.860624 -4.226539 26.790249 115 117 112
-4.549142 -4.193120 26.705734 93 83 82
-4.559974 -4.195757 26.752742 93 83 82
-3.764547 -3.926728 24.818153 184 153 155
0.752322 -4.210176 27.594635 109 116 108
1.915160 -4.137587 27.647926 43 63 29
-4.510353 -4.015850 26.305085 94 80 75
-5.813410 -3.766894 25.694411 53 52 60
0.101474 -3.820768 26.824005 103 103 103
-2.353821 -3.400512 23.461805 76 63 75
-3.781428 -3.383340 24.927000 110 100 99
-4.622320 -3.211736 24.831143 176 177 196
-4.532119 -3.135832 24.646409 75 84 118
2.590257 -2.712165 22.065224 47 74 16
-0.698571 -3.103499 25.671318 31 43 32
2.912232 -2.519973 21.901278 25 46 13
2.797305 -2.323342 21.596257 83 107 57
-4.002079 -2.440506 23.600706 32 37 50
-5.123285 -2.334236 23.317361 49 45 46
0.404301 -2.267499 23.804802 27 36 43
-5.215716 -2.280429 23.523420 124 119 115
-4.056087 -2.221171 23.516198 116 114 120
2.676323 -1.958201 21.414204 26 51 12
2.674757 -1.957095 21.385608 26 51 12
1.505656 -2.107644 23.663718 194 205 207
0.364367 -2.003506 23.644143 70 40 38
-0.598950 -1.969129 23.158661 147 133 122
2.428222 -1.752993 21.589520 28 47 13
2.667556 -1.407764 21.888099 60 72 50
-2.048195 -1.314898 21.389213 163 162 165
0.279814 -1.337079 22.847101 75 65 55
-3.894153 -1.087864 21.682468 43 43 53
2.052842 -1.017600 22.484085 68 94 47
2.149503 -0.852941 21.672452 43 68 5
-0.527633 -0.776410 19.480403 140 138 139
-2.843416 -0.726366 21.238590 74 74 82
0.966096 -0.647788 21.262610 77 102 54
-1.599304 -0.612021 20.491476 42 37 43
1.711576 -0.591305 21.893734 43 44 37
-1.803642 -0.527021 20.898037 43 43 31
0.071028 -0.481518 21.074202 37 31 34
1.976271 -0.424853 21.454305 97 91 63
2.163638 -0.249636 20.305631 38 54 17
-3.120052 -0.007249 19.821930 41 44 53
-1.108735 0.030236 19.477032 190 171 154
0.579552 0.129942 19.852343 102 109 108
-3.310505 0.121323 17.145518 127 109 105
-1.340608 0.247646 19.629031 70 56 55
-1.981035 0.346069 19.443662 50 52 65
-1.711956 0.385402 19.375442 149 159 168
1.528741 0.465727 20.160640 78 87 60
1.632641 0.508647 20.060883 63 69 42
-0.363678 0.671909 17.883130 60 45 52
0.769498 0.728951 17.650749 71 70 75
0.147621 0.769940 17.297350 105 99 101
0.155865 0.776422 17.402470 105 99 101
0.016752 0.851320 17.407015 129 116 120
0.358991 0.844687 17.136261 141 135 139
0.358991 0.844687 17.136261 141 135 139
0.178713 0.874450 17.258666 130 130 133
-3.987194 0.895617 17.457889 114 185 223
2.062883 1.056442 17.400632 82 94 46
-1.059116 1.160936 18.264325 127 121 121
-0.840387 1.177382 18.181920 94 52 36
0.000859 1.129104 17.168864 87 90 95
1.639136 1.206842 17.231590 75 94 38
0.921050 1.201907 16.835453 189 194 189
0.935701 1.155795 16.158300 140 145 148
-3.512389 1.211128 16.738237 57 47 45
0.939117 1.221234 16.264615 186 187 192
1.802645 1.352874 17.130182 31 53 12
-2.212279 1.404446 15.800965 141 131 131
-2.211532 1.403079 15.792893 141 131 131
-0.924591 1.621898 17.334717 27 27 35
1.300489 1.537793 15.906234 71 71 81
-0.900073 1.721324 17.338823 34 35 40
-0.406751 1.794142 17.241086 109 96 88
1.835864 1.919645 16.903846 146 136 134
-1.826671 1.924939 16.882457 107 93 93
-2.122610 1.695459 15.058244 109 95 94
-1.715081 2.061700 16.765390 127 125 128
-1.865564 1.944128 14.634173 59 52 52
1.693973 2.077578 14.759316 223 209 207
1.693812 2.077688 14.758761 223 209 207
0.555640 2.519060 16.132761 143 147 148
-3.523720 2.523434 15.073874 108 125 53
-1.140462 2.770818 15.602828 59 57 34
0.203287 2.786161 15.544507 28 27 32
-2.564804 2.807877 14.682792 117 89 85
-1.567825 2.649483 13.659158 101 86 86
1.191413 3.090208 15.273868 90 48 56
-0.450478 3.076715 15.125933 193 197 206
1.411966 3.215800 14.609637 130 123 115
-2.798233 3.065796 14.075677 91 65 66
0.736156 3.304802 14.944823 36 35 36
0.711196 3.312345 14.654333 119 121 125
-3.150385 3.279038 14.454934 121 121 119
-3.150385 3.279038 14.454934 121 121 119
0.451303 3.372313 14.653977 111 112 119
1.647204 3.498671 14.141735 81 72 71
-2.953631 3.513829 14.031060 205 201 213
-2.950271 3.508616 14.013567 205 201 213
-0.592593 3.600905 14.134310 95 104 111
-0.128025 3.646166 14.288778 29 33 59
1.096479 3.691756 14.226356 84 73 70
0.863472 3.663844 14.104850 192 200 204
-2.656977 3.649023 13.989835 215 200 195
1.517031 3.780827 14.384553 59 48 56
1.473628 3.683777 14.085601 59 48 56
-3.074689 3.631511 13.905138 181 181 182
-2.886618 3.649394 13.948869 60 48 52
-0.826403 3.539125 13.582705 80 78 89
-3.031708 3.663973 13.954638 149 139 138
-0.349452 3.723051 14.003654 45 43 44
1.647017 3.805991 14.229160 246 240 242
-7.974474 -13.075853 40.536175 187 186 181
5.218961 -12.975442 41.749666 78 63 76
5.499182 -12.832650 41.719467 81 64 75
3.726139 -12.656796 41.092678 115 119 122
4.581698 -12.804136 41.893467 190 188 199
1.458984 -10.799101 36.708970 176 136 136
5.015830 -10.817131 37.674711 106 94 101
4.844963 -10.568526 37.545685 111 89 100
1.919427 -9.776891 34.699451 71 86 32
2.361570 -9.468045 34.023753 93 118 60
0.870049 -10.106767 36.459818 110 104 106
4.090203 -9.901115 37.215037 111 114 123
4.119273 -9.957633 37.420629 111 114 123
2.182399 -8.926433 33.734286 68 86 62
-1.360058 -9.290669 35.380907 186 187 181
4.571031 -9.228082 36.455779 178 184 171
1.247695 -9.010357 35.497700 83 73 73
0.724745 -8.656292 34.900503 204 189 181
0.718613 -8.631274 34.795975 204 189 181
-5.559013 -7.414217 29.627181 213 211 225
4.026484 -8.325741 34.290481 94 106 65
-1.325425 -7.026945 28.829364 87 103 64
-1.241315 -6.905158 28.648402 40 53 23
-3.493643 -7.945251 32.976539 112 117 94
-6.604547 -7.420390 30.612873 101 85 81
-2.078128 -7.151099 30.024273 28 43 20
-3.341269 -7.475272 32.038710 92 103 72
-2.102467 -7.022410 30.490793 21 33 21
-6.297606 -6.861356 29.969734 252 248 245
-6.297606 -6.861356 29.969734 252 248 245
3.089965 -6.837924 30.582296 118 114 121
-4.462756 -6.383104 28.024658 106 95 90
-3.328666 -7.077514 31.581515 85 89 61
-5.790884 -6.545384 29.137326 101 86 86
-1.472091 -6.519085 29.259002 19 32 15
-5.838110 -6.452997 29.048013 203 187 190
3.213762 -6.473587 30.342847 62 48 48
-4.099265 -6.360462 29.830417 119 120 122
4.181694 -6.316244 30.323992 80 95 57
-4.829240 -5.729371 27.853891 83 66 59
3.137538 -6.184562 30.829736 127 106 106
-6.008415 -5.898079 28.888113 245 248 254
2.199192 -6.041240 30.278124 128 111 88
-5.702144 -5.501557 28.522195 192 192 202
-5.788639 -5.459271 28.593262 47 47 55
-3.289376 -5.141838 27.497897 204 193 201
-3.469515 -4.734704 25.584521 123 92 91
1.875926 -5.445473 30.103666 90 81 82
-1.534716 -4.898079 27.475944 36 59 38
-2.687807 -4.824488 27.598987 29 45 61
0.130824 -4.883414 28.501225 124 121 109
0.850394 -4.802040 28.289061 52 57 40
-1.918107 -4.595381 27.635085 60 66 64
-4.896573 -4.481866 27.053274 220 220 212
3.482644 -4.526769 27.977731 147 148 108
-1.518389 -4.500400 27.859303 68 69 61
-3.844119 -4.091770 25.772307 240 219 214
4.495757 -4.364276 28.711468 49 57 33
-2.687078 -3.941475 25.566480 208 206 207
-4.687498 -4.073423 26.496871 166 152 149
-3.679608 -3.627697 24.468689 113 96 89
-0.825169 -3.651735 26.267933 137 142 76
-3.284353 -3.097414 23.703538 216 202 197
-0.083728 -3.278726 25.892929 112 119 88
-0.263994 -3.152515 25.653388 54 56 42
2.790839 -2.677896 21.867449 106 136 66
-4.461965 -2.973541 24.567333 48 63 101
-4.043151 -2.970826 24.749321 72 60 46
-1.400918 -2.922549 24.758721 101 82 88
-1.392794 -2.909873 24.661729 101 82 88
-4.229817 -2.543214 23.778519 58 58 66
-4.229861 -2.542371 23.778695 58 58 66
-1.039839 -2.521120 24.057868 135 126 127
-3.732152 -2.478875 23.873055 80 70 61
-3.729257 -2.476680 23.855947 80 70 61
2.699496 -1.808667 21.457761 23 35 15
2.867024 -1.792821 21.420438 17 32 11
-0.763517 -1.861079 23.116187 59 40 39
2.120023 -1.812652 23.434528 64 68 67
1.711559 -1.662299 23.431361 86 80 81
1.627680 -1.600428 23.365984 62 52 46
-0.313051 -1.294394 22.643576 115 102 96
-0.822663 -1.127341 19.232297 110 100 97
-0.766424 -1.114635 19.320557 126 116 115
1.714934 -1.202304 22.546702 91 100 54
-1.872317 -1.040460 20.738706 229 230 228
-3.876785 -0.951738 19.340074 85 81 87
-2.145281 -0.754282 20.340735 84 92 55
0.789499 -0.708197 21.388450 63 83 30
1.506202 -0.456662 21.527202 107 101 79
0.368809 -0.399922 20.926830 32 37 21
0.087862 -0.332099 21.051055 61 57 48
-3.096325 0.070994 19.813494 26 24 35
-2.076746 0.289168 19.543886 137 138 143
0.143396 0.255139 17.816596 127 93 87
2.479902 0.456740 19.970662 112 124 123
1.049270 0.526393 19.441120 72 85 56
1.936451 0.576562 19.540113 105 107 95
-1.046631 0.905494 18.637553 41 37 41
0.672362 0.872763 17.060326 179 175 169
0.349203 1.043309 16.974708 117 117 119
1.631500 1.108249 17.396592 94 116 54
1.880953 1.121632 17.290340 27 42 0
1.937474 1.137425 17.284744 83 98 48
2.116019 1.141368 17.242271 33 46 5
1.540062 1.173602 17.438362 63 79 41
-2.158208 1.408295 17.886246 109 107 112
2.144545 1.523084 17.538013 48 59 29
-2.280320 1.327810 15.990039 89 77 77
2.126641 1.575918 17.532808 12 24 2
-0.193077 1.630357 17.757121 146 131 129
0.340215 1.617594 16.441792 208 208 210
-3.498742 1.707336 16.963304 54 35 30
0.149837 1.710013 16.819385 174 179 150
0.197269 1.718876 16.854992 151 152 138
1.872572 1.873554 17.360209 61 50 45
0.406707 1.933642 16.558641 54 55 60
2.077906 2.061343 17.195672 144 135 119
1.926399 2.019019 16.813246 113 105 92
1.926399 2.019019 16.813246 113 105 92
1.640595 2.125665 14.783947 158 133 126
0.090190 2.567951 15.783126 110 110 110
-2.591393 2.599196 15.094687 129 111 114
-2.664563 2.895210 14.463902 80 70 71
-2.412517 2.941862 14.222517 89 67 66
1.223316 3.211660 15.254739 116 111 100
-2.835206 3.173284 14.187254 201 177 173
-2.726955 3.164457 13.952841 153 152 158
1.277109 3.548130 14.754534 79 69 68
1.676695 3.321095 13.941417 236 239 238
1.221728 3.572158 14.732589 76 67 62
-2.743647 3.377971 13.961884 73 65 63
-0.291153 3.595896 14.508610 110 111 115
1.292514 3.638752 14.631720 60 46 45
1.373634 3.629943 14.489965 49 45 42
1.466572 3.675291 14.529969 104 85 87
1.046998 3.673760 14.368985 126 119 119
1.469478 3.722791 14.531851 61 47 47
0.035387 3.730620 14.279547 92 111 150
0.661124 3.726675 14.221256 51 51 53
0.848365 3.743047 14.128154 180 184 186
1.595503 3.829712 14.365072 130 118 118
5.746107 -12.949923 41.645588 89 83 87
5.737940 -12.929069 41.588135 89 83 87
5.384464 -12.982386 41.817841 105 93 107
4.878782 -12.771936 41.974526 78 65 75
-2.305850 -11.700112 38.550827 84 84 84
1.977869 -10.711832 36.314731 106 85 82
1.098563 -10.838957 36.767870 169 136 137
0.845870 -10.284403 36.324467 202 200 201
2.211133 -9.242133 33.761972 41 62 25
-1.524301 -9.657612 35.274743 192 193 192
3.500920 -10.050262 37.151090 190 193 204
-1.405465 -9.611718 35.377707 107 85 91
1.179766 -9.836452 36.673489 74 69 65
-1.086198 -9.539374 35.520481 187 189 187
-1.351408 -9.474563 35.428937 187 197 192
-1.353951 -9.491344 35.499755 187 197 192
1.571625 -8.936942 34.189656 38 53 12
3.529293 -9.306987 36.042973 102 110 89
3.448553 -9.375713 36.502728 43 53 29
4.241990 -9.070997 36.105329 162 158 154
4.210932 -8.807305 35.603764 37 46 24
1.422247 -8.291428 34.174408 152 135 120
-5.543056 -7.487845 30.795674 113 102 110
-1.541659 -6.989256 29.067350 69 85 58
-3.047169 -7.761267 32.628982 32 29 16
-6.635595 -7.269459 30.798121 117 93 84
-6.635595 -7.269459 30.798121 117 93 84
-6.908342 -7.394675 31.471086 229 223 217
-2.770568 -6.909916 30.444649 43 59 21
-5.998274 -6.657662 29.404301 92 71 67
-4.072824 -7.008981 31.309650 29 38 29
-4.018205 -6.792414 30.930887 75 87 73
-5.995812 -6.447427 29.408582 133 108 102
-3.832668 -6.594762 30.433935 46 54 41
-3.619954 -6.660897 30.690453 59 69 58
-3.033024 -6.582910 30.538962 125 113 81
-4.115826 -6.657807 30.843327 40 47 40
-1.905651 -6.485837 30.817317 20 26 14
-6.101998 -6.109983 29.399541 80 82 91
-6.101998 -6.109983 29.399541 80 82 91
-4.790765 -5.676333 27.584267 77 60 53
-6.051179 -5.590308 28.802388 42 45 51
-6.049141 -5.588261 28.790378 42 45 51
-1.929167 -5.433886 28.407150 42 31 26
-1.929470 -5.430570 28.390710 42 31 26
-2.441871 -5.437408 28.433547 75 45 37
-5.533414 -5.413605 28.370142 32 20 29
2.020341 -4.909046 28.765943 204 170 127
1.072757 -4.831468 28.675575 67 83 43
-2.297937 -4.291737 26.361718 27 37 10
-1.746189 -4.422997 27.449519 66 62 63
4.313174 -4.449913 28.642244 25 40 22
2.399942 -4.029789 26.633266 41 54 8
-2.761556 -3.891405 25.177082 83 78 80
4.304837 -4.127870 28.348361 69 79 40
-0.501648 -3.961288 27.035446 101 100 76
0.929963 -3.716819 26.372540 126 119 126
3.453714 -3.571650 27.321673 129 132 105
-3.328363 -3.180705 23.770586 107 88 81
-0.520281 -3.319991 25.999142 112 115 68
2.772373 -2.771743 22.200690 41 63 21
-3.966566 -2.802016 24.198935 150 137 120
2.731742 -2.281253 21.664916 37 60 18
2.425931 -2.197264 21.839837 33 60 19
-0.324041 -2.357544 24.345367 103 110 66
2.415621 -2.085714 21.697595 100 126 79
-1.172921 -2.096595 22.789789 101 73 71
-4.411773 -1.727192 22.564687 123 122 127
-3.221431 -1.483535 22.122858 171 169 182
-1.618219 -1.302061 20.611244 112 106 106
-0.526941 -1.305578 22.526200 114 100 96
0.718259 -1.267804 22.727461 84 89 56
2.328184 -0.602616 20.019363 46 61 8
2.470244 -0.262027 20.312991 44 55 23
2.236631 -0.219842 20.290374 70 85 46
1.141597 0.473117 20.066985 61 65 28
-3.739163 0.692435 17.197429 102 85 78
-0.008409 0.879816 17.394022 126 120 122
-0.082533 1.729566 17.574622 73 60 54
0.065303 1.682951 16.665362 92 108 60
-3.117107 1.605671 16.056426 123 107 97
1.506980 1.931396 15.400638 146 142 139
-3.590420 2.098684 16.028336 142 133 123
-1.927301 1.909818 14.559104 58 47 39
0.342073 2.477639 16.008301 54 59 35
0.292709 2.515913 16.147080 133 132 111
-3.132831 2.811366 14.743209 86 105 48
-2.857035 2.936716 14.349120 83 72 76
-2.137909 2.995756 14.061529 81 59 61
-2.000593 3.054988 13.831472 232 221 218
-2.005071 3.062230 13.860781 232 221 218
-2.036831 3.102993 13.811594 83 62 65
1.492962 3.397443 14.679318 144 135 140
-0.767205 3.424390 14.727224 91 68 74
1.401089 3.574084 14.452175 96 102 95
-0.769727 3.549193 14.026311 112 104 112
-0.112421 3.682776 14.250129 142 152 167
0.662080 3.654986 14.171517 136 134 134
1.555239 3.754297 14.429103 90 78 78
1.108259 3.763165 14.388725 81 71 70
0.702285 3.711438 14.114415 217 216 222
3.265703 -12.027025 39.458452 200 209 205
2.719350 -11.467729 38.699765 123 118 122
1.800093 -10.484084 36.447012 105 89 96
5.214241 -10.780500 37.707989 209 214 218
2.723683 -10.581333 36.895750 183 186 177
2.671632 -10.445111 36.439446 183 186 177
2.667425 -9.546572 33.630509 222 231 226
1.665779 -10.317720 36.573506 188 186 187
-1.214970 -9.951970 35.366215 125 97 106
4.871532 -10.247374 37.381335 109 88 97
-0.955892 -9.311513 35.447627 59 48 56
-0.956663 -9.318733 35.482236 59 48 56
4.087399 -9.321348 36.518236 150 152 147
4.538156 -7.952424 32.585843 50 70 40
2.947072 -8.080695 33.517489 27 30 26
-3.066380 -7.947849 32.784653 191 190 102
-3.065576 -7.942981 32.765419 191 190 102
-1.883622 -7.224757 29.954186 23 34 19
-1.883577 -7.224873 29.954714 23 34 19
3.926777 -7.540021 31.772505 117 122 127
2.618916 -7.889613 33.412147 127 142 110
-0.133583 -7.339132 32.251044 109 113 79
3.704388 -6.597708 30.828193 81 67 77
-6.271424 -6.537205 30.036711 244 243 239
-4.269906 -5.940858 27.405236 93 75 71
3.572306 -5.758647 29.002028 123 127 139
-6.178751 -5.735474 28.887768 234 237 242
2.515266 -5.534115 28.722063 112 116 128
-5.852447 -5.548877 28.564213 246 246 253
-5.852447 -5.548877 28.564213 246 246 253
-3.531086 -4.858260 25.751974 203 156 167
3.386091 -4.659067 28.189207 157 142 108
3.515725 -4.302105 28.054417 148 158 121
2.967290 -4.125562 27.508836 29 40 10
3.445672 -3.676540 27.249131 76 84 48
-2.403693 -2.745214 22.618894 162 165 176
-2.403481 -2.746880 22.619023 162 165 176
2.742028 -2.469807 21.760513 25 49 15
2.659630 -2.174449 21.512761 94 118 70
0.897878 -1.392873 23.079148 109 107 86
2.184664 -0.786448 20.149317 119 133 58
2.547089 -0.260440 20.152040 73 93 44
2.322994 0.521611 19.871753 22 24 21
-2.747177 0.499984 19.249916 35 35 43
2.398391 0.650693 20.128203 120 80 70
-2.685689 1.074025 15.940566 171 148 134
-2.683066 1.069950 15.906816 171 148 134
2.106627 1.773816 17.777570 19 21 8
0.337809 1.871667 16.553338 203 203 205
-0.077626 1.935085 16.573848 82 94 54
-1.663485 2.575922 13.801713 161 157 173
-2.404912 3.028345 14.127586 88 65 71
1.087417 3.424767 14.366119 89 88 68
0.303259 3.559061 14.615278 199 199 207
0.303299 3.559504 14.617112 199 199 207
1.569217 3.622671 14.431819 227 229 228
1.204092 3.632804 14.399824 55 47 39
-2.770415 3.554996 14.061797 152 152 152
-2.770415 3.554996 14.061797 152 152 152
-1.909409 3.385769 13.427128 126 91 81
-1.857564 3.450524 13.633965 104 76 72
1.138754 3.659794 14.213966 178 163 160
1.138277 3.660346 14.214617 178 163 160
-0.197864 3.674568 14.259212 22 22 45
1.026383 3.746320 14.462969 96 97 100
-3.057104 3.576765 13.834921 178 184 184
-0.674000 3.662689 14.084649 89 87 92
0.921320 3.687082 14.118938 187 196 201
-2.864965 3.644047 13.936770 47 36 42
1.604076 3.875438 14.227941 112 107 104
0.377329 3.887567 14.057076 183 186 193
0.146788 3.910314 13.963262 45 43 59
4.470418 -10.906114 37.359042 97 74 87
4.167167 -10.787640 37.214391 28 36 49
1.477076 -10.434197 36.559248 94 77 78
-2.598668 -10.289416 36.682165 144 144 142
3.848993 -10.024352 37.175661 76 76 84
1.117812 -9.329971 36.136944 173 157 149
4.596140 -9.334095 36.388527 196 200 201
-1.392485 -7.585343 30.122817 36 59 34
0.346142 -8.679293 34.733700 102 55 51
-2.502650 -7.659896 31.844367 39 51 31
-5.066656 -7.705192 32.380136 124 122 123
-6.362238 -7.170523 30.171986 239 230 230
-0.434042 -6.832501 29.582383 37 50 33
-3.397332 -7.253938 31.744484 26 30 29
-3.736475 -7.241756 31.793842 23 24 23
-6.303950 -6.782820 30.080023 233 233 228
-2.959618 -6.922697 30.938894 58 69 27
-3.196498 -6.692481 30.621615 68 62 48
-3.543009 -6.300119 29.653982 214 219 215
-3.538934 -6.301410 29.647178 214 219 215
-5.421752 -5.074826 27.977821 116 19 52
-5.421054 -5.086456 28.026890 116 19 52
-3.229044 -4.110414 24.590296 99 81 78
-3.218323 -4.099393 24.506146 99 81 78
-2.010863 -4.243361 26.423889 32 47 29
-3.931533 -3.863487 25.590042 254 250 244
-2.884536 -3.255835 23.383108 92 71 68
2.405911 -3.184078 26.436258 99 94 88
-4.340820 -2.742044 24.692875 169 166 172
-0.086012 -2.559747 24.608511 109 117 85
-3.450583 -2.247066 23.387006 69 66 70
-4.171168 -2.212632 23.475594 122 122 125
-4.087067 -1.413630 22.186343 100 127 161
-3.356662 -1.193198 21.902696 113 113 121
1.710796 -1.111485 22.747617 37 43 15
2.658091 -0.867285 21.562034 71 99 40
-1.022983 -0.628618 19.477905 105 95 94
2.465100 0.195299 20.631466 103 78 50
0.405917 0.189894 19.895902 109 108 113
-3.177371 0.341846 17.253567 103 90 93
-0.482241 0.767238 18.312214 65 42 38
0.748435 1.128815 16.324300 146 145 151
0.509317 1.560372 16.317291 146 149 156
-1.214027 2.491088 16.045801 130 129 129
-3.489733 2.473240 15.708497 153 149 131
-3.411410 2.450119 15.066424 83 107 19
0.073729 2.903876 15.543794 24 17 31
-2.270758 2.774810 14.420633 247 238 233
0.582932 3.098561 15.261533 83 74 67
1.442715 2.970994 14.420698 37 32 29
-2.731138 3.108631 13.999474 68 57 59
1.500527 3.626132 14.576425 81 54 62
-0.067188 3.640721 14.392587 38 50 72
1.620339 3.638498 14.294737 28 28 28
-2.899661 3.570459 13.939429 237 234 245
-2.897264 3.566901 13.927685 237 234 245
0.292010 3.893583 14.027649 97 100 107
0.292010 3.893583 14.027649 97 100 107
0.222709 3.926766 14.005093 206 206 218
1.799506 -9.669845 34.851559 97 114 51
4.549828 -9.654316 36.603613 89 73 76
-1.431792 -7.769633 29.767019 195 155 119
-4.895346 -8.902216 34.175192 41 58 40
0.965370 -8.865086 35.339285 105 77 63
-2.989371 -8.239730 32.959476 61 49 49
-0.409577 -8.387124 33.879937 52 59 37
-4.963190 -8.026422 32.821897 50 41 43
-1.795897 -7.180839 29.820440 33 44 27
-2.467982 -7.084269 30.385356 89 115 62
-5.641528 -6.696050 29.394443 95 79 80
-1.628064 -6.445971 29.218720 57 69 47
-5.564841 -6.132347 29.095443 75 65 74
-5.563711 -6.130553 29.086125 75 65 74
-2.825456 -6.298073 30.347955 103 87 71
-6.521847 -5.896122 29.415242 108 111 118
-5.500639 -5.663090 28.712699 212 215 222
-4.437553 -4.644100 26.706451 100 94 92
1.667915 -4.273792 28.021133 72 89 44
-3.656910 -3.771270 24.935024 116 91 86
1.406729 -4.058469 27.278665 158 159 155
-2.228703 -2.399148 22.059496 137 121 129
-2.717847 -1.507994 21.987174 53 51 62
-0.578691 -0.712340 19.279738 185 176 177
-2.632287 -0.264705 20.570172 113 113 121
0.418639 -0.111348 20.477967 121 110 106
1.376009 0.289027 20.123831 125 97 57
1.608937 0.390303 20.222310 71 70 51
1.213320 0.679664 18.976609 76 97 40
-0.156077 1.754014 16.740018 151 139 125
-1.299010 1.950681 16.525539 218 236 248
1.132264 1.946482 15.457632 82 73 64
-1.688227 2.477836 13.851588 120 100 92
-1.552307 2.872017 13.422618 110 94 89
1.649298 3.165035 13.902220 80 74 75
-2.835696 3.381499 14.054550 122 115 107
-0.955578 3.504136 14.001711 202 208 214
0.732370 3.698396 14.121334 210 214 223
0.871515 3.807465 14.168760 39 39 39
3.352214 -9.658744 35.869622 157 159 172
4.900516 -9.930414 37.228819 205 209 218
-4.059115 -7.720467 31.486389 51 60 39
-1.115487 -6.847612 28.772314 58 69 54
-5.360311 -6.308022 28.666819 237 225 223
-0.862135 -5.549969 28.921282 39 34 35
-0.117553 -1.104618 22.248998 88 94 58
2.050973 0.387684 20.359158 45 50 22
-1.154902 1.578316 17.529175 111 112 117
-3.025805 2.688201 15.440155 23 29 17
-2.732519 2.946768 14.298176 105 86 90
0.752817 3.274124 14.879756 37 36 39
-0.677629 3.383252 14.274579 117 95 100
1.247900 3.550256 14.725232 123 112 110
-0.373295 3.644863 14.532973 146 144 149
-0.851620 3.518153 13.815069 53 53 61
4.593863 -12.928801 41.194064 203 207 212
4.593863 -12.928801 41.194064 203 207 212
4.342721 -13.001322 42.531906 101 90 103
-2.665331 -9.426280 34.653592 48 63 46
-2.919545 -8.692760 33.503984 225 231 235
-5.977199 -6.333860 29.584526 228 227 230
1.787152 -2.784352 24.441242 145 145 153
-4.987734 -2.096817 22.886021 103 102 89
0.191595 0.584468 17.374477 111 86 82
-2.135490 1.050493 18.196901 206 216 225
-2.155204 1.068418 18.364111 206 216 225
1.915038 1.031079 17.378268 35 47 6
-0.560126 1.283940 18.435569 196 180 154
1.344491 3.067053 14.705735 229 225 224
1.341915 3.060801 14.677762 229 225 224
1.602417 3.333103 14.261844 247 248 250
1.053771 3.534693 14.274035 62 57 53
-0.648053 3.543205 13.979201 100 102 114
4.608424 -11.899712 40.200119 171 175 187
1.850154 -7.540700 31.252774 25 33 19
0.397963 -2.084714 23.568092 63 46 48
-2.322876 0.821488 18.189394 54 46 59
-0.477157 3.411005 14.353867 79 82 91
-1.144080 -9.987677 34.378972 138 96 100
3.556644 -6.705354 29.233660 105 105 105
1.712435 -5.424966 29.639975 37 40 31
-3.972740 0.130773 17.983376 97 75 71
-5.723435 -6.081343 29.234348 191 191 193
0.140968 2.485030 15.022994 103 102 101
0.548709 1.428538 16.612474 160 163 168
0.545754 1.424894 16.571225 160 163 168
-5.402997 -6.115946 28.897540 228 222 218
-1.490206 2.477430 13.884724 112 103 104
-0.926545 3.023774 15.294136 140 131 132
0.119061 2.102656 16.932820 34 35 32
0.797741 1.904763 15.812680 54 54 58
-5.530141 -5.188583 27.856086 174 177 180
2.429297 -3.355586 26.669017 37 45 22
-1.569818 -4.553497 27.908045 102 104 101
1.379744 1.212759 16.427339 162 175 183
6.411998 -16.935866 46.810315 38 47 13
6.841158 -16.374521 45.570803 25 31 5
6.681690 -16.401822 45.791747 138 147 120
3.349104 -13.435643 40.858099 230 217 224
6.498086 -13.523934 42.267225 181 172 188
5.242332 -13.381332 42.019242 127 128 140
3.580571 -13.042961 41.089586 140 142 141
-2.302459 -12.558146 39.287300 86 76 74
2.601110 -12.832382 40.557992 178 172 176
0.545772 -12.532017 39.617668 103 111 114
3.235114 -12.874749 40.987743 166 173 181
3.776408 -12.861883 41.357760 190 191 195
-0.646564 -12.056025 39.207213 190 190 190
-1.186235 -11.875152 38.850928 99 104 98
-1.123808 -11.865192 38.925869 192 194 189
3.156531 -12.416491 41.000185 53 56 63
2.735571 -12.410504 41.231080 61 56 60
2.562814 -12.278306 40.854182 57 45 50
-2.644613 -11.311183 38.233694 107 114 107
-4.397361 -11.089480 37.797448 73 85 75
-0.296166 -10.258243 35.975436 106 94 98
-3.075180 -10.805059 37.816652 143 115 129
2.603179 -9.375952 33.348094 219 232 216
5.158959 -10.526161 37.716272 207 178 184
4.875423 -10.466696 37.624561 208 176 187
5.737147 -10.568722 38.103330 38 40 40
-1.811329 -10.005605 35.651567 254 233 228
-2.314824 -10.307111 37.121947 88 69 63
-2.601038 -10.173234 36.705765 134 137 124
1.725064 -9.503180 34.467611 53 66 4
0.974065 -10.011524 36.509906 38 38 36
0.970121 -9.981666 36.584395 44 45 47
0.969614 -9.977201 36.573828 44 45 47
0.714006 -9.766667 36.103374 117 109 110
-5.889472 -9.649383 35.412947 94 100 91
-0.519661 -9.664237 35.855178 54 52 57
-0.519661 -9.664237 35.855178 54 52 57
0.813292 -9.786821 36.285094 202 198 197
-3.308085 -9.543512 35.227353 136 143 111
3.431483 -9.934613 37.107369 118 118 128
-4.317148 -9.756712 36.047864 28 30 17
1.062063 -9.845347 36.749760 107 103 109
-3.829890 -9.571417 35.559816 79 87 62
-1.495073 -9.508771 35.454535 198 203 200
1.697619 -9.082686 34.108329 91 109 61
0.855579 -9.722325 36.542843 50 42 42
2.563974 -8.799774 33.271571 85 98 70
2.561135 -8.792130 33.241403 85 98 70
-6.267669 -8.316423 31.036024 85 71 69
1.282919 -9.709954 36.726161 124 121 110
-4.227379 -9.365922 35.257430 124 134 123
-3.064124 -9.195645 34.714121 202 202 200
-0.763888 -9.444662 35.773534 81 80 84
-0.764383 -9.438763 35.750651 81 80 84
-5.872614 -9.084858 34.255345 191 192 193
-0.523370 -9.340983 35.701138 137 135 140
-5.235494 -8.981147 34.094306 210 223 236
-1.219767 -9.290949 35.600789 202 200 203
0.573283 -9.246854 35.745389 82 67 61
5.022613 -9.346595 36.439067 148 147 151
5.026257 -9.361238 36.491394 148 147 151
0.435991 -9.187187 35.642076 205 195 192
-4.099953 -8.604553 33.483857 248 250 248
-2.629923 -8.386780 32.765661 95 103 99
0.753436 -8.929415 35.180865 121 102 95
2.305971 -8.453255 33.577353 20 29 12
1.390541 -8.713582 34.610210 74 89 55
-4.051880 -8.417521 33.418905 219 220 227
2.019239 -8.398330 34.084973 84 100 65
-4.485340 -8.055280 32.356284 46 47 34
3.198334 -8.247847 33.687777 66 80 57
1.960816 -8.337934 34.087320 89 101 76
1.960816 -8.337934 34.087320 89 101 76
0.892207 -8.488207 34.729775 168 176 162
-3.175127 -8.060894 32.907761 61 49 19
-1.103239 -6.974144 28.596635 25 40 9
0.008528 -7.999920 33.148192 103 109 76
-3.318453 -7.942701 33.003615 112 115 94
-6.342858 -6.919435 30.071265 248 239 236
-1.253022 -6.548619 28.755437 50 61 45
-6.916569 -7.079235 31.276915 170 151 151
0.209331 -6.964666 31.246195 67 66 71
-2.473530 -6.693052 30.229832 23 38 19
-1.673148 -6.368314 29.255458 39 52 27
-1.269218 -6.097931 29.303809 19 24 17
-2.197307 -5.839866 28.744456 99 127 68
-5.271671 -5.765772 28.703237 255 249 240
1.547769 -5.946391 30.069104 137 124 110
-4.929271 -5.544136 28.013765 134 115 114
-4.929271 -5.544136 28.013765 134 115 114
-4.956346 -5.469144 27.847548 132 109 108
1.225677 -5.859669 30.472529 52 32 30
-1.440027 -5.340057 28.037733 32 45 18
-0.353088 -5.487205 28.983851 147 146 141
1.430582 -5.729100 30.490124 132 108 92
1.384324 -5.731142 30.517048 49 26 21
0.235788 -5.322301 28.852897 139 145 133
0.529933 -5.419458 29.452166 72 84 61
-5.178622 -5.289328 28.413444 94 78 72
-4.205946 -4.788203 26.394113 251 240 245
-5.273220 -5.082061 28.033996 121 94 96
-2.324707 -4.799578 27.383448 123 136 82
3.005142 -4.878933 28.256653 245 228 228
-4.715976 -4.695110 26.876070 208 213 194
0.094881 -4.863242 28.572644 126 123 106
-0.092510 -4.830002 28.511145 109 102 86
-3.991494 -4.253068 25.947723 255 236 232
-3.963612 -4.222349 25.758037 255 236 232
-2.370280 -4.297771 26.391249 27 39 18
-5.610958 -4.353791 26.682835 51 54 61
-4.788643 -4.294108 26.721733 51 46 42
-3.086057 -3.800513 23.943198 151 128 120
-4.174562 -4.174716 26.606567 43 28 31
-0.376013 -4.143366 27.285054 67 63 49
0.709029 -3.964755 27.206137 165 165 167
0.328559 -3.867539 26.899744 62 62 64
3.329119 -3.941915 27.744252 26 41 18
2.236670 -3.783522 26.987649 36 47 20
0.619076 -3.722132 26.680671 19 33 35
-0.566406 -3.666096 26.574298 90 89 67
3.508641 -3.540856 27.197076 133 139 108
-0.308307 -3.342060 25.633679 64 76 33
-3.901908 -3.300911 25.025793 85 74 73
-3.135190 -3.101527 23.629844 143 119 117
2.322916 -3.373607 26.820999 98 100 85
-1.141519 -3.229309 25.458000 99 101 116
-4.063783 -3.163708 24.760820 34 23 31
-1.300710 -3.212830 25.395974 155 150 158
2.667556 -3.256705 26.451185 69 85 51
3.005615 -2.633752 22.023768 25 52 7
2.498842 -2.458254 22.115493 75 100 43
-3.544926 -2.705931 24.297961 154 150 142
-5.221195 -2.451599 23.505080 64 54 53
2.610095 -2.131572 21.472627 94 121 78
2.727434 -2.035497 21.328801 83 105 69
2.585997 -2.023383 21.224542 27 51 15
2.671979 -1.999880 21.310647 74 98 63
2.545046 -2.020306 21.607031 20 41 9
-2.028935 -2.019122 21.616622 151 149 154
-1.592924 -1.954968 21.214377 121 109 108
-3.630628 -2.074921 22.941619 247 245 249
-1.178779 -1.673635 20.563556 56 47 46
1.407889 -1.474341 23.340912 146 133 124
1.094451 -1.447087 23.295343 90 78 64
1.555641 -1.414120 23.290786 121 115 91
1.032419 -1.359248 23.227351 128 123 104
2.440799 -1.288871 23.232064 55 46 34
2.961433 -1.064701 22.226547 60 73 59
2.700582 -1.041934 22.244020 61 84 55
-2.348867 -1.024961 21.752628 95 84 78
2.167583 -0.884414 21.603054 86 111 46
1.401364 -0.869972 21.539270 102 125 75
-1.562718 -0.855419 20.364341 214 209 208
-1.562718 -0.855419 20.364341 214 209 208
-0.744805 -0.741779 19.339121 234 221 217
1.482528 -0.754993 21.436338 35 54 9
2.102963 -0.684690 20.181246 105 128 58
0.503938 -0.629146 20.914111 82 102 64
0.813703 -0.462687 21.327557 35 49 13
-1.585101 -0.447114 20.532502 63 56 57
2.146185 -0.402674 19.948506 97 115 57
-0.266312 -0.337166 18.659333 159 157 167
-3.572924 -0.195081 17.769663 99 86 95
-0.054860 -0.155079 18.166058 92 75 80
-3.168296 -0.133647 20.025475 42 42 60
-1.582836 -0.102731 19.826925 86 93 59
-1.270853 -0.089041 19.800843 217 218 221
-2.138501 -0.020771 19.662700 246 245 250
-0.911580 -0.007487 19.127487 187 173 170
-2.156987 0.024601 19.649669 239 239 246
-1.222861 0.126574 19.790663 102 76 75
-2.092564 0.134501 19.638560 211 214 221
-1.322891 0.192709 19.824544 83 65 61
-1.177851 0.193233 19.674592 112 98 97
1.431827 0.300005 20.185502 130 98 63
-1.320206 0.297505 19.445935 75 63 53
1.423369 0.355647 20.203335 116 89 60
-0.807697 0.317377 18.993154 189 173 153
-3.122713 0.263606 17.437305 81 70 78
-1.997156 0.395790 19.478370 99 100 105
1.168701 0.450742 20.043203 76 65 33
-0.549337 0.440630 18.240262 237 233 234
-1.604264 0.517511 19.220206 125 125 127
-1.715116 0.537348 19.110397 167 164 178
-1.715116 0.537348 19.110397 167 164 178
2.280062 0.613618 20.059421 39 52 34
0.973182 0.573721 18.972206 47 64 28
-0.862372 0.604600 19.309703 242 223 217
0.734483 0.678019 17.730438 111 106 112
-4.035698 0.673924 17.860732 118 119 150
-0.339900 0.759490 17.805822 249 239 246
-2.543406 0.700764 16.083920 79 68 76
-0.297394 0.828354 17.742411 249 245 246
-0.297404 0.829783 17.754955 249 245 246
-0.737131 0.893061 18.820760 148 131 121
-2.591956 0.971767 18.224483 27 22 29
-2.098161 1.007509 18.205971 229 236 242
-0.739687 1.021068 18.286791 44 23 22
-0.309901 1.135866 17.936162 235 237 236
-0.563759 1.318976 17.412694 201 182 159
1.305768 1.241686 16.262526 129 142 150
-1.732123 1.544473 17.359283 19 23 32
-0.873582 1.560878 17.297115 6 16 26
0.702839 1.555284 16.208298 166 167 172
1.897032 1.835705 17.554743 102 95 89
-0.030671 1.720311 16.401459 183 187 133
2.286381 1.910099 17.743025 185 190 184
0.600345 1.809806 16.062746 136 136 138
-3.703375 1.879207 16.688227 107 94 78
1.435169 1.796277 15.455290 88 88 80
-1.638726 2.092241 16.182850 178 177 182
-0.192783 2.156386 16.365928 26 27 32
-1.877430 2.013818 14.731539 98 85 94
-3.654582 2.241052 16.059492 120 111 102
1.808838 2.248076 14.804366 156 147 150
-1.320168 2.499458 15.849938 139 143 146
0.751473 2.621775 15.933619 223 227 230
1.175487 2.791537 15.078539 35 33 36
-3.126955 2.804236 14.897659 14 23 3
0.315048 2.989349 15.596574 166 161 155
1.038722 2.969100 15.476159 53 58 61
-0.642788 3.031785 15.026454 177 176 184
-1.547381 2.727174 13.561472 51 44 54
-3.143966 3.188328 14.617557 127 120 114
-3.291005 3.221630 14.550406 123 121 112
0.518063 3.323844 14.676105 101 101 106
1.512921 3.343301 14.730302 110 94 80
1.644683 3.551199 14.144958 61 54 54
1.800068 3.471924 13.676162 250 250 250
1.077498 3.737740 14.242508 77 63 62
0.119283 3.732896 13.858971 38 42 57
0.807276 3.850235 14.194924 127 127 129
0.870339 3.924763 14.087904 201 202 206
-2.185333 3.706725 13.141090 90 96 108
1.714150 4.014112 13.913466 33 28 25
6.343458 -16.256123 45.892642 25 31 4
2.179823 -14.898114 44.436827 90 65 70
3.510138 -13.727819 41.300057 199 185 193
3.510138 -13.727819 41.300057 199 185 193
-0.964789 -13.652567 42.011633 107 113 86
4.380390 -13.274936 41.377021 109 88 93
2.971102 -13.045919 40.616697 189 173 183
3.771823 -13.142701 41.272675 132 132 136
-0.543606 -12.396283 39.334342 197 191 192
0.604202 -12.511517 39.732242 186 191 197
4.925731 -12.858902 41.557560 142 146 155
-3.638574 -11.958310 38.419028 210 206 206
-2.307607 -11.936308 38.467746 151 151 151
3.065086 -12.626183 41.060258 137 140 147
6.210296 -12.334296 41.326459 35 42 52
-1.752756 -11.639600 38.799097 57 52 58
1.361500 -10.903166 36.876832 143 103 103
-2.877312 -11.318171 38.361053 192 200 200
-2.303432 -11.439969 38.799224 97 97 87
-3.214377 -11.331737 38.502922 165 168 177
-4.192169 -10.933655 37.225465 76 87 61
-2.377059 -11.260539 38.470318 70 73 67
-3.326280 -11.145721 38.115615 120 128 147
-3.777901 -11.006259 37.770165 112 115 127
-4.090299 -10.606712 36.795400 140 149 152
-0.751933 -10.041558 35.539002 133 113 119
5.159723 -10.527189 37.720422 208 178 184
-6.598654 -9.283733 32.736585 120 104 104
-4.646094 -10.292362 36.465887 19 31 31
-5.082865 -10.290262 36.518245 38 44 38
-0.868374 -9.871347 35.415344 101 103 104
1.415593 -10.164282 36.655574 111 110 108
1.412608 -10.143332 36.581490 111 110 108
-2.976864 -9.749385 35.408581 124 130 98
1.841084 -9.325930 34.197430 49 66 12
-2.967166 -9.722564 35.599090 48 62 28
1.953744 -9.238123 33.981074 95 113 64
-2.309914 -9.667776 35.565402 106 94 74
2.613050 -8.987505 33.249570 31 49 27
-3.089556 -9.585565 35.328493 63 69 35
-5.824045 -9.595961 35.392870 56 60 53
0.334427 -9.477551 35.457387 145 128 102
2.170230 -8.903169 33.560005 67 85 59
3.762077 -9.742665 36.944545 142 143 140
3.763216 -9.752663 36.970661 142 143 140
-3.400645 -9.318730 35.056589 149 152 143
-6.206764 -8.279659 31.059386 169 161 166
1.463885 -9.004748 34.261176 86 110 52
2.512265 -8.734413 33.341660 70 85 53
-6.014704 -8.952151 33.841421 55 55 59
-0.807117 -9.402268 35.805648 210 201 204
5.432874 -8.647381 33.269801 53 84 24
5.376067 -8.537248 33.177915 78 105 51
2.510821 -8.615320 33.419353 25 38 19
0.230911 -9.165131 35.481172 210 188 177
-1.244371 -9.104504 35.386322 168 171 155
2.490787 -8.525180 33.390947 26 39 21
-5.403473 -8.636154 33.493737 176 187 181
-5.407298 -8.641322 33.511738 176 187 181
4.545220 -9.381053 36.967992 54 54 57
1.965104 -8.557901 34.019892 31 49 9
-4.157569 -8.134962 32.161921 84 92 71
-5.139759 -8.447477 33.544174 53 48 34
0.256303 -8.699284 34.874167 89 58 40
-5.623997 -7.368585 29.601982 123 113 121
-6.923107 -7.726102 31.237802 254 246 233
-0.037140 -7.855480 32.727172 68 61 40
-5.585906 -7.840410 32.523241 138 125 148
-1.847510 -7.048644 30.084422 65 78 64
-0.959485 -6.710560 28.596185 55 68 51
0.564102 -7.253232 32.230282 61 58 61
-1.415007 -6.507669 28.903080 57 68 52
-0.635817 -6.448505 28.874887 56 67 53
-2.833384 -6.768943 30.272449 181 193 157
-2.447879 -6.781715 30.357290 47 65 43
-3.463685 -6.617526 30.575195 73 75 64
-2.210409 -6.205622 29.209674 28 39 4
2.314132 -6.311413 30.199011 86 73 64
-5.818240 -6.102244 29.085858 242 241 246
2.318056 -5.853002 29.496612 84 106 58
0.778520 -5.763741 30.173982 85 106 63
-2.183713 -5.385509 28.173417 173 176 149
-1.697064 -4.933591 27.806731 101 137 114
-1.468690 -4.868582 27.644061 18 37 17
-3.817585 -4.507968 25.456225 121 98 86
-1.147568 -4.930910 28.011940 52 65 45
4.135328 -4.829227 28.878797 72 59 42
2.187430 -4.594134 27.537576 198 166 118
-1.339097 -4.609286 27.906108 61 62 57
-2.632620 -4.523965 27.299031 69 69 74
2.455672 -4.308664 26.493370 102 105 36
-1.455988 -4.591937 28.009162 100 101 95
3.204885 -4.489646 27.941366 62 73 38
3.037933 -4.374103 27.748507 89 88 57
3.323402 -4.279833 27.784055 157 170 129
-1.226474 -4.221148 27.142943 142 142 150
-1.226474 -4.221148 27.142943 142 142 150
-4.076810 -4.015543 26.273352 253 249 245
2.578353 -3.878967 26.793375 31 41 4
-5.200135 -3.794943 26.043411 115 116 121
1.496549 -3.831234 26.946305 64 67 57
-1.746478 -3.731375 26.128698 68 59 50
1.794396 -3.790725 27.137662 88 84 72
-3.203961 -3.361878 23.750560 91 70 65
0.468909 -3.681362 26.863472 129 121 85
-2.438276 -3.094708 22.775112 155 135 134
-2.386554 -3.092110 22.986095 91 77 78
-1.641235 -3.349082 25.815521 124 129 109
0.773801 -3.327789 25.835233 93 94 99
-1.467350 -3.015849 24.944323 88 70 72
4.152546 -3.128676 26.684956 122 132 95
-3.636090 -2.863899 24.263747 133 132 126
2.519638 -2.549266 22.212055 90 113 57
0.363609 -2.769228 25.063100 218 210 205
0.362213 -2.764046 25.003535 218 210 205
-3.102995 -2.602962 23.313068 247 238 239
-3.735061 -2.654023 24.248763 112 99 101
0.073859 -2.563321 24.620610 124 135 103
-0.255090 -2.513758 24.630537 118 130 94
-3.623270 -2.411759 23.579680 140 131 124
2.891795 -2.133529 21.496701 67 92 53
-4.129679 -2.358995 23.628354 27 17 22
-1.458453 -1.964820 20.870226 97 94 102
-0.424691 -2.144365 24.410517 102 109 76
-3.852612 -2.055180 23.044394 213 212 217
0.445726 -2.009088 23.533137 73 43 41
2.323905 -1.667399 21.953841 21 44 7
-0.842695 -1.492003 22.417731 68 63 60
2.640417 -1.385441 23.562834 61 58 51
-1.934568 -1.246261 21.023041 149 147 150
-1.934568 -1.246261 21.023041 149 147 150
2.734741 -1.218203 22.795091 82 97 64
-0.124967 -1.215942 22.611341 124 119 101
-3.038699 -1.070645 21.485123 53 36 54
-1.635198 -0.994581 20.304005 76 76 73
3.201512 -0.915360 21.000446 28 40 0
3.013973 -0.901158 21.112501 93 111 52
3.314834 -0.854273 20.963188 22 32 0
-0.495132 -0.795094 19.483380 100 96 95
0.457280 -0.631169 20.825208 36 53 19
1.626143 -0.486995 21.532172 109 109 97
-3.831154 -0.465411 18.478594 102 106 117
0.979639 -0.355032 21.437803 100 99 70
-3.763205 -0.345693 18.205378 166 170 179
1.044607 -0.299175 21.350246 114 119 72
-1.235899 -0.301476 19.669115 154 158 158
2.053901 -0.278852 20.263619 57 81 23
-1.972661 -0.070704 20.160263 167 158 157
0.403546 -0.027878 20.302004 128 112 107
2.012460 0.014166 20.434243 58 76 23
-3.025969 0.069410 19.753043 24 27 33
0.678797 0.248427 19.718356 121 98 70
0.985200 0.254215 19.832168 41 37 26
-1.444627 0.250028 19.588102 63 50 49
-2.848196 0.257544 19.421140 21 20 34
-0.910548 0.312654 19.155151 155 144 138
2.694797 0.392636 20.097087 118 128 117
-3.114519 0.303434 17.408444 119 104 108
2.255124 0.511763 19.844599 26 36 8
-0.706482 0.448452 18.578179 243 240 244
0.879797 0.515650 19.574544 88 87 61
1.522296 0.660365 20.048036 136 147 111
0.970034 0.608736 19.021831 119 137 97
-0.723114 0.625345 18.804490 233 227 227
2.387333 0.773182 19.780113 74 69 38
0.263203 0.664611 17.316692 103 99 98
-0.329260 0.712081 17.816967 54 43 49
-3.227661 0.669637 16.809396 119 94 87
-1.505098 0.782664 18.426240 33 32 40
2.557644 1.040542 19.170224 100 106 61
-2.659399 1.043197 16.005496 126 107 103
0.387887 1.138526 16.824841 128 128 130
-2.343990 1.250005 16.259634 102 96 84
1.874117 1.378635 17.225713 22 43 2
-0.160620 1.548413 17.776799 56 39 42
0.136547 1.585165 17.075928 213 217 218
0.543308 1.701185 16.199334 165 165 173
2.361262 1.998898 17.686623 84 78 67
0.850383 1.775112 15.889862 107 107 109
-2.046962 1.812640 14.510675 156 133 125
-3.423368 2.358644 15.813967 232 223 215
2.395259 2.488744 16.349952 44 47 53
1.766730 2.335622 14.559766 102 95 85
-1.144930 2.569969 15.516873 118 119 114
0.975212 2.713751 15.628245 137 126 134
-3.254159 2.697152 15.449722 23 22 17
0.958453 2.764465 15.609836 189 184 185
-1.566715 2.472946 13.810761 119 99 93
-2.345792 2.656216 14.616399 245 233 225
-2.846015 2.899215 14.740983 25 37 17
-1.522044 2.703714 13.582274 144 145 152
-0.733016 3.118949 15.170617 103 99 100
-0.665455 3.141004 15.088517 123 121 126
0.843654 3.154642 15.001764 82 79 60
-2.067937 2.949694 13.952143 233 220 219
1.340097 3.142630 14.623530 181 173 160
1.547435 3.257798 14.431015 119 96 77
1.712691 3.423011 13.949669 229 234 228
1.746143 3.490873 13.806624 160 162 161
-2.915638 3.614343 13.916913 212 207 214
-0.466471 3.759855 14.151979 57 59 46
-1.499636 3.685629 13.756803 125 110 123
-1.594224 3.689781 13.536713 161 151 158
0.163300 3.867259 14.009384 47 45 58
-2.367566 3.651909 13.195649 171 172 183
-2.465344 3.686880 13.147100 175 175 184
-2.786949 3.686281 13.131382 163 152 157
6.739391 -16.009961 45.800202 22 29 13
6.270707 -16.043114 45.952417 26 31 16
6.216234 -15.717185 45.378658 41 47 35
6.216234 -15.717185 45.378658 41 47 35
2.747389 -15.820063 45.602298 206 193 193
2.755560 -15.853328 45.699867 206 193 193
6.144318 -15.459990 45.463875 92 85 87
5.310681 -15.494293 45.647033 42 48 45
3.088191 -13.818054 41.028911 82 80 83
5.391262 -15.263490 45.473404 139 128 127
4.350838 -13.995633 41.857967 120 96 101
2.080354 -14.851033 44.517001 225 211 211
2.271835 -14.347683 43.276822 99 75 81
2.770428 -13.518598 40.874559 197 185 189
3.450409 -13.591503 41.162907 101 89 99
-0.723139 -13.298478 40.976611 110 110 98
-0.862527 -13.351085 41.195612 72 76 59
0.826807 -12.588050 39.844596 188 193 199
-1.237104 -12.187487 38.836059 86 80 84
-1.960670 -12.068918 38.545812 101 97 105
-2.088981 -12.079766 38.559756 195 192 192
3.900016 -12.876900 41.464539 200 198 201
-0.234209 -12.134803 39.603046 122 130 141
2.494046 -12.365424 40.795908 58 55 61
2.495610 -12.372151 40.817476 58 55 61
2.878094 -12.400918 40.990223 153 153 159
-6.358123 -11.325609 37.029825 55 53 58
-6.358029 -11.326632 37.032911 55 53 58
4.145012 -10.984388 37.087122 43 56 65
-2.717986 -11.366091 38.609546 175 183 171
-3.942954 -11.159057 38.123458 50 55 74
6.601742 -11.595418 40.305269 204 199 196
-3.081053 -11.044267 38.060382 166 157 172
-3.660958 -10.849790 37.808382 121 120 128
3.926031 -10.490238 37.316679 204 213 221
-4.159211 -10.239992 36.109844 48 70 50
-7.264962 -9.583076 33.807485 135 115 114
-5.380228 -10.191798 36.230829 144 149 143
-2.199660 -10.346814 36.958772 224 222 227
3.509502 -10.215008 37.197726 193 203 205
-4.734115 -9.877453 35.957854 95 98 87
-5.881706 -9.657351 35.396170 98 103 98
-5.552017 -9.783461 35.857222 91 93 92
-0.808579 -9.635570 35.593691 210 201 209
-6.394402 -9.593905 35.272959 106 113 105
-5.954819 -9.602037 35.405706 54 60 50
-6.784761 -8.762377 32.131487 102 85 78
-3.618010 -9.263944 35.059305 44 56 43
-3.343257 -9.167816 34.934837 65 69 53
-1.331840 -9.294183 35.622180 190 185 182
4.714191 -9.323795 36.360891 145 143 146
-1.761873 -7.764319 30.257573 26 46 26
-0.908743 -8.968876 35.090665 62 56 45
-5.589788 -8.286756 33.145449 68 66 67
3.613126 -8.255462 33.711633 55 66 33
-1.996837 -7.357098 30.000639 73 86 68
-6.512396 -7.485229 30.548016 128 124 125
-1.933182 -7.329299 30.159281 23 36 23
-0.129750 -7.978483 33.361385 101 87 74
-0.833552 -6.813271 28.805726 70 82 62
-2.212440 -7.190759 30.540066 41 56 31
-2.311482 -7.211416 30.837055 96 117 75
-4.587977 -6.574272 28.402508 92 77 74
-4.657944 -6.876020 30.372640 87 81 83
-4.276766 -5.759853 27.192420 129 111 107
-4.275886 -5.758558 27.185892 129 111 107
-3.521480 -6.065163 29.315017 64 53 53
2.628407 -5.997431 29.658691 52 67 24
4.346419 -5.761788 28.862516 77 80 106
-2.405079 -5.808967 28.839273 84 100 55
3.479094 -5.572380 28.516223 83 97 123
-1.114809 -5.470187 28.428338 37 46 26
3.125266 -5.362972 28.169473 85 101 126
0.028309 -5.565668 29.235577 118 124 120
-2.188536 -5.275098 28.034145 55 66 36
1.456267 -5.622687 30.261378 61 56 34
1.460241 -5.612026 30.183196 61 56 34
0.828627 -5.256113 28.761868 51 76 21
0.826046 -5.265654 28.818035 51 76 21
1.285862 -5.436237 29.734246 96 104 89
-5.230818 -5.118290 27.982134 113 19 45
2.613955 -4.948594 28.088781 113 103 98
-0.621454 -4.930708 27.964315 53 74 33
4.102713 -4.906730 28.945122 134 112 91
-2.206355 -4.485233 26.477869 83 99 44
-4.978757 -4.600859 27.099521 70 72 59
-1.981888 -4.633949 27.508924 72 83 67
-4.030037 -4.317334 26.024684 254 247 241
1.724826 -4.603515 28.428426 48 63 32
-0.141739 -4.411122 27.233178 127 128 120
-0.338029 -4.219352 27.383903 125 118 108
4.269625 -4.320381 28.593573 73 87 52
-0.227034 -4.128584 27.363850 98 90 72
2.670531 -3.940052 26.649076 53 65 25
4.623572 -4.107053 28.439424 73 70 53
-1.128127 -3.843900 26.402341 107 119 78
3.855060 -3.945651 28.015577 83 86 57
-1.983733 -3.762471 26.471990 84 70 70
-0.931517 -3.697518 26.379987 59 58 49
3.377212 -3.733845 27.331050 67 72 44
3.015925 -2.680502 21.917897 42 71 7
-3.928788 -3.081990 24.861287 83 86 67
2.701117 -3.021340 26.107965 59 69 20
2.819046 -2.277153 21.436546 54 83 27
2.300520 -2.180338 21.779123 29 50 11
2.921050 -2.012850 21.402731 69 93 61
2.608320 -1.986816 21.425684 89 112 77
-3.186589 -2.055983 23.145396 52 55 62
-1.992048 -1.824368 21.375952 98 96 92
-2.788129 -1.644061 22.605352 141 142 136
3.031449 -1.341669 22.223004 42 54 42
-2.035080 -1.316046 21.188114 163 163 165
-1.663775 -1.275645 20.637761 110 106 105
-0.151768 -1.264054 22.675820 63 52 46
-4.168847 -1.137774 21.479345 157 155 156
-0.561535 -0.813772 19.402594 66 54 54
-0.423041 -0.760771 19.627307 90 85 87
1.373606 -0.764653 21.515290 50 69 14
1.122843 -0.715174 21.613523 45 65 25
3.193410 -0.676736 20.980516 27 37 3
2.505883 -0.636113 20.433952 80 98 47
0.150014 -0.653974 20.820793 33 46 10
0.379543 -0.599749 20.787593 68 84 57
0.728318 -0.581578 21.309674 51 74 21
1.054751 -0.535397 21.475137 29 42 17
-1.588735 -0.269097 20.449202 72 61 43
-2.267997 -0.048443 19.904739 219 219 227
2.634889 0.174459 20.850014 87 68 41
2.707832 0.303326 19.911658 91 99 63
0.953129 0.298799 19.879062 111 89 65
-1.369785 0.454843 19.496608 105 90 70
2.386209 0.538372 19.934472 63 70 53
2.639320 0.576701 20.177067 61 57 24
1.082350 0.574163 18.975012 100 128 68
-3.050721 0.466947 16.762866 108 98 96
-1.366361 0.604872 19.139480 114 105 98
1.568558 0.845571 19.107386 25 21 9
0.759517 1.082441 16.628800 157 155 157
-2.063668 1.175395 17.836672 72 79 90
1.818922 1.257659 17.231229 80 102 45
2.333162 1.339862 17.563530 21 43 6
-3.289280 1.846342 16.033089 67 48 42
-0.120268 1.939685 16.544950 85 95 61
0.233052 2.003011 16.904336 235 233 234
-1.322249 2.021777 16.500003 230 240 249
-0.266796 2.282560 16.222510 25 25 36
-1.152532 2.539196 15.533800 129 127 125
-2.773813 2.639969 15.417257 75 48 53
-2.774900 2.640653 15.420619 75 48 53
1.045903 2.624534 15.063947 50 54 57
-3.152333 2.676999 15.293978 25 26 18
0.378559 3.104335 15.345165 126 117 118
-2.732808 2.914682 14.459550 93 77 77
0.964099 3.270099 15.124081 53 50 36
-0.638322 3.513295 14.746924 112 104 107
1.664557 3.358861 13.908308 237 237 236
1.126464 3.582697 14.233428 76 67 60
-0.296313 3.641983 14.402472 140 138 142
-0.767297 3.522156 13.609790 79 78 84
1.647893 3.664710 14.073779 221 222 222
1.250157 3.799848 14.273022 126 114 103
0.014733 3.765912 13.917006 53 74 102
-0.342023 3.783514 13.827513 49 49 57
1.737011 3.866709 14.074086 160 160 162
-0.529289 3.867314 14.059552 111 112 107
-2.241410 3.646532 13.208611 87 90 101
-2.205707 3.653246 13.197291 185 187 196
-0.450955 3.877230 13.906357 76 75 71
-0.185512 3.817750 13.529513 64 37 33
-2.677949 3.708834 13.096337 65 58 68
-2.566918 3.709220 13.091189 163 165 170
-2.252286 3.725879 13.123696 113 117 126
-2.307408 3.719846 13.092021 178 178 188
-2.640439 3.726279 13.066992 157 160 167
-1.063599 3.844186 13.370466 55 44 48
-1.549710 3.869867 13.402225 50 42 40
1.515062 4.212283 13.687181 132 122 119
6.606400 -16.534999 45.945043 38 46 23
6.463012 -16.030516 45.617586 29 33 16
6.269440 -15.769960 46.010083 38 40 34
2.948832 -13.891057 41.264038 221 212 213
4.921753 -13.856280 42.309166 108 78 86
-2.770072 -12.180068 38.012289 205 200 197
-2.508949 -12.041172 38.368325 208 208 207
0.799295 -12.418739 39.939392 185 192 200
3.114604 -12.534732 41.045718 174 177 184
-1.771669 -11.734142 38.771693 201 204 212
3.668388 -10.945862 37.398119 81 84 91
-4.471131 -11.025752 37.537147 68 81 71
-4.466575 -11.013107 37.492414 68 81 71
1.955902 -10.765181 37.032869 160 138 143
-4.343805 -10.722711 36.888884 236 248 238
-3.097340 -10.652114 37.410057 128 113 120
5.617532 -10.684683 37.999178 120 115 119
-3.995499 -10.406861 36.818729 71 80 87
-0.665213 -9.975253 35.573438 212 201 209
0.523661 -10.041575 36.181511 91 82 87
-4.707294 -10.091534 36.193666 104 113 108
-5.366076 -9.826255 35.315074 114 117 122
1.392143 -10.077079 36.857348 188 184 183
3.649264 -10.064905 37.286117 184 187 192
-0.616770 -9.503771 35.578064 214 212 223
-5.010680 -9.330416 34.860516 105 109 101
-5.713934 -8.840373 33.604841 202 200 201
-6.410338 -8.172708 31.012792 97 98 103
-4.712058 -8.972823 34.558107 48 54 39
-6.415716 -7.782064 30.871456 128 132 138
-6.415220 -7.781999 30.869601 128 132 138
0.363118 -8.584727 34.731159 92 65 51
0.632968 -8.245684 33.734522 109 81 77
0.644600 -8.325199 34.041364 109 81 77
-3.415776 -8.040027 32.763212 103 95 82
-3.813530 -7.535372 31.490956 83 94 59
-2.562237 -6.999160 30.303592 98 128 75
-4.579479 -6.354483 28.053718 105 84 81
3.222906 -6.497979 30.400151 62 47 45
-2.379489 -6.192717 29.276756 45 42 32
-0.194694 -6.060686 29.973851 167 168 173
-6.326677 -5.754844 29.093040 119 118 118
2.117818 -5.665884 29.606564 37 30 22
-1.711938 -5.433816 28.314765 139 147 110
4.640467 -5.055383 28.730975 137 138 140
-5.010072 -4.598320 26.819839 114 117 100
-0.607798 -4.164862 27.321972 36 43 32
1.807117 -4.154731 27.797445 87 109 71
4.622819 -4.021689 28.363458 112 110 89
2.958699 -3.367716 26.175097 88 109 61
-0.759961 -3.370516 25.983268 116 128 75
-0.043053 -3.124267 25.872469 106 115 73
-3.550454 -2.927462 24.401355 231 227 225
2.526385 -3.023366 26.360040 105 94 93
-2.724705 -2.585517 22.705274 121 101 103
-0.866839 -2.608896 24.072569 123 121 127
3.072919 -2.195925 21.727642 73 99 60
3.094729 -2.121691 21.619912 25 49 15
2.848645 -2.060214 21.384461 23 47 13
-1.126607 -2.302397 23.890407 82 56 63
-3.260598 -2.127953 23.302578 142 142 155
2.772933 -1.814894 21.432437 54 73 54
-1.172465 -1.660868 20.695012 54 49 48
-3.149674 -1.034664 21.569573 103 102 109
3.255997 -0.813689 20.983535 26 31 8
2.946352 -0.518842 21.147418 35 52 10
-1.630883 -0.506041 20.655705 37 31 38
-2.340854 -0.260625 20.326622 39 35 34
-1.536295 -0.173248 20.266875 137 137 107
0.520194 -0.050627 20.511033 38 25 24
1.019700 -0.019676 19.857786 92 111 32
-1.895469 0.393823 19.068549 58 58 68
-0.936585 0.541138 19.329634 94 76 62
2.077960 0.649846 19.753296 121 119 104
1.907237 0.654904 19.733112 114 109 106
-1.218443 0.617374 18.976731 102 99 80
2.081523 0.714381 19.670236 47 49 25
-0.387436 0.718479 17.957986 220 212 216
1.688756 0.851355 19.349388 58 37 37
2.072350 0.995979 17.319915 45 65 14
-2.184316 1.108551 18.018495 33 33 45
-1.995546 1.117959 17.957945 238 245 253
-2.002321 1.121806 18.013342 238 245 253
1.927460 1.145815 17.609304 32 50 5
2.037758 1.221389 17.449504 73 91 39
0.689383 1.157675 16.577862 195 193 203
0.201971 1.204860 16.895906 104 104 106
1.722870 1.350053 17.051095 61 78 41
-0.541544 1.557998 17.601358 64 34 29
-1.760165 1.555378 17.326689 29 31 38
-3.597377 1.766178 16.933711 93 80 66
1.493053 1.840425 15.408526 89 83 85
-0.123478 2.062952 16.696072 117 92 77
0.418429 2.167391 16.588241 148 150 147
0.563211 2.261724 16.145065 215 216 212
-2.612457 2.804627 14.692993 56 31 34
0.807648 3.036851 15.086550 85 78 59
-2.567214 3.135969 13.998694 112 104 110
1.574481 3.450827 14.324258 169 133 140
1.719185 3.545737 13.905422 245 245 245
-1.980919 3.653127 13.587637 97 52 46
-2.565112 3.714225 13.754915 220 213 210
1.759622 3.795915 13.936021 229 228 233
1.761603 3.798991 13.947298 229 228 233
0.071452 3.833721 13.893751 43 42 59
0.089328 3.930132 13.929639 42 32 54
0.089328 3.930132 13.929639 42 32 54
1.738836 3.986485 13.813423 118 118 120
-1.420447 3.950525 13.589414 39 21 19
-1.544094 3.909110 13.415203 191 181 179
3.715783 -15.855266 45.980986 179 179 179
3.273545 -13.947361 41.341576 156 155 169
1.524678 -14.652905 43.540978 205 188 178
3.884133 -13.828815 41.503866 212 204 202
0.198387 -13.516550 40.430133 53 54 38
3.357457 -13.764598 41.299722 105 88 99
3.488364 -13.021225 40.968479 150 151 153
6.955546 -13.385248 42.482571 91 89 103
-0.173928 -12.340434 39.452096 207 209 217
5.385775 -12.984668 41.826610 159 152 165
1.199475 -12.451332 40.194044 85 82 93
1.483270 -12.334324 40.075932 137 137 147
-3.838828 -11.706454 38.159280 199 204 208
-3.838271 -11.705340 38.154892 199 204 208
-2.426840 -11.535470 38.493202 199 204 200
-2.232465 -10.745868 37.528535 42 37 43
-4.770184 -10.284140 36.415457 33 43 53
-0.280588 -10.006969 35.941007 77 72 76
-5.188419 -10.000195 35.759005 38 51 25
-3.715299 -9.559564 35.244825 182 185 165
2.423569 -8.961571 33.290791 35 51 25
-6.136065 -9.551905 35.257338 50 55 48
1.178780 -9.818198 36.609434 76 66 66
-5.681605 -9.015623 33.912420 89 87 90
-5.466612 -9.155539 34.485744 89 86 95
2.272270 -8.223071 33.693351 22 33 17
2.274130 -8.236175 33.745658 22 33 17
-2.122604 -7.217689 30.291864 35 48 28
-3.020606 -7.487562 32.117690 97 108 66
-5.844698 -6.740506 29.335414 127 111 111
-5.384295 -6.463067 28.529118 92 76 79
-4.812449 -6.049434 28.063101 125 107 102
-4.799322 -6.040285 27.996164 125 107 102
-3.939473 -5.750362 26.991031 224 215 217
0.020606 -5.548654 29.292684 121 127 123
-0.659173 -5.337689 28.288688 111 117 84
1.738431 -5.533773 30.101976 27 40 22
0.523483 -5.112141 28.720738 164 171 171
0.523483 -5.112141 28.720738 164 171 171
-4.495726 -4.836248 26.981501 254 252 249
-4.251435 -4.780453 26.648134 249 238 244
-0.289837 -4.864300 28.277003 57 62 67
4.346920 -4.600514 28.754219 82 98 71
-0.443685 -4.532061 28.052043 104 99 83
4.313174 -4.449913 28.642244 28 43 20
3.964296 -3.823280 27.918439 106 105 77
4.480245 -3.697067 27.611645 133 133 100
3.900827 -3.658137 27.550838 144 143 125
3.465663 -3.577230 27.391338 128 132 109
-3.014725 -3.084568 23.342705 95 74 69
-0.016369 -2.767585 24.967708 60 63 46
2.805736 -2.358764 21.376998 95 123 67
0.119496 -2.678040 25.076834 81 99 54
2.717255 -2.271790 21.560171 40 63 21
2.976809 -1.959307 21.410485 19 42 14
2.583581 -1.374936 22.265163 83 87 64
3.249580 -1.202968 20.949408 55 65 26
0.137452 -1.279569 22.734347 129 119 103
-2.698269 -0.652107 20.976949 23 23 30
2.031202 -0.459289 20.085445 100 120 50
2.759873 -0.021215 21.025795 89 93 58
0.697056 0.415145 19.770378 49 31 25
1.954502 0.814606 19.525627 61 64 45
1.927782 1.213264 17.261655 55 76 20
2.240355 1.207873 17.203876 46 63 19
1.881725 1.280458 17.055335 73 91 39
1.899815 1.373264 17.126623 22 43 0
-0.896150 1.512512 17.922380 75 81 104
0.134178 1.429150 17.080246 195 197 196
-2.187724 1.378648 16.425150 104 93 99
2.334947 1.970618 17.773896 34 33 29
2.085338 1.925289 17.200668 28 20 17
1.429208 1.919366 15.336195 99 90 81
-1.337135 2.220302 16.478885 49 54 61
-1.397837 2.502296 15.687721 127 129 134
-2.780021 2.596928 15.548806 26 19 26
1.287487 2.739774 14.928862 100 86 85
1.385689 2.969528 14.570924 231 229 230
-2.212658 2.949679 14.264213 137 108 105
1.447146 3.312784 14.593136 156 144 146
-0.700720 3.442531 14.829412 112 105 112
0.727955 3.348049 14.285163 175 179 188
0.582161 3.608656 14.754456 210 210 218
-0.333321 3.565426 14.622043 89 89 97
-0.387199 3.648667 14.344914 143 142 147
1.803780 3.552957 13.754176 173 175 172
-0.507365 3.770581 14.153145 44 46 33
-1.743676 3.695726 13.531581 38 24 37
-1.744923 3.697242 13.535524 38 24 37
1.463437 3.913457 14.166870 116 109 95
1.796505 3.894598 14.015499 164 164 166
-2.546076 3.679431 13.150162 112 110 113
1.744697 3.978487 13.934030 29 30 34
-1.559084 4.051497 13.499471 37 39 25
1.260469 4.182665 13.727356 165 165 165
0.124357 -14.208782 41.850381 128 129 123
2.571385 -13.592088 41.029059 129 93 103
2.248674 -13.133735 40.810352 111 94 100
1.740594 -12.744950 40.283826 215 212 222
3.584151 -12.925123 41.202796 212 214 211
3.402807 -12.895492 41.125409 210 214 217
2.951448 -12.633799 41.381675 178 183 189
-2.774746 -11.696905 38.097401 205 207 204
-2.306016 -11.701557 38.555302 80 84 83
3.028685 -12.352577 41.000178 35 39 45
-4.981880 -10.486647 36.610565 144 148 157
-5.001936 -10.542636 36.805757 144 148 157
1.021227 -10.198054 36.532250 199 199 197
-2.879250 -10.110005 36.080020 129 122 117
-1.337380 -9.776775 35.328287 200 205 203
-6.384155 -9.747119 35.530887 99 104 107
-6.394500 -9.378425 34.611399 67 72 66
-6.404799 -9.394330 34.675741 67 72 66
-6.594725 -8.317463 31.270222 123 113 114
-6.653923 -8.395290 31.574487 123 113 114
-3.888060 -9.010741 34.486844 67 75 52
0.364576 -8.995082 35.177142 218 201 204
0.193196 -8.863088 34.890231 84 45 40
3.363482 -8.927605 35.526388 81 94 66
-5.715579 -7.989654 32.669493 62 55 62
-0.226243 -8.148391 33.629556 62 45 37
-1.245771 -4.078748 27.054092 160 142 159
-5.047029 -3.711610 25.809666 171 171 173
-1.754220 -3.259383 25.390588 138 139 126
3.130199 -2.399378 21.922040 33 56 27
0.346191 -1.940260 23.654420 71 41 41
1.189532 -1.322281 22.998018 88 91 58
2.534230 -0.898436 21.823448 45 64 16
2.765679 -0.106537 20.935521 23 35 10
-3.029353 -0.153942 20.028614 157 172 193
-3.039709 -0.154010 20.092870 157 172 193
1.561037 0.405766 20.266080 53 48 29
1.428626 0.642486 19.352649 122 137 94
-0.204474 1.205878 17.813608 62 62 62
-0.523979 1.493331 17.432735 64 35 31
1.634533 1.786478 15.940662 53 51 56
2.043796 2.129929 17.151142 64 56 54
-0.111974 2.230892 16.651119 111 98 94
-1.106055 2.254258 16.382230 71 74 85
0.466431 2.509681 16.526436 83 87 73
-1.492337 2.434295 16.052586 153 143 150
-3.045016 2.712427 15.436304 25 25 15
-2.001978 3.176956 13.759079 92 68 70
0.806240 3.363441 14.225596 241 247 251
1.742542 3.414277 13.852319 231 230 228
1.671802 3.514839 14.004942 238 247 244
1.768050 3.436144 13.710161 239 237 238
-0.582113 3.819371 14.067473 63 62 60
0.071232 3.783517 13.907318 114 129 143
-2.379183 3.621633 13.231737 87 65 66
-1.595014 3.718826 13.557844 151 157 155
0.377329 3.887567 14.057076 186 189 196
-1.452112 3.843307 13.490673 78 80 95
-2.522404 3.723030 13.110997 163 164 168
-1.594648 3.862788 13.354236 57 50 42
0.262201 -13.248685 40.352223 119 120 124
3.745518 -13.370469 41.131535 97 85 93
-0.505951 -12.281168 39.271227 198 195 198
6.893139 -12.670820 41.589100 45 46 60
6.903040 -12.700430 41.686591 45 46 60
1.132690 -12.267285 40.341497 201 202 212
1.031743 -11.853478 39.694887 59 50 54
-0.432108 -10.694622 36.629987 225 216 203
-2.582414 -10.221558 36.418917 151 152 156
-6.357549 -8.538783 31.518840 105 88 81
-0.351635 -9.204166 35.784314 148 139 130
-4.742061 -8.589802 33.950712 93 104 70
-4.390207 -6.957830 31.015947 17 25 27
-4.390207 -6.957830 31.015947 17 25 27
-4.420874 -5.165485 27.095857 82 66 69
0.203039 -4.400001 27.323841 120 124 125
2.439543 -2.237037 21.336505 70 95 37
2.376459 -1.987363 21.870803 35 51 24
-1.486458 -1.879607 20.848566 139 128 124
-2.623699 -1.635810 22.405177 232 233 230
0.753213 -1.143194 22.573979 106 108 61
-3.157389 -0.916323 21.485609 117 118 123
-1.846841 -0.239709 20.211263 78 78 55
-3.148635 0.206978 19.204266 227 228 236
-0.369713 0.929915 17.956623 249 243 250
0.881776 0.914299 16.648833 167 174 182
0.706334 1.055527 16.559536 153 153 155
-2.481268 1.078556 16.183811 113 99 96
2.346378 1.953902 18.772614 22 24 18
2.152749 1.902966 18.073555 133 125 122
-0.546611 2.764717 15.325159 119 119 127
0.529239 3.304478 14.762602 102 96 96
0.741021 3.304905 14.423712 249 250 251
1.131945 3.767253 14.233636 74 60 59
-2.703072 3.681996 13.268131 197 182 187
-2.701041 3.677154 13.250769 197 182 187
1.735001 3.921488 14.015709 245 246 250
2.338911 -13.637112 41.250767 220 208 212
3.407220 -13.345603 41.109816 211 212 217
6.200710 -13.506523 42.069495 151 153 160
-7.401016 -12.215710 39.227443 55 49 56
-0.946172 -11.985767 38.963287 200 201 205
0.606500 -8.945862 35.287284 230 219 213
0.606500 -8.945862 35.287284 230 219 213
-4.034815 -8.515504 33.383999 211 211 220
-5.052320 -7.483065 30.411874 67 52 57
1.409324 -1.041166 21.924053 29 38 21
2.913859 -0.926521 22.025941 20 36 22
2.062084 -0.372468 20.670926 81 99 37
0.803893 0.652913 18.955811 102 88 78
0.795250 0.651565 18.883799 102 88 78
-1.979811 1.637559 16.109245 78 67 71
1.960354 1.975609 17.195188 132 122 111
0.147946 1.986136 16.773072 59 46 39
-1.173982 2.181214 16.416637 228 239 248
-0.079631 2.226506 16.670641 123 100 96
-0.079631 2.226506 16.670641 123 100 96
-1.292362 3.617724 13.680453 55 47 52
1.245791 3.846034 14.274091 128 111 101
-1.548660 3.698008 13.667758 53 24 36
1.342712 4.104172 13.817090 89 88 86
0.962564 4.155052 13.722144 82 83 88
2.813679 -13.298840 40.864901 118 92 103
0.022922 -12.740269 39.976775 106 90 90
-1.066228 -12.352207 39.005306 82 77 83
-2.803579 -12.065165 38.262517 207 211 212
-2.803579 -12.065165 38.262517 207 211 212
-5.160455 -9.728576 35.444159 42 48 34
-2.558115 -6.389767 29.703389 20 28 19
-2.547389 -6.411563 29.716915 20 28 19
0.412000 -1.452571 22.885161 63 56 48
-0.838462 -1.056483 19.571668 177 167 166
0.313634 -1.107446 22.204261 107 115 66
1.497457 2.297274 14.871458 90 81 74
-0.452101 3.665114 14.226256 41 40 44
-1.884541 3.692813 13.503447 78 39 42
-0.280551 3.777575 13.578025 219 229 238
-0.002229 3.934316 13.960346 26 23 44
1.660921 4.158259 13.877795 202 196 182
1.289436 4.210466 13.712204 153 153 153
5.620583 -14.917259 44.324742 29 39 38
0.761396 -13.875279 41.858505 47 57 38
2.021044 -13.993004 43.156666 115 90 94
0.264496 -12.130746 39.252772 177 186 193
1.528833 -8.965482 34.699485 44 61 26
3.363580 -7.479866 31.414737 96 100 76
-5.842184 -6.744128 29.258432 125 107 107
-3.282671 -5.976718 29.459999 32 38 28
-6.025754 -4.921292 28.280858 146 146 148
-4.173262 -4.445037 26.587702 124 103 105
0.559899 -2.897922 24.898865 96 77 81
1.013893 -1.282422 22.895905 87 90 59
0.651073 -1.196060 22.531136 105 106 67
1.361872 1.197384 16.285170 166 176 185
-1.717462 1.930702 15.250636 70 60 61
-1.596885 3.769220 13.437158 140 156 155
-6.037112 -9.410073 34.545898 56 61 55
-5.792425 -6.794070 29.253035 128 106 109
-3.659046 -7.459600 32.587817 10 12 7
-2.949235 0.451911 17.321140 79 69 70
-1.002858 3.419844 13.876483 200 207 213
0.525255 3.650767 14.364637 86 87 92
1.234483 4.048521 13.792871 89 90 95
3.331238 -12.808817 40.699203 206 211 214
1.574794 -12.634740 40.753567 200 199 205
-2.860530 -11.742394 38.232240 207 211 212
-2.860530 -11.742394 38.232240 207 211 212
2.200214 -0.699795 20.130645 87 97 33
-0.173294 0.608963 18.310389 110 90 83
1.151398 1.095443 16.495187 161 174 182
1.245097 3.572060 14.421706 74 63 57
-2.207062 3.309247 13.325167 93 70 76
-2.235062 3.365108 13.532257 93 70 76
-1.537494 -10.240992 35.615503 140 98 99
-3.652066 -1.230186 21.907263 139 139 146
1.187587 -3.353175 25.850864 74 72 85
1.380421 1.761885 15.350766 133 125 119
-1.265233 -0.427548 19.769387 228 233 235
-2.488347 -0.275049 20.443740 31 27 35
1.084997 3.084223 15.297573 162 156 164
-3.545448 -5.794569 28.410916 55 46 48
2.103111 -0.429448 20.014462 63 79 22
0.032716 1.796297 16.370864 51 59 20
2.943236 -17.509410 48.294199 193 197 207
1.439028 -17.245293 47.624815 207 211 222
4.689334 -17.599274 48.925473 138 139 141
3.372206 -17.447536 48.572844 40 42 46
2.797428 -17.015691 47.470466 87 88 97
-1.643459 -14.987694 41.807322 78 94 65
2.378794 -16.955621 47.514132 183 173 184
3.634765 -17.407265 48.893947 96 100 99
4.150229 -17.176366 48.509935 100 95 99
1.866764 -16.972470 48.012347 151 145 145
1.647458 -16.699423 47.485282 42 38 37
1.645438 -16.691130 47.459516 42 38 37
5.349728 -16.836879 48.203549 85 78 78
1.220123 -16.312332 46.669355 31 29 37
2.743317 -16.083271 46.224814 213 207 205
2.678588 -16.031060 46.268155 69 58 55
2.680702 -16.043051 46.303668 69 58 55
-1.738072 -14.698265 42.649902 34 44 17
3.801292 -15.819888 46.166738 133 136 126
0.362569 -14.665700 43.356280 60 67 34
1.411459 -15.055532 44.628255 65 59 46
2.459458 -13.554113 40.705310 126 107 111
-4.644292 -12.437179 37.895038 200 191 186
-2.437990 -13.648572 42.194565 83 76 70
5.037835 -13.296435 41.496710 188 182 194
6.406920 -13.417115 42.198524 65 55 66
3.411574 -13.008719 41.041092 148 150 149
5.215351 -13.070540 41.816247 60 49 55
4.867595 -13.037865 41.816585 133 134 136
-1.186994 -12.100421 38.784777 191 190 195
-6.855799 -11.642376 37.558930 242 239 244
3.237110 -12.607992 41.179074 163 170 178
-5.898901 -11.373521 37.125306 34 33 42
-0.768405 -11.924732 39.154643 213 213 218
-6.167080 -11.274316 37.051130 37 37 41
-6.167351 -11.274195 37.051404 37 37 41
-0.376981 -10.776339 36.228533 241 228 237
-4.959878 -11.291862 38.005670 42 53 59
-6.391377 -10.995595 37.273049 58 59 64
-6.761748 -10.785675 36.852831 74 73 78
-3.244488 -10.900664 37.899490 43 52 59
1.621087 -10.435371 36.524983 70 56 58
1.567940 -10.385595 36.538350 190 177 179
2.056868 -9.674767 34.172940 60 81 14
2.057681 -9.681143 34.190450 60 81 14
-0.042803 -10.059601 35.900605 39 37 40
5.737012 -10.568953 38.103541 44 43 43
-3.989340 -10.189372 36.370875 114 124 108
-3.418957 -10.112963 36.216312 119 133 81
-2.371534 -10.240705 36.879560 193 175 167
0.893471 -10.053311 36.384417 71 66 70
-3.358630 -9.889368 35.604535 86 101 34
-3.670132 -9.892804 35.663288 182 184 166
-3.670132 -9.892804 35.663288 182 184 166
-4.737623 -9.940840 35.837819 49 54 47
1.962721 -9.326423 34.047046 37 61 9
1.961773 -9.323139 34.036541 37 61 9
4.056935 -10.083931 37.545809 40 46 54
3.557415 -10.006145 37.318635 117 121 130
5.304464 -10.097798 37.754228 188 187 194
-3.193527 -9.538138 35.282041 57 65 44
4.289564 -9.970509 37.329096 140 138 151
-5.842520 -9.449645 35.105673 102 105 97
-3.161839 -9.327462 34.995694 99 100 92
-1.551715 -9.432467 35.548136 110 113 119
-6.508790 -8.312225 31.257222 148 141 138
-6.495776 -8.295580 31.187409 148 141 138
1.127595 -9.596120 36.506796 117 106 104
-3.539755 -9.254862 35.100227 53 57 37
-3.056882 -9.109115 34.634925 108 107 111
0.448282 -9.210127 35.338996 100 93 84
4.882531 -9.447358 36.506884 205 205 213
-0.456386 -9.348246 35.906500 75 66 67
0.229324 -9.158014 35.451576 225 195 189
-4.535113 -8.923420 34.533915 188 194 157
2.104677 -8.678553 34.007856 31 46 23
4.462006 -9.381661 36.893417 144 141 137
0.732305 -9.031279 35.381559 218 202 196
-2.800888 -8.454345 33.308963 149 153 151
5.147299 -8.803403 35.382389 97 98 84
-2.205370 -7.332707 30.305644 62 80 56
-2.145835 -7.276780 30.226034 25 43 19
-3.361171 -7.905612 32.836466 51 52 32
1.684651 -8.028968 33.582269 56 41 33
0.436372 -7.573898 31.695652 29 39 18
-2.193309 -7.210741 30.399565 30 45 22
-1.189083 -6.748123 28.813702 27 41 16
-2.709130 -6.922646 30.322503 33 53 8
0.191576 -7.163511 31.918519 68 68 70
-1.044147 -6.387751 28.744716 62 69 61
-3.691050 -6.382188 30.233558 120 115 111
-3.528073 -6.194138 29.475354 221 216 216
2.651142 -5.922837 29.439987 98 111 71
-5.494380 -5.789831 28.732075 254 241 248
-5.673070 -5.658320 28.558554 249 252 255
0.690450 -5.833692 29.777046 55 62 34
0.744207 -5.828112 29.955833 94 100 72
2.664989 -5.422587 28.115484 148 154 175
-3.491725 -4.997433 25.989498 155 128 129
-5.217539 -5.489650 28.623814 253 246 246
-5.458898 -5.487265 28.679793 23 14 22
-2.219401 -5.317234 28.103922 56 64 26
-2.221789 -5.321098 28.132030 56 64 26
4.257612 -5.290596 28.753637 192 195 202
-4.445082 -5.005833 26.832425 247 243 240
-2.580919 -5.127559 27.844365 42 52 33
-3.238926 -5.048496 27.385608 111 94 98
-5.035012 -5.153322 27.987226 50 48 51
-1.124078 -5.236648 28.661181 33 35 33
-1.154776 -4.918299 27.997763 49 63 40
-0.606878 -4.854933 27.988519 69 79 55
-1.321279 -4.776493 27.726729 20 24 13
4.096614 -4.740881 28.901593 50 48 24
-2.921877 -3.977309 23.992419 155 140 135
-2.858505 -3.946479 23.989232 64 50 43
1.560009 -4.514432 28.423556 61 81 29
2.444493 -4.220010 26.737783 99 108 22
3.583635 -4.415385 28.068452 58 64 48
1.968317 -4.336023 27.666707 70 78 41
-3.704824 -3.968605 25.146990 127 99 90
2.260451 -4.074654 26.654691 29 37 0
-5.169794 -3.994942 26.033683 215 214 219
-0.464494 -4.143322 27.444837 151 143 133
-0.289049 -4.077652 27.167505 80 72 56
2.966753 -4.122927 27.781380 34 43 13
3.570856 -4.137451 28.187059 46 52 43
-1.199613 -3.953474 26.980411 115 118 81
2.395448 -3.835871 26.690910 44 55 13
-2.314692 -3.339350 23.365751 132 121 126
-1.323725 -3.612687 26.304708 93 93 81
-0.585030 -3.608085 26.456797 126 126 92
3.429361 -3.732364 27.825928 119 115 97
-0.874142 -3.491446 26.072025 71 65 49
-1.856873 -3.356257 25.687271 159 155 147
-3.670003 -3.201675 24.571461 255 251 249
-0.728090 -3.264613 25.654759 39 57 7
-1.802174 -3.193864 25.256885 149 135 132
-0.908288 -3.157016 25.045275 198 210 199
-0.908288 -3.157016 25.045275 198 210 199
3.073256 -2.691288 22.049059 48 80 15
-1.406586 -3.071932 24.831532 58 58 60
-4.237869 -3.068745 24.895392 65 55 44
-1.609195 -2.988579 24.965275 56 47 53
-1.143435 -2.877774 24.484934 136 145 144
2.625871 -3.014120 26.175469 151 159 111
-0.673612 -2.886908 24.834149 67 79 65
3.018814 -2.460053 21.977968 29 47 17
2.498050 -2.452158 22.057742 74 104 52
-4.018299 -2.732603 24.416184 105 92 89
2.303230 -2.698312 25.148272 90 65 68
-0.776390 -2.609641 24.422064 122 118 132
-0.035095 -2.545046 24.673304 124 134 106
-3.166357 -2.438197 23.581732 102 97 95
2.472003 -2.074685 21.533667 70 94 59
-3.322744 -2.178879 23.282038 130 140 152
2.871399 -1.823830 21.423613 16 38 15
-1.202254 -1.643985 20.553184 121 107 108
1.400927 -1.822717 23.500966 63 65 38
-0.565596 -1.357500 22.443075 72 52 46
1.386345 -1.347599 23.148157 142 137 107
1.386345 -1.347599 23.148157 142 137 107
-2.005352 -1.251442 21.132466 173 167 167
2.449598 -0.563684 19.982857 45 62 8
-3.435568 -0.617294 20.683887 122 134 149
0.612943 -0.529033 20.948516 34 53 0
2.185315 -0.474012 19.931631 58 73 18
3.049643 -0.457369 21.128041 21 37 1
1.235954 -0.384621 21.604371 64 62 38
-1.154791 -0.330642 19.527627 230 235 231
-2.071086 -0.329497 20.242433 95 99 102
3.086780 -0.227111 21.069355 57 74 38
-3.622675 -0.208711 17.822542 190 180 188
0.546868 -0.133566 20.520964 29 23 23
-2.322527 -0.132986 19.985697 240 238 250
1.154733 -0.032504 19.864655 52 66 3
1.196244 -0.029790 19.760771 63 78 14
-1.255156 0.024552 19.909826 132 136 137
2.620102 0.229476 20.778034 143 129 102
-2.810588 0.230739 19.357023 153 153 165
-1.588515 0.288204 19.490200 38 32 23
-2.546110 0.424879 19.105278 46 42 56
-0.617644 0.469498 18.360563 232 233 237
2.238509 0.599637 20.068943 196 215 187
2.238509 0.599637 20.068943 196 215 187
-1.170768 0.619872 19.214263 55 45 34
-1.170768 0.619872 19.214263 55 45 34
-2.480418 0.645413 18.755411 135 137 150
-0.337535 0.655530 17.870236 99 84 81
-1.563186 0.795144 18.362923 51 54 60
1.455502 0.888020 19.397869 122 122 114
0.772921 0.821053 17.009975 79 78 84
0.779148 0.827946 17.112569 79 78 84
-2.823410 0.807456 16.274835 173 158 151
0.340172 0.875347 17.108085 94 94 96
-2.623711 0.984653 16.189773 60 48 48
-2.633610 1.112562 15.657703 46 37 22
-0.093717 1.358767 17.519174 144 145 147
0.910079 1.406820 16.141998 166 168 165
0.719225 1.504485 16.226912 173 176 181
0.369718 1.641209 16.458539 129 128 132
0.752620 1.612429 16.125363 130 133 138
0.924182 1.615273 15.996166 143 145 144
1.331074 1.600964 15.483129 145 131 130
1.248216 1.616109 15.453580 175 155 146
-3.228081 1.739511 16.278788 108 89 80
-0.243235 1.838099 16.969773 159 146 137
0.984402 1.829242 15.764281 147 145 148
-3.547656 1.915622 16.638699 142 128 115
0.327764 1.941772 16.632024 191 195 201
-1.829372 1.961802 16.862190 160 150 149
-0.004933 2.033976 16.547301 56 60 46
0.290807 2.069348 16.759019 244 248 249
-1.921786 1.798085 14.604741 130 105 108
0.709351 2.058565 15.754034 195 195 197
-1.647952 2.243353 16.700426 181 183 187
-1.229639 2.229955 16.331974 65 69 80
1.656381 2.089707 14.747872 64 44 38
0.597991 2.420934 16.221793 214 214 222
2.313092 2.460046 16.347832 147 157 157
2.313569 2.460276 16.349442 147 157 157
0.510258 2.482057 16.164558 87 88 92
-1.308950 2.539917 15.907547 157 150 160
0.175567 2.789577 15.590845 58 64 84
-1.087177 2.868857 15.573646 135 130 129
0.027394 2.918786 15.543990 27 30 35
1.181584 2.917160 15.123405 89 83 93
1.139437 2.963400 15.166501 209 203 208
0.428768 3.014303 15.281363 148 143 140
-1.505306 2.680074 13.563299 47 45 50
-2.442072 2.868308 14.386363 215 192 186
-0.814817 3.058059 15.263746 145 140 137
0.767477 3.033998 15.139535 70 56 29
-2.324495 2.878272 14.302812 91 66 62
-2.868279 2.950361 14.477842 101 89 89
1.463353 2.958914 14.406038 86 84 77
1.374283 2.995930 14.521153 227 229 226
0.815518 3.166435 15.077660 45 39 24
1.497270 3.177987 14.291070 110 81 63
1.188072 3.394021 14.957220 82 73 76
0.520362 3.422334 14.419304 236 236 244
0.874104 3.582458 14.033299 196 203 212
-2.209008 3.670802 13.143166 118 121 130
0.138627 3.996807 13.940567 99 99 109
-1.673757 3.978857 13.400862 35 30 26
5.503949 -17.827498 49.599129 198 182 193
1.990698 -17.150350 47.733544 105 97 103
2.826168 -17.012542 47.751038 90 87 98
6.480826 -16.258922 45.940065 75 85 61
6.766800 -16.190102 45.988730 63 71 53
3.095835 -16.546233 47.050979 183 179 176
-0.681628 -14.849594 42.653037 44 54 46
4.645588 -15.537325 45.431469 88 87 54
3.690505 -15.335523 45.027211 64 69 68
-2.152097 -14.813334 43.331495 55 76 33
1.222667 -15.098070 44.397299 47 52 21
3.211518 -13.340330 40.456385 137 114 120
-4.041606 -13.297529 40.734970 81 89 67
-0.965376 -13.661239 42.041807 108 117 90
-3.897646 -13.119914 40.551717 93 95 79
2.732941 -12.879160 40.945859 211 209 220
5.026145 -13.051926 41.848453 179 187 190
4.793100 -12.769613 41.206399 128 127 133
2.704912 -12.613953 40.974855 57 60 67
1.350809 -12.369906 40.221435 200 198 203
2.072643 -11.650605 38.159853 203 188 191
3.122319 -12.218754 40.568911 120 125 131
-7.453326 -11.355269 37.774255 204 195 203
1.358232 -10.893932 36.848701 145 105 105
-5.145157 -11.074596 37.764701 64 63 71
-6.489211 -10.703529 36.781712 170 171 176
-3.835705 -10.859380 37.763765 36 33 52
3.767720 -10.575077 37.132072 201 203 214
4.709739 -10.681840 37.548481 69 69 78
-0.317260 -9.978997 35.720460 48 46 52
1.598651 -10.138269 36.528751 75 75 62
-3.753312 -9.860231 35.633660 102 107 86
2.540305 -9.080053 33.134562 36 54 30
-0.955409 -9.745091 35.411330 117 97 104
0.615501 -9.837875 36.249054 115 109 107
-3.556451 -9.560659 35.204528 129 121 110
-6.532028 -8.423534 31.392987 122 101 96
5.533208 -8.795087 33.418982 87 116 58
-3.471864 -9.309200 35.230138 63 64 51
-3.489669 -9.382151 35.478349 63 64 51
-6.148463 -9.000698 34.018616 70 70 70
-3.816538 -9.183903 34.819244 48 61 44
0.631085 -9.265635 35.539757 141 124 104
-6.054723 -8.338763 31.980437 194 192 193
1.658814 -8.763283 34.291073 75 91 61
1.192066 -8.558018 34.743792 80 56 46
-1.219702 -7.065624 28.674401 95 112 74
2.182985 -8.231588 34.041626 48 56 43
-1.090299 -6.708437 28.782389 26 38 16
-1.916434 -7.041560 30.236792 26 37 21
0.336782 -7.388916 31.863379 98 111 90
0.338084 -7.402502 31.919561 98 111 90
-4.654410 -6.979513 31.164444 25 22 29
-2.982101 -6.712613 30.344757 55 62 20
-1.591905 -6.201584 29.263474 64 71 53
-1.594074 -6.209463 29.301495 64 71 53
-1.974956 -5.863635 29.196692 36 45 14
-4.674731 -5.247192 27.241217 215 210 208
-4.240698 -5.076082 26.927235 116 102 100
0.641377 -5.511457 29.555097 45 62 30
-4.947343 -5.222294 28.010755 166 167 169
-1.289296 -4.867774 27.612902 164 178 146
1.908073 -4.934983 28.961043 112 107 94
4.010803 -4.732015 28.919378 146 126 100
-1.457718 -4.581171 27.937743 101 102 97
2.474094 -4.337423 26.692978 106 110 36
-2.558876 -3.969381 24.892703 102 100 103
2.529568 -4.189789 26.557029 81 83 9
3.153502 -4.296931 27.794852 108 116 79
-1.061350 -4.065218 27.148145 53 58 46
-1.852074 -3.892638 26.329967 58 48 50
2.238789 -3.755748 26.878307 39 47 24
1.510941 -3.731217 26.735454 112 111 117
1.563501 -3.698281 26.662971 134 136 133
-1.931001 -3.588944 25.785569 115 111 112
-1.633036 -3.612617 26.094546 76 83 76
-1.658103 -3.262427 25.376700 88 84 73
-3.635433 -3.116534 24.704283 198 193 190
-2.282103 -2.845133 22.551004 138 109 101
-0.641457 -3.173691 25.592601 21 34 13
-2.217590 -2.752624 22.486914 124 101 94
2.583723 -2.632898 22.003820 45 75 13
2.485832 -2.581710 21.851297 98 127 63
-3.472563 -2.932903 24.350639 216 208 205
-3.457324 -2.920995 24.235221 216 208 205
2.662951 -2.485636 21.754016 41 68 14
1.667099 -2.831610 25.143750 104 100 104
-4.392132 -2.773451 24.424398 115 116 120
-0.146122 -2.530848 24.744815 116 131 100
-4.251342 -2.479258 23.897882 59 59 67
0.064034 -2.437006 23.909865 96 106 83
2.684891 -2.044469 21.349179 22 42 6
-3.599070 -2.278567 23.604914 97 86 83
2.916539 -1.828175 21.438700 52 76 54
-0.400594 -1.946331 23.181376 58 48 33
2.838964 -1.738462 21.454891 52 74 53
-0.252911 -1.874222 23.215439 65 41 39
1.869587 -1.892882 23.646477 168 172 175
-1.797954 -1.414046 20.925137 102 96 96
1.250191 -1.397138 23.213609 117 112 89
-2.989945 -1.295582 21.488917 81 90 106
-3.074722 -1.235407 21.564168 202 205 225
-4.156093 -1.077757 21.464820 150 151 156
2.155437 -0.959023 21.662927 59 80 23
3.073380 -0.911904 21.195008 34 48 0
-2.826603 -0.941221 21.114777 219 226 235
2.992592 -0.890555 21.634892 78 99 58
-0.383698 -0.742744 19.855609 86 82 86
3.121888 -0.477156 21.075108 21 35 0
2.179558 -0.430278 20.077307 95 110 52
1.071223 -0.431045 21.538755 84 87 68
-0.452094 -0.306574 18.789433 129 124 127
3.270785 -0.266777 21.040843 53 67 35
-0.511060 -0.253662 18.754010 124 122 125
-2.328775 -0.185807 20.081904 214 214 226
-3.141544 -0.081072 19.877882 44 43 58
0.003628 0.032616 17.960960 176 160 157
-2.226788 0.081078 19.800541 86 83 95
2.368738 0.486289 19.895155 19 30 17
0.940913 0.685855 18.947436 37 50 24
0.784116 0.726855 17.285283 83 81 86
-3.979599 0.770042 17.771950 121 133 151
-0.066168 0.924080 17.353222 133 124 127
0.792140 0.969815 16.685479 139 143 144
-1.161069 1.158952 18.365789 109 109 104
1.496725 1.235764 16.363095 201 217 198
2.394309 1.511502 17.574404 31 51 2
-3.491609 1.680571 16.946283 60 42 36
1.821517 1.795607 17.533548 45 35 34
-0.066895 1.727239 16.473097 78 85 15
0.575640 1.834266 16.058349 106 106 108
-1.875996 1.978570 16.918799 152 142 141
0.027220 2.035856 16.572872 31 36 19
0.359017 2.085510 16.751486 104 104 112
1.022075 1.957891 15.622971 116 111 108
-0.380295 2.118676 16.185922 29 29 41
-0.395294 2.149093 16.491817 29 29 41
-1.626500 2.195234 16.637834 128 129 134
-3.506082 2.297166 16.084879 134 124 116
2.363995 2.457808 16.334091 157 169 165
-3.386125 2.390120 15.689155 56 40 41
1.307660 2.808477 14.545798 147 145 146
-1.566616 2.744343 13.563631 143 129 128
1.347066 3.102439 14.931784 255 252 249
0.822539 3.236865 14.860416 106 106 94
0.538458 3.335631 14.643303 221 228 234
0.280933 3.528256 14.645121 111 112 117
1.734379 3.444367 13.807129 241 241 241
1.705284 3.829400 14.157072 154 153 158
0.135290 3.795587 13.960454 34 36 50
1.559694 3.877749 14.230421 131 126 126
-2.825919 3.671611 13.163554 80 64 67
3.483472 -17.323720 48.467501 207 207 209
2.485867 -16.981939 47.530630 100 90 101
5.607722 -17.497856 49.428295 227 218 220
5.607722 -17.497856 49.428295 227 218 220
3.567144 -16.936542 47.927073 170 172 171
5.458583 -17.211139 48.885682 106 100 104
5.822497 -17.193728 48.864656 209 200 204
2.824785 -16.832366 47.769520 52 51 57
4.020691 -16.921372 48.091753 193 193 195
4.020691 -16.921372 48.091753 193 193 195
4.894707 -17.161765 48.845781 65 53 57
4.549804 -15.792007 45.923051 114 103 80
-0.342014 -15.100719 43.761908 163 165 177
-0.193330 -15.184961 44.096638 64 64 71
1.657333 -15.184914 44.602245 121 101 100
-2.888860 -14.545251 42.751328 60 73 56
-3.122875 -14.504623 42.713219 40 54 36
3.087475 -13.815569 41.020349 90 81 84
-2.083825 -14.154393 42.314907 18 29 25
-2.084224 -14.160816 42.335130 18 29 25
-3.782580 -13.273794 40.499363 91 98 78
-2.597790 -13.564801 41.851345 126 115 118
7.378919 -13.557641 42.570317 195 198 209
1.318864 -12.823465 40.192722 112 93 102
-0.021291 -12.484061 39.713397 155 154 160
-2.443312 -12.010495 38.429217 207 205 204
-1.801075 -11.811810 38.660548 115 119 128
0.597423 -12.201953 40.031527 194 193 195
-1.887500 -11.758037 38.682680 115 119 128
-6.087961 -11.301822 37.099461 210 209 215
-6.772008 -8.803174 32.161761 104 87 80
-1.523932 -9.606719 35.403870 193 198 192
-5.971983 -9.627774 35.518015 55 58 52
0.650079 -9.494592 35.565179 143 118 91
-1.005211 -9.473474 35.702215 53 52 57
-3.897413 -9.334004 35.103713 120 131 126
2.017545 -8.879798 33.949710 40 57 22
-5.137086 -8.277343 33.051233 210 204 187
3.359448 -7.905442 32.814974 127 140 97
1.536815 -8.157848 34.318792 81 57 47
-5.040181 -6.693888 28.670394 99 82 88
-0.704730 -6.301058 28.725385 56 67 52
2.636419 -6.371068 30.561631 80 87 54
-2.987895 -6.278999 30.211591 53 53 33
-5.362986 -5.960422 28.806433 247 232 227
-3.522771 -5.957647 29.142939 122 114 111
-3.522674 -5.957731 29.142460 122 114 111
-5.746223 -5.851603 28.927148 209 214 217
2.753910 -5.422191 28.291378 88 102 129
-5.607218 -5.518935 28.448718 195 195 205
0.766023 -5.282699 28.443732 89 106 61
-2.930930 -4.827922 27.280519 121 115 119
0.408093 -4.967354 28.769258 47 48 43
0.410474 -4.972978 28.789912 47 48 43
3.954539 -4.588663 28.764079 121 109 86
-1.845075 -4.339886 27.073881 54 59 53
2.793045 -4.221130 27.043409 59 68 23
-1.379523 -3.959336 26.978892 103 110 70
0.329182 -3.867710 26.879430 68 70 66
-0.842014 -3.775494 26.305090 135 139 71
-1.340140 -3.611523 26.147372 93 95 82
-1.340140 -3.611523 26.147372 93 95 82
-0.266708 -3.645711 26.640442 136 127 99
0.928497 -3.167195 25.128616 115 109 115
-4.091604 -2.824019 24.546117 100 87 79
-3.653789 -2.752551 24.311397 40 33 39
2.790881 -2.321051 21.546773 89 116 63
-2.081246 -2.359480 21.893723 142 135 143
2.219245 -2.682579 25.255772 113 109 115
3.175968 -2.316673 21.886072 70 95 53
2.692175 -2.279780 21.593530 36 61 19
2.689513 -2.278167 21.564282 36 61 19
2.451046 -2.185106 21.435874 103 129 83
4.161196 -2.530336 25.629508 111 130 64
-1.979076 -2.162763 21.661589 230 230 232
2.219380 -1.861349 22.446650 79 92 66
-2.743451 -1.561387 22.411692 53 51 52
-2.243013 -1.496055 21.764778 204 203 201
-0.105352 -1.514981 22.567843 80 73 78
1.581013 -1.535208 23.413875 137 124 116
0.205387 -1.387335 22.670360 76 58 54
0.204365 -1.385684 22.614697 76 58 54
-0.947687 -1.136410 19.644148 132 126 119
3.054009 -1.023522 21.478015 82 97 54
2.072093 -0.684316 20.196427 106 124 56
1.122667 -0.715838 21.622359 44 66 20
3.051237 -0.525510 21.035393 62 78 38
2.962187 -0.517974 21.261554 33 50 6
3.385765 -0.327573 21.099758 18 29 0
-1.089178 -0.269257 19.313199 132 128 127
-0.124361 -0.215174 18.272816 109 109 119
2.615538 -0.164997 20.414138 61 79 41
1.965293 -0.081189 20.367325 24 40 8
-2.299902 -0.095842 19.935043 194 197 203
-1.097532 0.141830 19.428151 246 232 225
2.745706 0.271930 20.582178 56 49 32
2.660666 0.313627 20.518465 88 92 61
-1.093854 0.580162 19.313877 71 58 42
2.005032 0.663066 19.909467 107 104 91
-1.463630 0.640289 18.709605 140 152 165
0.732863 0.956583 16.696434 209 210 209
-0.843312 1.181654 18.249442 93 53 43
2.113266 1.210348 17.722436 40 58 10
0.956866 1.174707 16.551196 146 147 151
2.088904 1.595159 17.522786 41 50 31
-1.841913 1.760808 16.792892 138 133 130
-1.752005 1.984002 16.953001 150 146 145
2.178074 2.283660 15.965332 52 65 47
2.326905 2.420744 16.277263 22 33 27
0.587754 2.479869 16.173895 50 51 56
-1.202034 2.503141 16.236433 138 138 138
1.849070 2.311626 14.771141 83 81 82
-3.314119 2.573175 15.307890 22 19 6
-3.313592 2.544429 14.940816 76 93 4
-0.758877 2.997133 15.359388 69 64 68
0.795612 2.995415 15.089240 61 47 34
-2.548006 3.132355 14.022553 126 112 119
0.492366 3.429076 14.524919 219 217 228
0.257532 3.608859 14.744366 91 91 99
-0.596222 3.690417 14.199851 85 85 95
-0.826423 3.543529 13.599382 76 78 78
-1.243429 3.630610 13.416485 83 75 80
-1.243107 3.629522 13.412747 83 75 80
-1.810897 3.724769 13.716345 158 156 162
1.652257 3.907026 14.230254 125 121 125
-2.240131 3.643201 13.197132 88 90 102
-2.193822 3.751832 13.422559 45 31 39
-2.129585 3.750780 13.064661 192 191 199
0.313398 4.275446 13.409867 102 101 106
2.030542 4.332271 13.511484 61 52 55
2.974438 -17.238315 48.168483 213 211 222
2.974438 -17.238315 48.168483 213 211 222
1.666192 -17.057119 47.760010 78 78 86
2.153397 -16.821354 47.193281 115 87 97
2.160047 -16.859184 47.303870 115 87 97
3.994839 -17.313902 48.702514 69 63 67
2.582852 -16.277887 46.758969 208 202 204
0.753870 -15.301579 44.224418 78 76 66
-3.146537 -14.541128 42.411096 96 112 67
-2.310935 -14.940300 43.885087 105 119 91
4.475733 -13.753449 41.656298 116 85 91
5.521637 -13.425685 41.705868 82 66 69
-1.680143 -12.615247 38.954731 139 123 122
3.707314 -13.049197 41.301900 203 207 210
-0.194975 -12.556510 39.640920 94 81 90
-7.210877 -11.655192 38.019128 63 56 63
-6.395496 -10.911818 37.100404 148 149 153
-2.907255 -11.175675 38.445298 155 130 141
-3.391211 -11.059148 38.883955 130 125 129
2.291831 -9.572157 34.056094 45 71 8
0.528049 -10.152600 36.153322 145 138 146
-6.159582 -10.392902 36.715454 209 212 217
1.082612 -10.214191 36.430752 203 203 205
1.082612 -10.214191 36.430752 203 203 205
-0.671799 -9.903533 35.637933 205 205 215
-2.002060 -9.650095 35.674870 164 131 106
-6.183886 -9.330741 34.963630 129 132 117
-6.276210 -8.010526 30.754065 124 133 140
-6.271277 -8.008855 30.737214 124 133 140
-5.904079 -8.182168 32.933009 56 56 64
-1.465987 -7.052647 28.831054 47 64 36
-2.758080 -7.996555 33.000441 93 107 73
-4.646937 -6.517101 28.262144 134 119 102
-5.832464 -6.753130 29.338264 129 111 110
-4.370763 -6.334696 28.261873 121 109 103
-1.819059 -6.360662 29.655082 61 73 59
3.933153 -6.510665 30.912644 76 53 52
-3.937292 -5.747658 26.979578 227 222 226
2.336684 -5.662301 28.965583 59 69 44
4.222150 -4.775893 28.745410 118 112 96
5.038248 -4.827410 29.260155 60 67 49
3.190258 -4.649748 28.427324 180 167 147
-4.582061 -4.414150 26.648071 149 148 144
-0.809661 -4.401036 27.247218 50 49 52
4.447180 -4.008459 28.323947 85 81 56
4.492964 -3.794379 27.647911 91 92 60
2.683590 -3.448814 26.536190 111 125 89
0.853352 -2.373589 24.620863 84 61 49
0.498712 -2.186931 23.634490 28 23 30
2.425681 -1.618636 21.712623 25 38 19
-3.480513 -1.502815 22.389980 85 86 88
-4.295497 -1.455910 22.320915 51 50 45
2.345447 -1.153425 22.954545 44 58 22
3.095306 -0.978615 21.009602 80 101 39
1.174196 -0.791218 21.939916 95 114 65
-2.134562 -0.348516 20.296474 83 82 80
1.349786 -0.192822 20.017501 29 51 4
2.222072 -0.127879 20.109546 69 79 45
2.939882 0.033390 20.120705 118 133 74
2.774371 0.198718 20.689714 117 111 75
0.178003 0.313400 17.514047 122 94 82
-2.989757 0.452779 18.871840 187 191 202
-0.788683 0.828466 18.899981 187 177 167
2.806315 0.999391 19.545861 150 146 129
2.828583 1.010439 19.695660 150 146 129
-0.456269 0.937064 18.285537 92 56 58
1.819734 1.124146 17.289847 88 112 52
2.147596 1.365369 17.447270 32 45 15
2.159128 1.459043 17.558663 31 45 10
1.775807 1.739909 17.437314 40 37 22
-3.491255 1.776981 16.829291 125 108 100
0.168506 1.859686 16.847619 73 72 53
2.078184 2.063296 17.206560 136 128 112
2.138346 2.312987 15.891739 35 37 39
0.602888 2.559294 16.167200 45 46 50
-3.320154 2.627565 14.933230 42 58 0
-3.072999 2.782637 14.818245 106 109 92
2.119388 2.705414 14.029450 139 135 136
-2.330248 2.850985 14.576755 141 112 106
1.144334 3.236541 14.910340 96 89 90
1.774493 3.488079 13.759683 230 234 237
-0.436205 3.600418 14.178636 30 29 35
-0.984165 3.579898 13.544076 83 82 88
-2.870918 3.686759 13.960463 153 139 138
-0.155464 3.687748 13.614980 83 82 90
-2.769595 3.672405 13.177570 74 62 66
0.258778 -16.496680 46.421885 46 43 52
3.797432 -17.142534 48.583101 185 186 189
1.717337 -16.595008 47.178093 83 78 78
1.717337 -16.595008 47.178093 83 78 78
2.172355 -16.391842 46.757425 157 146 130
2.350317 -16.029650 46.108134 68 69 55
0.946422 -15.987368 45.961659 148 134 130
-1.501888 -14.666619 43.005589 23 34 20
3.527183 -14.031457 41.508818 149 153 156
-1.720387 -14.192109 42.284759 33 34 27
3.356784 -13.761424 41.290447 104 86 93
-1.286682 -13.306486 40.048188 35 40 33
-2.293574 -14.092946 42.529187 50 39 48
-2.293574 -14.092946 42.529187 50 39 48
5.349915 -13.376581 41.841945 155 152 163
-1.438190 -12.450324 38.778642 112 102 102
2.985638 -13.011356 40.696809 185 183 188
-5.524198 -12.432791 38.785791 41 32 41
0.727012 -12.725154 40.043394 108 112 121
3.453262 -12.696687 41.083145 154 159 163
-3.198513 -11.765188 38.063621 214 214 218
-6.877425 -9.509959 32.912117 103 85 88
5.526053 -10.482624 37.781251 191 188 190
-4.289505 -9.136919 34.626023 105 119 118
-6.758158 -7.147186 31.149772 241 229 233
-1.125621 -6.272526 28.951317 61 72 58
4.202686 -6.222074 30.398739 46 56 32
4.170314 -5.960845 29.503077 127 130 125
4.202689 -5.023767 28.730451 139 147 153
-1.677445 -4.847377 27.880849 24 45 26
-2.146711 -4.402726 26.741811 101 117 89
2.582803 -3.745491 26.624092 47 56 25
-0.067093 -3.625736 26.692800 157 144 111
2.280735 -3.508149 26.807079 49 57 37
-0.520206 -3.327159 26.134407 112 117 77
2.434044 -3.111736 26.326687 108 109 99
-2.233973 -2.543631 22.090038 158 163 172
-2.233973 -2.543631 22.090038 158 163 172
1.198253 -1.552349 23.278468 67 56 52
-1.883401 -1.318538 20.933043 108 93 96
-0.629463 -1.296037 22.577100 105 88 88
3.089526 -1.131445 21.723388 16 28 10
-0.871545 -0.654455 19.458914 165 159 159
-0.142294 -0.288086 18.682226 110 112 124
0.852551 0.342002 19.872660 119 87 62
2.601970 0.427689 20.024742 14 28 10
2.602205 0.428748 20.036626 14 28 10
2.848108 0.918727 19.623563 91 93 44
-2.770445 0.745416 16.140709 100 91 89
1.592631 1.174306 18.703861 76 92 45
0.630039 1.115139 16.661094 154 155 160
-0.832942 1.374660 17.388098 65 72 88
1.865750 1.438191 17.262197 61 79 39
0.249357 1.694768 16.695835 235 235 235
0.249357 1.694768 16.695835 235 235 235
-1.972050 1.792023 17.007841 131 124 128
0.951498 1.843565 15.736955 139 139 139
0.476722 2.125504 16.480662 32 33 34
0.874878 2.277346 15.511110 91 77 77
-3.275023 2.415017 15.457537 204 176 173
-1.349780 2.544336 15.786718 36 36 46
1.971319 2.526444 14.408118 129 123 120
0.684987 3.078070 15.175472 161 154 128
1.347212 4.226280 13.654576 163 158 154
3.334771 -16.739380 47.481764 87 85 91
4.177307 -16.938275 48.116560 166 165 165
1.107443 -16.419759 46.746954 41 39 53
1.447930 -16.579626 47.267727 137 136 134
-0.764363 -14.781627 42.608424 33 45 35
-2.947681 -14.226957 42.365543 145 148 157
-2.953066 -14.260884 42.473823 145 148 157
1.411267 -13.338372 40.227322 126 99 103
-3.713964 -13.754165 41.747042 65 72 56
-0.337789 -13.012719 39.791215 125 109 109
-1.769738 -12.798406 39.421756 121 105 100
-5.031246 -12.309038 38.220135 123 111 111
1.688952 -12.250792 40.135839 207 198 205
-7.799533 -11.111895 36.750745 189 187 198
-4.978426 -11.222047 37.743336 94 105 109
-5.183147 -10.888306 37.346618 49 40 45
-0.653348 -9.946562 35.610374 208 206 213
1.198018 -10.063090 36.458745 136 130 132
-5.152129 -8.850652 34.363354 88 140 162
-2.358268 -8.220165 32.087091 53 77 43
-0.134301 -7.317528 32.182415 109 109 79
-2.156762 -6.770709 30.270711 19 30 26
2.663491 -4.805555 27.733106 144 134 98
2.661440 -4.803038 27.715633 144 134 98
4.095453 -4.674878 28.832761 58 62 38
-2.305784 -4.270339 26.498223 30 43 24
2.488852 -3.580234 26.555313 51 71 35
2.497617 -3.592142 26.673959 51 71 35
4.474140 -3.534866 27.376671 77 78 46
2.298086 -0.708028 19.948957 112 129 52
-1.066423 0.034433 19.340490 172 156 130
-1.028968 0.444553 19.458989 218 211 197
2.809980 0.582539 20.117565 45 60 21
-1.271955 0.995138 18.282448 112 110 114
-2.117729 2.026371 14.593107 113 93 82
2.066508 2.651985 14.113184 129 122 114
-0.659919 3.775127 14.238796 47 50 43
0.714431 3.892780 14.174171 107 108 113
0.439450 3.955963 14.098019 108 111 118
1.066431 4.176722 13.765390 123 124 126
1.200962 4.302299 13.541540 109 107 110
2.077126 4.277417 13.452811 239 225 230
2.074295 4.278977 13.458352 239 225 230
5.114740 -16.965499 48.255731 52 41 49
-0.181582 -15.862203 45.499942 56 47 54
5.364228 -16.095270 46.735709 176 176 173
0.603548 -15.001496 44.080124 121 129 100
5.842186 -14.223129 42.775178 124 94 104
5.933728 -13.633449 42.061311 103 78 87
4.601017 -13.342478 41.496869 130 105 117
4.499326 -10.682161 37.496752 189 195 207
5.252119 -9.318704 36.840786 121 124 103
4.260196 -5.004332 28.731452 117 127 134
-0.123831 -4.142117 27.150599 123 113 111
4.638520 -4.273309 28.739414 115 112 93
4.064474 -4.130393 28.464551 126 123 109
-2.866605 -3.261980 23.340630 90 70 69
-3.206859 -1.019809 21.434834 110 113 118
-2.567066 -0.873148 21.336536 112 105 106
-0.824551 -0.051094 18.860123 158 150 157
2.794023 0.062215 19.888029 99 117 42
0.400034 0.564707 17.318907 156 145 141
0.247850 2.057669 16.791528 191 195 196
1.690343 2.210201 14.732934 67 51 51
1.918173 2.337810 14.738287 79 78 84
0.617205 2.696032 15.385475 75 95 23
0.121936 3.420290 14.789297 96 98 103
1.132590 3.768314 14.239968 73 62 58
-2.034289 3.779137 13.242431 145 151 147
0.050672 4.021767 13.898879 111 112 116
-6.457991 -11.165182 37.105278 210 211 216
-2.809684 -6.261251 30.154616 110 98 84
-3.681749 -4.203826 25.313373 104 80 80
3.752575 -3.686028 27.478504 138 132 118
-1.957714 -3.138011 23.690224 114 124 126
2.480891 -3.380922 26.553455 44 57 32
2.483318 -3.383585 26.593045 44 57 32
-2.120549 -2.957750 23.099345 71 41 56
3.142745 -1.239164 21.092224 66 88 39
1.372126 0.292695 20.141376 117 90 60
1.784012 0.881869 18.758517 110 120 47
1.082837 1.461254 15.776567 150 144 146
2.478133 1.619238 17.676840 50 68 16
1.976019 1.989566 17.329042 133 120 111
-1.571390 2.166602 15.224686 75 70 71
1.875191 4.248357 13.597522 44 44 44
-5.686609 -12.617852 38.945997 40 38 46
-3.022366 -2.531344 23.235044 232 223 221
-3.558964 0.037650 17.815715 146 122 110
1.190538 1.597464 15.668217 148 142 136
-1.786505 3.058776 13.413940 96 75 72
0.954378 3.457517 14.499857 80 66 65
-0.280970 3.783038 13.596379 222 225 234
-0.166843 -11.954707 38.789352 210 214 223
4.528409 -13.382064 43.873818 82 69 78
-2.356481 -10.823185 37.388373 78 76 79
-2.358847 -10.812868 37.374070 78 76 79
1.581826 -6.360544 30.019729 118 120 130
-1.285736 -4.188372 27.204894 112 109 118
-1.280501 -4.179269 27.165807 112 109 118
3.059590 -2.545644 22.058309 32 57 26
2.811240 0.141701 20.730542 107 110 63
2.256400 1.327531 17.460041 40 59 21
-0.435764 2.151566 16.781761 54 57 66
-2.076480 3.526504 13.446824 128 85 70
1.455313 4.315829 13.703527 117 111 111
-3.954010 -12.608038 39.040267 45 56 44
-0.548311 -4.859748 28.926581 44 45 50
-2.168505 -6.648182 30.189368 27 33 30
2.383386 1.813018 17.877299 25 29 24
0.705535 2.274859 15.678557 230 231 236
0.707062 2.277902 15.696999 230 231 236
-0.252428 2.541819 16.057770 120 122 121
-4.442239 -11.724712 38.112701 213 216 223
2.627390 0.960379 19.391699 120 117 74
1.807162 3.706482 13.904472 223 227 226
-1.365594 -14.515928 42.747962 32 41 36
-2.594125 -1.339734 22.280039 105 96 93
0.756838 2.455995 15.877019 101 104 106
2.189022 -1.507807 23.675436 53 55 37
-0.683853 2.840662 15.270020 231 234 242
-1.519429 2.484630 13.901402 103 89 90
-0.630599 0.712442 18.485329 215 211 209
-1.623550 -0.816611 20.497595 42 40 41
-2.920078 2.517371 15.521775 29 24 31
0.564841 -0.206636 20.436660 34 28 34
-0.539829 3.593550 14.161447 57 61 69
0.696678 0.416065 19.784595 45 26 17
-1.793282 0.471340 19.237049 127 134 143
5.222834 -17.759450 49.510645 196 195 209
3.883489 -17.621067 48.648458 203 207 210
-3.373102 -16.605917 46.018382 68 67 75
-3.372706 -16.595885 45.993732 68 67 75
3.338809 -17.253527 48.326818 55 53 64
1.477403 -17.060678 47.906382 187 196 201
1.794815 -16.741653 47.560060 63 58 49
4.423386 -16.113053 46.120337 62 56 50
6.206581 -15.845359 45.498450 10 21 5
5.280810 -16.817327 48.451314 141 123 124
5.636574 -16.468955 47.472513 115 109 111
5.479814 -15.973081 46.387052 99 95 94
5.475947 -15.965650 46.364261 99 95 94
-1.371765 -14.605151 42.416725 57 73 62
-0.635341 -14.763668 42.974475 146 156 160
-0.060717 -15.015041 44.227921 46 48 43
-1.207248 -14.309021 42.552571 25 38 26
-6.541059 -13.782536 41.469663 43 51 61
6.061955 -13.499651 41.809234 161 150 159
3.242020 -12.915668 40.819682 177 179 184
4.183714 -13.037371 41.476140 215 206 209
-0.183837 -12.397615 39.236672 95 81 88
3.224657 -12.630131 40.945613 170 172 178
-3.575804 -11.869494 37.893887 114 99 104
4.326655 -12.731874 41.499937 56 47 62
4.330164 -12.739979 41.530603 56 47 62
2.829138 -12.563940 41.094390 121 121 131
1.035873 -12.100363 40.152242 75 78 83
-7.685461 -11.074722 36.810111 35 31 41
-7.385470 -11.529772 38.530697 221 214 220
-0.274221 -10.799214 36.344875 154 143 149
-5.479686 -11.228937 37.798192 37 32 38
-5.462986 -11.190147 37.666349 37 32 38
-3.498791 -10.792850 37.353395 91 95 98
-4.319289 -10.651254 36.989190 47 55 57
-4.332822 -10.690809 37.124054 47 55 57
0.669728 -10.262511 36.175053 108 102 109
0.671111 -10.263809 36.181277 108 102 109
0.617232 -10.185395 36.205703 79 78 84
0.616335 -10.181734 36.199031 79 78 84
4.206128 -10.366060 37.593887 10 14 23
-1.477790 -9.858761 35.359768 178 168 172
5.239832 -10.252178 37.527193 45 46 55
-1.315353 -9.551956 35.433578 199 193 195
-3.382708 -9.535183 35.249831 69 76 46
0.855339 -9.707930 36.481744 32 24 22
-1.547074 -9.494767 35.516586 114 120 116
-5.229958 -9.575312 35.676529 117 111 101
-1.015391 -9.467495 35.522587 31 35 44
0.396359 -9.434570 35.516750 41 15 4
1.755683 -9.081857 34.124390 34 55 13
-3.255261 -9.425228 35.282745 151 152 138
2.515917 -8.815624 33.259567 43 55 23
1.255522 -9.454369 36.336643 154 146 138
-0.095556 -8.920417 35.117484 86 80 66
-0.522338 -8.660421 34.047898 74 65 50
1.318667 -8.749449 35.017217 29 18 13
-5.936879 -8.260584 32.537276 69 76 84
-3.481224 -7.933415 32.297697 64 62 42
-5.633999 -7.927949 32.716185 111 110 118
-6.749969 -7.490309 30.963189 252 237 229
3.144473 -7.313950 30.897531 53 53 32
-2.056739 -7.155756 30.162684 23 38 18
-2.925095 -7.470116 32.001019 97 117 68
0.787795 -7.384031 31.907536 25 35 25
-3.649628 -7.391909 31.712555 24 34 7
-0.805518 -6.608737 28.526835 76 89 72
-1.966201 -6.715373 30.141315 55 61 57
-1.033878 -6.397758 28.502601 26 39 22
-2.625805 -6.743253 30.386625 23 38 10
-4.185579 -6.842305 30.920370 64 75 59
-5.811334 -6.523628 29.100379 79 71 69
-2.530805 -6.557833 30.362035 47 58 44
-6.498972 -6.530317 30.197733 116 109 95
-2.759117 -6.506646 30.618443 98 86 74
-3.111175 -6.049464 29.588315 58 69 55
1.093297 -6.161138 30.876889 242 228 227
1.054939 -6.234158 31.546792 142 102 98
0.060899 -5.929581 30.054970 87 75 72
-5.947385 -5.733483 28.936547 181 185 193
-5.113271 -5.545185 28.109991 106 94 96
0.594150 -5.699381 29.671112 101 126 87
-0.825488 -5.210910 28.522217 42 47 43
-2.786454 -4.995930 27.624189 176 185 184
-4.563664 -4.912047 26.707190 251 251 244
0.104909 -5.016404 28.601808 132 126 118
1.425508 -5.041146 29.322063 73 81 71
0.280859 -4.862893 28.563077 100 102 88
1.621634 -4.840695 28.974878 167 182 163
3.333078 -4.586320 27.620805 185 171 139
-0.010389 -4.674809 28.423339 113 111 90
-0.212864 -4.518538 27.780540 97 93 81
2.015364 -4.335851 27.632830 106 122 73
-0.416911 -4.105982 27.266932 155 155 142
0.882405 -4.076557 27.194393 106 106 106
-2.314066 -3.120486 22.951946 76 80 81
-2.406022 -3.053626 22.791578 147 129 126
-1.522264 -3.194123 25.221194 168 168 170
-4.125779 -3.102469 24.762675 23 14 7
-5.638931 -3.117562 24.933033 167 165 168
2.161526 -3.065800 25.817546 82 53 57
-1.615515 -3.056215 25.069811 148 136 137
-3.541426 -2.872692 24.434263 129 119 117
-1.126352 -2.836069 24.508400 49 46 49
-3.227320 -2.674133 23.680484 55 50 45
-3.227320 -2.674133 23.680484 55 50 45
-4.264261 -2.534468 23.871992 41 44 51
-0.321545 -2.396570 24.402251 118 130 84
-3.502442 -2.365153 23.515461 150 140 139
-2.585625 -2.253766 21.993489 130 113 110
-5.055206 -2.297229 23.162294 107 105 115
1.533536 -2.219460 23.966125 105 118 80
-5.141407 -2.247883 23.407912 45 37 39
-0.780190 -2.088689 23.118970 88 68 62
1.108168 -2.014866 23.833518 49 43 47
-3.307312 -1.999077 23.032648 245 245 253
-2.757770 -1.970607 22.744415 91 79 79
-2.239085 -1.878181 21.376616 157 155 160
-3.281975 -1.865402 23.020612 140 130 138
1.721484 -1.806040 23.345869 211 210 214
-2.362231 -1.631774 21.899660 164 164 164
1.774488 -1.474738 23.445237 42 50 34
-4.575705 -1.554340 20.051672 111 100 103
-4.569433 -1.503356 19.906798 57 44 50
-3.008643 -1.404919 22.202973 133 128 135
0.185827 -1.277457 22.787082 131 129 113
-0.297562 -1.246386 22.625720 70 60 50
-2.204482 -1.257890 21.633021 223 214 219
-0.772888 -0.891928 19.423795 98 83 74
-3.589942 -0.752816 21.029437 77 79 91
1.696271 -0.638353 21.868110 77 83 71
1.399959 -0.380944 21.522920 121 120 92
-3.392560 -0.404157 20.529552 19 18 32
1.136693 -0.248349 20.150739 119 136 67
1.138908 -0.249982 20.154379 119 136 67
1.071690 -0.180897 20.109443 98 120 67
-1.743375 -0.219199 19.857554 153 152 125
-1.635783 -0.002270 19.866610 119 122 104
-1.834650 0.034342 19.904433 127 124 117
1.605567 0.334371 20.176895 71 50 30
-1.576050 0.254208 19.457127 103 96 89
-0.014059 0.102095 17.850913 165 148 136
0.846301 0.352530 19.796415 119 90 64
-2.666824 0.280551 19.395314 102 110 121
0.065548 0.145606 17.932696 147 132 129
-0.933740 0.351846 19.230723 206 200 200
-4.481830 0.302966 18.632161 62 53 46
-1.100368 0.521739 19.417290 109 96 66
1.931734 0.608893 19.747505 88 86 87
-0.657511 0.523125 18.543194 255 249 252
-3.539936 0.399871 17.167574 118 98 87
-0.802981 0.711473 19.107215 109 86 84
-0.692799 0.664903 18.738807 242 237 239
0.485145 0.496735 17.435963 36 30 31
-4.324014 0.608966 18.006360 130 144 155
-4.112706 0.623943 17.923482 96 174 214
-3.025480 0.549963 16.637301 164 140 136
-0.235146 0.843120 17.661335 217 209 207
-0.425981 1.162750 18.234406 255 251 241
-0.296697 1.271513 18.034221 128 122 128
-0.035405 1.340381 17.365035 74 74 74
0.566020 1.234432 16.555870 159 163 166
-0.221729 1.565864 17.755961 64 41 37
-2.152504 1.534839 17.567190 116 113 113
-0.286876 1.615238 17.768336 97 79 77
-0.286876 1.615238 17.768336 97 79 77
0.123214 1.479533 17.111376 243 244 249
1.037213 1.330136 16.162011 133 123 122
-3.242258 1.779039 16.218483 133 110 104
0.242203 1.959666 16.831180 123 123 131
-3.551536 1.961964 16.565990 140 130 115
0.379817 2.119537 16.684142 191 192 197
-3.889845 2.028427 16.311475 164 147 127
-2.931296 1.894171 15.735152 239 223 209
-2.922899 1.942584 15.631578 158 150 147
-3.613351 2.238795 16.145693 107 98 91
-1.981682 1.792789 14.524300 29 11 7
-1.904740 1.820377 14.581404 124 98 97
-1.948187 1.824965 14.549319 125 99 102
-1.161765 2.366763 16.375588 114 119 112
-3.631055 2.292973 16.140088 112 104 93
-2.825557 2.105259 15.412395 149 137 139
-1.977529 1.861509 14.493610 127 103 103
-1.328947 2.578003 15.824173 131 130 144
-0.635909 0.333044 8.589162 135 147 163
0.693944 2.770548 15.963156 119 114 118
4.984252 -18.051930 49.917347 192 200 207
0.989164 -17.065013 47.165277 133 132 137
5.503949 -17.827498 49.599129 195 184 193
5.051482 -17.581532 49.055249 37 38 48
-0.301219 -16.673490 46.363045 170 155 159
-0.397688 -16.661018 46.383151 86 76 85
2.584879 -16.975949 47.536501 183 180 191
6.222334 -16.289605 45.729848 118 123 91
6.221241 -16.287469 45.726616 118 123 91
-1.283028 -15.217324 42.277480 28 44 34
5.771303 -17.381801 49.149868 117 107 103
4.150229 -17.176366 48.509935 100 95 99
3.267829 -16.731115 47.639416 66 60 60
3.754341 -16.696822 47.775223 105 103 108
-3.893967 -14.319333 41.997694 134 124 120
0.362732 -14.658594 43.334697 64 70 45
-5.059984 -14.359392 42.313916 56 57 62
1.971492 -14.857932 44.324712 106 90 91
-4.792451 -14.291577 42.471703 39 38 50
-4.441201 -14.017351 41.700528 121 126 129
-4.328750 -14.047999 41.838586 83 88 73
-2.846790 -14.067414 42.458039 30 26 27
2.237945 -14.325790 43.531725 186 153 160
-5.595015 -13.982429 42.000136 32 39 45
-5.721029 -14.085557 42.363301 105 108 117
5.713671 -13.230233 42.192574 149 146 155
3.764861 -12.825720 41.235734 182 185 190
3.332745 -12.753814 41.224336 201 201 211
2.910562 -12.620352 40.936556 160 160 168
-1.623118 -12.054034 38.766610 216 215 226
-1.516134 -12.272354 39.496586 167 166 177
-5.135255 -11.592567 37.602626 207 207 219
1.802016 -11.077279 36.832710 138 127 125
1.797080 -11.045861 36.710415 138 127 125
-6.981938 -11.383585 37.426401 109 98 112
-7.426195 -11.521623 38.183486 67 59 65
2.022930 -10.695485 36.761771 109 91 89
-5.802481 -10.773764 37.224797 194 194 202
-4.892382 -10.746750 37.381659 38 41 46
-2.457389 -10.848614 38.017576 48 47 50
-6.662795 -10.284487 36.067931 218 215 224
-0.045787 -10.066348 36.237684 120 118 124
1.754404 -9.462100 34.094790 97 117 53
-0.547304 -9.775881 35.651523 211 208 213
1.887354 -9.349782 34.108050 92 117 63
-6.508102 -9.104182 32.630148 130 115 112
1.844025 -9.337383 34.228643 35 57 4
2.167401 -9.278651 34.114615 17 32 3
-0.725791 -9.770868 36.069269 208 201 209
-5.542944 -9.673109 35.580354 104 101 102
4.384343 -9.867546 37.159613 129 119 119
4.384343 -9.867546 37.159613 129 119 119
-6.228039 -9.553107 35.194141 86 89 82
-5.526526 -9.647013 35.750395 65 61 52
-2.084062 -9.555330 36.041469 84 74 46
1.419875 -9.055830 34.297508 43 67 9
-5.378755 -9.210582 34.730272 219 216 223
-4.378575 -9.143511 34.799551 97 107 107
-1.197958 -9.191728 35.416645 83 78 83
0.100305 -8.898598 35.140938 120 106 95
1.594703 -8.675167 34.296767 74 95 56
1.594126 -8.674524 34.295839 74 95 56
0.702768 -8.944222 35.474268 228 214 211
-1.366981 -7.837764 30.438139 165 154 115
-5.627346 -8.531623 33.457603 49 51 55
-5.626085 -8.530158 33.451953 49 51 55
2.383135 -8.069980 33.794285 28 41 17
1.820032 -7.942971 33.443552 82 97 58
-0.886550 -6.538905 28.702679 26 39 22
-3.914226 -5.700459 26.961036 226 221 224
-3.914226 -5.700459 26.961036 226 221 224
-2.157177 -5.967441 28.820749 50 76 15
-1.528923 -5.899986 29.177863 72 74 67
1.427653 -5.989062 30.169827 188 147 122
-0.297563 -5.956922 29.885572 146 148 147
1.921682 -5.961663 30.414098 104 87 68
-6.673138 -5.831753 29.284703 51 54 61
1.401316 -5.816662 30.039250 182 140 126
-4.950217 -5.437670 27.921578 211 206 202
-5.310974 -5.543964 28.769741 60 51 54
0.106158 -5.460772 28.975187 125 133 123
-1.517724 -5.321781 28.220533 30 47 24
-4.364479 -4.981781 26.585108 68 58 59
-1.258160 -4.927627 27.615112 62 73 38
-2.267530 -4.871223 27.473358 115 132 63
0.392363 -4.970502 28.805685 39 42 41
-2.704331 -4.833336 27.487079 35 57 75
1.060735 -4.915235 28.895787 59 75 37
1.763072 -4.829366 28.964682 42 52 25
-5.077990 -4.633846 27.268410 120 118 105
-4.412504 -4.533559 26.576812 95 84 88
-2.115227 -4.520711 26.822528 91 102 90
-0.057646 -4.531897 27.688191 90 86 75
-4.968920 -4.530021 27.141585 51 51 40
-2.941417 -3.644141 23.903913 142 120 108
3.379462 -3.770979 27.766117 122 123 105
-0.125649 -3.702699 26.653050 81 79 65
-0.128029 -3.710289 26.714541 81 79 65
-1.666764 -3.483848 25.982541 95 103 80
-0.815290 -3.474085 26.032591 98 92 78
1.910633 -3.167324 25.823843 130 127 134
-3.933860 -3.144765 24.843995 41 39 35
0.465483 -3.139652 25.879583 42 44 41
-3.565484 -3.042939 24.284272 196 193 193
-4.635747 -3.017163 24.718559 60 62 74
-0.175608 -2.810553 24.861815 53 56 38
-2.250005 -2.383439 22.096385 135 121 130
-0.310116 -2.448376 24.572950 82 92 57
-4.213275 -2.394191 23.676073 95 95 97
-3.012602 -2.355345 23.107320 141 128 127
-2.141471 -2.285715 21.840619 130 128 135
-0.233899 -2.191250 24.208257 42 43 26
-3.100401 -2.177703 23.485723 62 52 52
-3.831012 -2.093972 23.084609 70 70 79
-1.012399 -1.815521 22.891878 51 31 30
-3.611815 -1.835873 22.919506 46 46 57
-2.942757 -1.757658 22.882323 157 147 146
-3.543697 -1.730124 22.544616 220 219 229
-2.363086 -1.479030 21.885422 230 230 230
-0.343802 -1.410830 22.752741 120 106 106
0.842062 -1.036760 22.264280 36 43 10
-4.341112 -1.088731 19.408914 99 97 102
0.910499 -0.921736 22.264941 63 68 45
-2.657794 -0.889279 21.142911 158 165 171
-1.793418 -0.803968 20.710012 75 70 66
1.326263 -0.607701 21.531376 26 38 26
0.797452 -0.556789 21.279820 65 88 44
-2.656875 -0.530763 20.712066 28 30 37
-2.084285 -0.387705 20.369673 172 171 168
-4.398730 -0.516194 18.296031 87 90 99
1.174447 -0.204218 20.120924 42 49 6
-1.452878 -0.223240 20.183868 118 95 87
1.317154 -0.138459 19.911558 31 39 3
-1.617193 -0.051130 19.796847 86 93 59
0.147025 -0.009504 17.934694 95 81 88
-3.445430 -0.009435 17.411109 157 141 137
-2.920262 0.237558 19.410009 42 41 49
-2.664326 0.417787 19.062739 144 142 158
-2.649092 0.448391 19.030641 42 40 56
-3.303820 0.250505 17.144997 115 104 102
-3.124869 0.269728 17.321985 118 107 115
-4.465223 0.563191 18.687787 38 30 34
0.846546 0.667072 18.814835 48 49 33
-4.272057 0.592627 18.055481 117 130 148
1.047799 0.808280 19.067755 28 39 23
-2.672657 0.859279 18.391547 98 115 122
-2.667272 0.856442 18.376954 98 115 122
1.604244 1.012761 19.098572 148 129 122
0.192940 0.849531 17.231787 127 125 128
-0.653333 1.224841 18.325243 143 126 105
-0.229225 1.281652 17.854955 96 85 81
-2.341167 0.878605 15.780379 113 102 110
-0.021338 1.531063 17.366034 213 218 222
-0.873296 1.543996 17.227028 15 28 38
-0.361479 1.690585 17.164302 124 111 102
0.521911 1.529301 16.337859 160 163 172
-3.921264 1.741313 16.708672 136 129 119
-3.921264 1.741313 16.708672 136 129 119
-0.153351 1.890870 17.070220 33 33 31
0.373476 1.760661 16.533598 136 137 142
-4.075129 1.779863 16.740531 123 115 111
0.341330 1.978208 16.676490 190 195 200
-0.159176 2.006787 16.740298 55 47 20
-3.799032 1.950755 16.415451 73 57 42
-3.651784 1.990017 15.920521 182 172 161
-1.600704 2.139953 15.930290 125 128 137
0.634161 2.163688 15.967206 239 239 244
-1.386282 2.441163 15.790255 181 186 195
-0.145219 2.628729 15.871236 30 36 52
-0.145219 2.628729 15.871236 30 36 52
-3.315319 2.522637 15.288622 39 34 7
-1.010579 -15.139206 41.952526 26 47 28
0.514959 -16.374434 45.940099 52 59 52
5.949402 -17.030708 48.610840 88 83 87
-2.946555 -14.793607 42.901171 63 74 48
-3.995702 -14.975148 43.703560 182 163 151
-3.996474 -14.976532 43.709410 182 163 151
-1.318224 -14.579853 42.586497 24 35 27
3.650786 -14.247243 42.598463 93 82 96
0.861222 -14.503847 43.346330 41 64 27
-6.435156 -13.938714 41.522591 156 158 154
-3.632195 -14.048215 42.577449 123 121 114
-6.573817 -13.494575 40.845284 37 45 48
-4.021183 -13.232738 40.826013 44 49 31
-2.454216 -13.306054 41.351917 153 146 136
-2.452709 -13.303724 41.342045 153 146 136
4.469937 -13.236465 41.548416 210 200 209
4.802331 -13.220138 41.734593 203 203 213
0.236755 -12.420466 38.848557 131 129 134
0.953377 -12.672625 39.922314 202 197 201
-7.362764 -12.817195 40.260116 167 171 174
-7.592126 -12.883451 40.637873 160 165 171
0.913523 -12.581124 40.182356 156 159 164
-0.316013 -12.354666 39.534173 156 162 171
0.448716 -12.335310 39.971699 191 201 210
2.605270 -12.397952 40.873256 160 161 165
-8.013180 -11.271000 36.598940 140 99 107
-4.686888 -11.379782 37.763506 207 217 228
-6.209630 -11.159580 37.120006 200 199 207
-2.419750 -11.118350 38.231161 107 101 103
-2.414344 -11.114343 38.206987 107 101 103
-3.107645 -10.970669 38.146808 95 90 91
-5.904319 -10.163003 36.213734 139 140 145
2.058451 -9.463327 33.914571 93 114 57
-2.138412 -10.247783 36.950065 87 74 76
-4.949060 -9.807598 35.624809 37 49 29
2.473307 -8.973740 33.319757 31 44 24
-2.229483 -9.778236 36.485506 89 87 49
1.928515 -9.064563 34.080661 15 32 0
2.341561 -8.839508 33.547494 27 40 19
4.446465 -9.559257 37.190154 48 46 51
2.186197 -8.674551 33.669776 51 65 50
-6.883628 -7.775549 31.023908 228 210 195
-1.995562 -7.356960 29.993253 73 91 69
-5.469187 -7.943310 32.717728 59 50 58
2.483773 -7.948191 33.494029 32 45 12
-2.090151 -7.333763 30.179411 23 38 17
-0.581577 -6.852455 29.009511 30 43 26
-0.825501 -6.759286 28.572856 76 91 68
3.147643 -6.474834 30.544783 119 104 107
-1.154212 -6.206583 29.080718 24 32 19
-2.407532 -6.197204 29.497890 46 42 27
-2.824630 -6.067840 29.690767 60 63 44
-1.573855 -5.834921 28.877281 36 29 23
-1.676325 -6.025761 30.069933 81 76 66
2.227517 -5.769980 29.683305 63 66 39
2.865817 -5.439218 28.264522 85 99 125
-4.962352 -5.370679 28.031211 213 203 202
2.523667 -5.239280 27.977500 85 100 131
2.044896 -5.520321 30.267628 86 81 73
-4.938110 -5.290040 27.984433 95 88 90
-0.829184 -5.325987 28.872327 73 76 68
-0.831648 -5.308162 28.752277 73 76 68
1.362867 -5.409168 29.729077 57 66 49
1.435868 -5.379367 29.444124 112 119 105
-5.544216 -5.048755 27.814499 98 15 50
-0.187677 -4.766039 28.492571 40 40 27
-0.166234 -4.799090 28.746042 40 40 27
-3.799753 -4.443126 25.411044 117 97 87
-2.336278 -4.372328 26.268677 128 137 115
-2.607961 -4.265049 25.941144 124 118 122
-2.616009 -4.294353 26.164438 124 118 122
-2.334178 -4.319230 26.384987 33 47 13
-2.978176 -4.009507 24.022516 95 69 70
-1.076134 -4.227945 27.158599 126 138 136
2.111634 -3.975429 26.933395 96 106 69
-1.927794 -3.973864 26.430906 52 42 44
-4.101821 -3.881705 26.229084 112 104 102
1.722641 -3.899629 27.427269 63 75 37
-0.351747 -3.810870 26.532601 135 138 125
-0.132509 -3.810978 26.836947 106 104 105
-0.131465 -3.808100 26.830311 106 104 105
1.842192 -3.747615 27.001788 112 112 102
2.499195 -3.531551 26.548744 71 88 50
0.599947 -3.079112 25.021881 93 83 95
-0.419801 -3.084312 25.769565 78 93 52
-3.997224 -3.051048 24.796451 100 97 85
-3.901086 -3.003788 24.678478 53 52 26
-1.291037 -2.799332 24.449540 71 57 62
-1.291037 -2.799332 24.449540 71 57 62
-3.200140 -2.761777 23.894061 146 137 128
-3.506811 -2.704163 24.479833 117 106 103
0.848316 -2.374632 24.567094 79 52 41
-2.380787 -2.256597 22.043577 143 129 126
-3.286889 -2.250889 23.453204 79 85 99
-1.094640 -1.796373 23.007801 54 35 39
-2.971154 -1.676950 22.598484 178 168 167
-0.352220 -1.603226 22.356610 118 108 91
0.738895 -1.399100 23.073466 76 73 54
-4.730974 -1.478275 19.884463 68 54 47
-1.813207 -1.338693 20.857259 219 208 214
-0.370096 -1.134124 22.316051 121 119 98
0.830998 -0.852879 22.132148 83 90 56
1.328928 -0.727169 21.518615 37 62 14
1.166150 -0.636501 21.518436 36 57 16
1.525611 -0.409923 21.440854 89 81 61
-3.048171 -0.222433 19.943711 89 94 124
-0.970718 -0.099142 19.058232 23 26 32
-2.907414 0.051098 19.778766 36 41 50
-2.897755 0.124153 19.783687 105 105 113
-1.920704 0.159699 19.515264 46 50 62
1.181666 0.249881 19.962506 120 106 73
0.158975 0.054307 17.980429 73 59 49
1.859337 0.593637 19.917890 54 67 41
-2.334083 0.750016 18.837439 117 120 139
-4.179942 0.666965 17.914267 98 180 218
-0.323035 0.914205 18.081974 149 150 154
-0.268020 0.874478 17.771265 134 131 134
-2.049648 1.054709 18.101579 234 246 253
0.430362 1.066893 16.870828 151 150 155
-1.023578 1.246496 17.669794 110 109 105
-0.231416 1.408685 17.960119 98 87 82
-0.627499 1.464367 17.742786 76 39 23
-0.901219 1.653738 17.319662 26 28 40
-1.573898 1.962009 17.036650 118 115 118
-1.573415 1.971185 17.067274 118 115 118
0.049213 1.852441 16.361980 45 56 22
0.311908 1.977061 16.730717 133 138 144
0.622328 1.929179 16.049651 35 36 40
0.622562 2.246094 16.144791 23 21 24
0.595854 2.273762 16.140111 192 192 189
0.916609 2.397850 15.725805 87 80 71
-3.427152 2.411079 15.860524 71 55 53
-1.469133 2.493966 15.940906 182 176 180
-1.470592 2.496426 15.947971 182 176 180
-3.681575 2.444295 15.082743 131 132 123
-1.194810 2.708568 15.587082 33 31 20
4.853808 -17.575968 48.908664 50 50 60
5.627902 -17.784250 49.725675 115 89 89
0.015198 -16.768646 46.665571 91 76 83
1.105411 -16.823514 47.548041 62 58 73
-2.931355 -16.239002 45.781669 162 161 166
-3.895168 -15.603810 44.770608 63 49 51
-3.893628 -15.590206 44.731559 63 49 51
-2.836056 -14.871313 43.396505 152 164 139
-2.827963 -14.816527 43.227306 152 164 139
-4.183772 -14.669216 42.900527 66 56 51
-4.061197 -13.473235 40.533994 111 117 84
-6.399835 -13.805939 41.606665 85 89 98
-7.165270 -13.176735 40.780757 97 91 91
5.312552 -13.208328 41.879044 77 71 78
5.025944 -13.136223 41.718668 130 131 135
1.493193 -12.701891 40.236499 180 173 180
-6.225736 -11.698504 36.719041 91 89 93
3.560271 -11.297103 37.141902 93 80 85
4.135787 -10.973813 37.062005 42 50 63
1.294963 -11.081003 37.311754 173 132 128
-4.656255 -11.304295 37.826412 119 131 143
-2.205892 -11.516853 38.776931 194 194 194
-7.677294 -11.006342 36.876019 68 75 83
-5.817372 -10.620426 37.259917 164 165 170
2.501350 -9.459727 33.380259 58 69 47
4.072420 -10.288940 37.443336 215 219 228
4.072420 -10.288940 37.443336 215 219 228
-6.585807 -9.097066 32.435711 146 123 120
1.013095 -9.529167 36.245686 126 119 113
0.355652 -9.399220 35.819696 97 74 77
-4.894626 -9.220749 34.818049 85 95 96
-6.423315 -8.187569 31.080215 92 94 101
4.046941 -8.961500 35.855898 64 81 59
-2.768361 -7.731524 32.897013 88 101 72
-1.664736 -6.936539 29.494729 18 31 13
-5.817816 -6.613279 29.033343 132 111 108
-6.850486 -6.936511 31.189751 170 152 146
0.072625 -6.748993 31.142464 88 28 31
0.276709 -6.334699 30.705284 39 54 25
-4.863232 -5.604556 27.585128 246 235 229
-0.941035 -5.287980 28.717597 78 84 78
0.335419 -4.917164 28.688986 104 101 94
2.782470 -4.653061 27.499562 130 124 92
1.721588 -4.815615 28.789975 56 66 41
3.195820 -4.657553 28.480230 195 186 176
3.350712 -4.462397 27.764891 72 85 39
3.324775 -4.244256 27.824152 127 134 101
-5.285069 -4.000349 25.943883 237 238 243
-1.181883 -3.847168 26.298638 109 117 69
2.223768 -3.848253 27.051283 67 77 48
0.984609 -3.250599 25.425390 166 171 177
1.536297 -3.119321 25.656747 145 140 146
-1.968668 -2.883213 24.010939 75 52 62
-2.482581 -2.696994 22.560400 165 157 171
-2.640527 -2.643046 22.656242 123 97 103
-1.616764 -2.127284 21.354081 51 54 63
-3.049191 -1.712115 22.803553 146 137 129
-1.151453 -1.395170 20.143368 128 123 117
-3.083513 -1.302723 21.709900 78 84 100
-2.060852 -1.251093 21.258616 246 244 247
0.135122 -0.942934 21.828971 39 44 21
2.094608 -0.603514 21.851146 45 53 29
-3.469556 -0.460632 20.419877 25 23 37
-3.866703 -0.596666 18.383665 104 107 122
1.490598 -0.321640 21.279548 72 86 39
-1.763907 0.054418 19.836021 87 81 82
-2.973642 0.272177 19.504530 143 144 146
1.609294 0.554097 20.090059 104 114 90
-3.542326 0.282658 17.341908 138 118 111
-3.603229 0.295294 17.404963 111 91 84
-0.678564 0.565602 18.588963 172 157 152
0.571681 0.625284 17.366882 83 82 82
-2.033304 1.257567 17.753673 227 231 243
-1.997407 1.380957 17.808125 51 53 65
0.898425 1.170438 16.242865 183 184 184
-0.527510 1.477153 17.732934 85 61 40
-2.051309 1.607465 17.493257 126 124 124
-3.921913 2.056102 16.214106 156 133 119
-2.896180 1.948123 15.647038 237 225 219
0.536718 2.178050 15.948082 206 210 196
-1.184744 2.444639 16.219651 99 99 99
0.224870 2.506605 16.218254 45 36 23
-1.440492 2.461155 15.884937 59 63 67
0.085425 2.808144 15.714009 60 73 112
2.647028 -16.974903 47.561020 162 161 169
2.169747 -16.380490 46.724117 157 147 132
0.944517 -16.004885 46.006370 144 130 134
-4.332963 -15.573634 45.178465 175 169 150
5.419080 -15.379923 45.236639 190 185 181
-3.402729 -14.560759 42.883977 189 194 202
2.604992 -13.867332 41.306974 188 178 179
2.604089 -13.860444 41.283229 188 178 179
-1.915199 -14.171276 42.283058 75 90 64
-2.058055 -13.819385 41.855467 87 93 81
-5.432582 -11.929517 37.638327 121 105 116
0.797308 -12.508564 40.173623 184 191 197
0.048247 -12.074512 39.654483 101 111 120
-2.982079 -11.666585 38.427133 211 219 221
-7.579007 -11.442745 37.712393 60 44 54
-7.679035 -11.190957 36.954490 96 78 88
-4.424675 -11.235059 37.816042 203 210 216
-4.694993 -10.937145 37.252327 66 77 86
-6.998507 -9.378670 33.038500 107 86 83
1.922169 -9.230856 34.069336 90 109 58
2.439044 -8.984754 33.365564 38 51 32
-6.184106 -9.338099 34.986914 148 152 138
-0.773714 -9.279862 35.390639 201 190 198
4.089021 -8.477993 33.977841 123 129 119
-6.484845 -7.826717 30.753254 93 95 107
-3.745109 -7.828339 32.556384 104 119 73
-7.056313 -7.360712 31.808795 80 80 80
-0.960957 -6.412101 28.705718 24 37 19
-6.929628 -6.878679 30.982482 174 160 152
-6.577165 -6.281780 30.178685 160 141 134
-6.570151 -6.277487 30.148803 160 141 134
-2.895676 -6.264384 30.299598 154 140 129
-0.712365 -5.915665 29.718633 122 121 118
1.801825 -5.832766 30.197564 27 18 23
-2.534671 -5.318103 28.225475 94 84 49
-2.538257 -5.325460 28.280005 94 84 49
-3.277019 -5.115456 27.337639 220 212 213
-1.524719 -5.181035 28.101790 27 35 22
-1.727186 -5.186526 28.160504 27 45 25
-1.060022 -5.007731 28.278551 69 90 75
0.137547 -4.802099 28.614756 52 54 34
-0.258006 -4.220889 27.277738 113 105 94
-1.297823 -4.057040 26.926754 150 142 155
2.364191 -3.920794 26.730259 94 104 53
-0.369089 -2.902465 25.100993 141 147 122
-4.283732 -2.745474 24.286804 161 159 162
-5.371836 -2.573834 23.855743 44 33 37
-1.288523 -2.489931 23.951707 119 112 119
1.788385 -2.494186 25.106123 23 23 31
1.012293 -1.972307 23.950697 47 41 45
-1.405868 -1.641688 20.748971 211 202 200
-3.634903 -1.546632 22.417487 114 115 120
-3.634903 -1.546632 22.417487 114 115 120
0.973951 -1.295579 22.993893 82 85 53
1.828955 -1.123776 22.650030 88 96 59
2.096825 -1.005578 22.350170 71 97 52
-3.976645 -0.870864 21.384585 153 147 147
1.099026 -0.644460 21.582216 85 110 70
-0.399949 -0.577750 19.156964 137 143 153
-1.160212 -0.007050 19.461758 79 47 45
0.382382 0.171415 18.601407 111 105 106
-4.405761 0.439826 18.662733 68 53 60
0.816507 0.626496 19.281619 159 151 144
-2.911170 0.651513 16.497486 98 83 86
1.569396 1.111368 18.662177 201 209 200
-0.190483 1.362751 17.845784 218 222 221
-4.037090 1.782041 16.812635 87 79 61
0.590321 1.864183 16.088855 108 109 113
0.068603 2.141320 16.821820 42 53 37
1.005723 1.855477 15.684813 111 110 115
-0.158650 2.276196 16.310048 30 30 32
0.493103 2.196022 15.816736 85 93 55
-1.845029 2.003149 14.715849 102 98 99
0.033518 -16.426054 46.317638 146 139 147
3.714300 -15.852598 45.975640 181 183 182
-2.989858 -14.812911 42.736815 70 85 52
1.490638 -15.631383 45.705196 193 182 167
1.465641 -15.471430 45.211837 193 182 167
1.574944 -14.810756 43.136510 123 104 110
4.033052 -15.174722 44.621631 75 86 45
-2.569112 -14.436071 43.014572 101 107 121
-6.440225 -13.520834 41.112235 106 116 126
-7.612266 -12.783656 40.262728 153 158 163
4.711073 -11.757098 39.065516 138 108 112
-0.150182 -11.495480 37.997835 193 203 212
-7.641443 -11.340025 37.905315 196 196 208
3.579393 -10.581925 36.775832 91 94 101
-1.820529 -10.048563 35.307871 167 131 129
-2.323236 -10.037703 36.508818 193 154 129
1.354114 -9.885840 36.638844 178 172 172
-6.595452 -7.557296 30.500746 95 97 96
-2.849905 -7.880900 32.974054 51 56 48
-4.011016 -4.523707 25.799867 191 111 119
-2.292322 -2.750341 22.642073 109 89 91
-2.168525 -2.608334 22.108946 107 88 90
-4.578279 -1.546363 19.799254 66 51 58
1.536926 -0.998566 21.472584 76 98 49
-0.281783 -1.003460 21.852918 71 87 38
1.389284 -0.277408 20.872521 70 100 40
1.071012 -0.216777 20.184990 38 59 15
-2.898179 -0.106898 19.781466 93 103 115
0.704190 0.081943 19.802284 82 87 60
-4.407324 0.284408 18.583822 70 55 58
1.424582 0.961864 19.142727 115 98 88
-1.141195 1.457670 18.114770 113 112 117
0.646943 1.169055 16.612358 145 153 168
-0.692525 1.653341 17.289020 31 35 41
0.847048 1.439925 16.306935 168 181 190
-3.620863 1.797991 16.953909 75 61 50
-0.428149 1.967877 16.770310 155 150 142
-3.691424 2.564585 15.237603 44 65 16
-4.390212 -14.625533 42.460490 47 55 39
-4.526119 -14.250785 42.150198 157 156 161
0.022010 -13.184030 39.847424 138 126 117
0.694620 -13.413047 41.429453 124 115 118
-6.237115 -13.489961 41.485595 44 44 52
0.738412 -12.502962 39.950125 183 190 196
0.738412 -12.502962 39.950125 183 190 196
-0.514979 -11.419574 38.479870 56 54 62
-0.437900 -10.609719 36.290163 237 228 222
-0.156962 -9.270155 35.540888 42 32 41
-3.686664 -8.635320 33.593313 239 236 231
0.446148 -5.987544 29.773359 84 107 62
-4.879495 -5.060451 27.636134 41 41 44
1.540224 -2.087484 23.455237 196 214 219
1.540224 -2.087484 23.455237 196 214 219
-0.070782 -1.720620 22.962302 81 76 72
-0.070782 -1.720620 22.962302 81 76 72
-4.418105 -1.140530 19.453227 141 125 128
-4.058311 -0.969594 20.208577 87 82 88
-0.165295 2.422096 16.348200 115 115 117
-3.778102 -14.261185 42.288303 201 202 208
1.761061 -8.347564 34.518271 32 31 26
0.341202 -5.955805 29.557709 83 105 61
3.137694 -5.980503 29.943038 38 29 31
3.135073 -5.977431 29.939043 38 29 31
-6.508946 -5.884929 29.349031 109 110 116
-2.571067 -3.765793 25.271661 82 76 82
-0.233441 -2.802891 25.194404 32 34 21
-4.393606 -1.310392 19.676634 88 76 78
-4.366650 0.152273 18.552950 226 221 227
1.325303 0.984197 18.604287 161 151 156
0.582188 1.787099 16.054309 115 115 123
-3.773839 2.265878 16.005622 99 95 92
-0.482152 -14.545921 42.171190 154 163 172
-2.674994 -13.773154 41.667127 41 38 47
-5.433132 -11.216722 38.153845 66 59 61
1.596080 -10.460286 36.174586 124 96 95
1.024101 -5.891979 30.578486 85 24 27
-1.758874 -3.792162 25.694555 103 93 83
-1.738127 -2.795111 23.517967 182 185 192
-0.795660 -2.838889 24.702335 180 190 191
-3.771051 -0.080823 17.797989 86 74 74
-1.891303 1.121634 17.868113 109 116 123
1.979009 -6.072826 29.977960 137 111 89
-0.080487 -3.488210 26.227150 139 132 104
-4.350391 -0.431912 18.605542 86 95 104
-4.351175 -0.431259 18.612450 86 95 104
1.361934 0.716894 18.660639 40 55 32
0.528751 1.967241 16.471811 232 235 239
-6.008002 -14.042874 41.755031 172 171 178
-2.739142 0.652975 18.723965 101 101 103
-4.132327 -0.396158 18.206191 86 95 104
-4.782565 -10.359838 36.914943 55 64 69
-5.371832 -3.427054 25.172958 115 115 125
3.269290 -10.516753 36.895172 59 60 63
0.304265 0.489027 17.467932 123 94 84
-1.349612 -1.697998 20.589937 195 175 171
-3.091500 -1.187737 21.534829 20 24 33
0.077875 1.620002 17.105321 215 218 227
-0.159858 -4.828827 28.513780 93 91 81
-1.577511 -4.574801 28.038635 61 62 61
-2.017345 -0.049405 19.740800 249 248 252
-0.486052 1.531088 17.432155 154 127 124
-5.476483 -9.823923 35.682146 53 54 58
-0.405448 -6.081325 29.903547 49 51 48
-0.273804 -3.480952 26.609400 124 129 86
-2.229515 -0.153654 19.954363 246 246 253
0.170299 2.015569 16.909798 56 46 41
1.806329 -5.844976 30.232038 28 16 17
-2.601038 -2.214394 22.154875 105 88 83
1.792677 -0.679999 21.956284 82 88 79
0.604283 -1.856254 23.862415 121 109 95
-1.153950 0.791575 18.893152 41 36 31
-1.896380 -2.327016 21.893378 67 67 71
-1.282202 -0.286374 19.799699 252 252 253
0.961231 -17.305296 47.579757 83 85 90
2.946039 -17.520320 48.319645 188 190 203
3.584841 -17.080898 48.186463 168 166 167
-3.625977 -16.506355 46.103786 52 53 58
-1.880493 -15.233116 42.540487 45 67 21
6.114692 -16.471369 46.676983 33 38 8
-4.304742 -16.383309 45.882002 20 23 28
-3.628796 -16.447944 46.187131 56 59 68
3.854967 -16.689233 47.527281 52 48 49
1.585247 -16.617736 47.482642 151 143 139
4.463521 -16.215319 46.420842 64 57 47
-4.193069 -16.141990 45.935738 73 66 67
2.545996 -16.397499 47.060258 207 214 207
-3.777194 -16.119357 45.914893 40 39 43
-0.326039 -15.358579 44.078048 59 58 68
-1.873994 -14.717266 42.534164 34 52 14
-6.934414 -13.814462 40.500526 94 104 80
-0.717379 -14.504715 43.387038 37 41 44
-7.177753 -13.819495 41.868366 30 36 25
5.119837 -13.456894 41.808823 92 78 91
5.151375 -13.377560 41.759893 169 170 181
-5.738666 -13.361019 41.123085 34 33 39
5.805615 -13.383505 42.096288 140 138 141
-7.177484 -12.908666 40.254896 228 230 227
-4.548696 -11.669036 37.610974 210 213 222
-4.743536 -11.658748 37.617441 213 212 220
-0.541946 -12.058011 39.621360 80 89 93
3.209275 -12.339991 41.250309 53 57 68
-6.326420 -11.347360 37.180101 193 191 200
3.925414 -10.991130 37.017208 153 164 176
-2.455795 -11.412884 38.527053 88 92 84
-6.952264 -11.005446 37.184691 55 51 58
-0.145990 -10.525773 36.069583 79 79 81
1.765620 -10.539951 36.852810 77 61 70
1.824127 -10.448462 36.641926 176 169 181
3.236291 -10.481888 36.973267 188 187 195
4.084837 -10.345619 37.222002 80 84 95
0.890061 -10.046294 36.365919 59 52 60
-6.669014 -9.197573 32.504652 102 86 82
4.816595 -10.178738 37.375067 185 183 194
-0.914392 -9.838360 35.571493 222 221 225
-5.274091 -9.807516 35.563855 81 95 70
-5.301671 -9.755338 35.593812 24 33 16
2.299033 -9.094550 33.545713 45 64 34
4.322338 -9.912177 37.297098 55 49 59
2.569974 -8.814354 33.351141 81 94 65
3.612330 -9.563146 36.738001 58 59 45
1.633972 -8.976415 34.038625 87 106 61
1.639735 -8.989075 34.090992 87 106 61
0.511815 -9.229590 35.709987 80 68 66
2.454235 -8.642981 33.367506 69 83 58
0.474248 -8.837125 34.922126 128 110 103
1.482546 -8.639979 34.342070 75 98 51
2.415903 -8.341513 33.508123 23 34 10
2.374809 -8.191445 33.320607 30 42 22
-5.269396 -7.815797 32.333108 49 37 47
-0.955763 -6.863357 28.678878 30 40 16
-2.074283 -7.151148 30.359484 68 86 62
-1.878180 -7.060816 30.074357 68 80 66
-1.124158 -6.693482 28.756103 20 33 13
-2.438662 -6.895728 30.198382 38 53 23
0.762720 -6.873815 31.865617 38 35 24
-1.483610 -6.436823 29.174868 56 68 46
-2.756147 -6.573052 30.558233 65 61 50
2.530796 -5.968033 29.210296 91 106 65
0.729753 -5.767968 29.883464 58 74 41
0.691238 -5.759300 29.936189 96 115 78
0.647553 -5.610154 29.459156 89 104 65
1.151714 -5.647218 30.208243 113 97 92
-1.169481 -5.388524 28.395647 57 72 51
-2.348205 -5.284949 27.808778 55 44 20
1.408664 -5.280341 29.638823 45 56 39
-2.786045 -4.996636 27.625671 181 191 183
-4.134796 -4.809448 26.441877 216 192 194
-3.611005 -4.687850 25.558410 117 87 89
-1.114740 -4.880109 27.957776 166 180 166
-4.877497 -4.807115 27.028988 120 129 98
-5.791566 -4.735641 27.055249 145 146 151
1.618106 -4.520997 28.444512 121 140 94
-4.099035 -4.231591 26.322523 255 250 249
-3.667590 -4.057350 24.737724 120 88 77
2.016093 -4.154632 27.609141 42 61 15
2.309487 -3.922307 26.530274 105 113 64
-2.493391 -3.731930 24.557872 35 25 36
-1.462160 -3.638689 26.121016 74 58 64
-5.865746 -3.646744 25.546849 86 84 90
-1.618834 -3.534542 26.074684 54 64 40
-2.462039 -3.124510 22.991120 163 141 143
-4.108926 -3.205160 24.875942 133 132 133
-4.450097 -3.124193 24.744270 73 80 99
2.403576 -2.851407 25.306605 112 86 88
-1.126577 -2.841143 24.617415 49 46 48
-1.471360 -2.851357 24.933639 187 170 168
-5.445168 -2.815534 24.382371 130 121 122
-0.905564 -2.669641 24.559848 119 122 129
1.635722 -2.598492 25.017550 102 76 72
-0.242932 -2.468841 24.509295 58 69 38
-5.532921 -2.476317 23.775578 124 116 120
-0.451027 -2.250560 24.034444 205 206 191
-1.784318 -2.101189 17.325894 130 128 141
-2.221370 -1.979077 21.805173 154 151 158
-2.401969 -1.929308 21.904852 89 87 90
0.321515 -1.815296 23.611653 80 68 52
-0.758180 -1.785455 23.180014 165 152 156
-1.284757 -1.579601 20.571552 180 168 172
0.381797 -1.325293 22.856467 54 47 32
-3.195517 -1.388292 21.982732 112 120 129
-4.200252 -1.375156 22.051086 57 62 79
-4.515412 -1.434675 19.846566 159 147 149
-3.593624 -1.241695 21.901098 107 108 113
-2.255731 -1.202905 21.893267 241 240 242
2.038742 -1.020447 22.582332 76 98 59
0.755659 -1.031547 22.033042 33 43 13
-3.922232 -0.948656 21.740873 134 133 133
1.314566 -0.758916 21.598352 74 101 46
-3.648581 -0.785812 21.061149 120 110 118
-3.668407 -0.680737 20.945837 146 139 143
-0.096077 -0.588307 20.982582 123 124 129
-4.028904 -0.730541 18.669242 100 104 116
-1.267774 -0.421826 19.586489 227 232 238
-1.374358 -0.397045 19.909905 242 243 245
0.367462 -0.279762 20.561146 131 137 139
-4.550868 -0.342027 18.704866 100 97 105
-1.130213 -0.172274 19.476437 196 183 167
-3.099778 -0.081378 19.844888 89 111 127
-4.460340 0.142773 18.727152 112 105 105
-4.535121 0.378864 18.658851 184 175 180
-4.498415 0.590777 18.585039 31 17 25
-2.575924 0.641984 18.773376 28 29 33
0.431580 0.852064 17.075871 163 163 165
-2.856254 0.761144 16.308821 180 159 154
-3.604482 1.042750 16.919812 222 216 217
-0.032566 1.438111 17.460027 40 40 40
-0.116918 1.635613 17.872284 100 95 92
-2.491778 1.166628 15.812828 140 139 144
-0.095200 1.745300 17.566126 140 127 121
0.415147 1.685676 16.370090 79 80 84
-3.592883 1.810610 16.720109 99 86 77
-1.200342 1.763032 15.967427 108 111 120
-3.388805 1.855087 16.288030 248 236 224
0.424133 1.961588 16.573401 200 205 211
0.193331 2.165441 16.802790 218 217 231
-3.718211 2.019055 16.333706 170 156 148
-4.036507 2.034212 16.350005 160 140 129
0.508253 2.083870 16.337667 50 49 49
-3.711525 2.058568 16.357140 166 158 145
0.716627 2.043391 15.773723 74 77 82
0.777602 2.176666 15.692078 233 234 239
0.086577 2.388782 16.380862 127 112 109
5.363802 -18.014073 49.446438 197 198 212
4.287477 -17.839817 49.139687 202 201 206
4.752655 -17.700225 48.964743 178 179 187
4.753373 -17.701845 48.974912 178 179 187
6.311577 -16.608545 46.148861 31 40 18
-3.559786 -16.627270 45.796457 171 169 170
0.905786 -16.841456 46.797972 99 102 108
3.186226 -17.368776 48.657618 70 71 83
-1.282001 -15.179750 42.137831 32 46 29
-4.389643 -16.293842 45.906946 178 178 178
-3.207755 -16.276744 45.959264 165 158 157
-1.280206 -14.700516 42.380419 24 37 28
-1.441292 -14.631551 42.304487 25 41 31
-1.634187 -14.595487 42.950484 147 140 124
-4.875218 -14.564360 42.717086 106 106 93
-5.899451 -14.213533 42.082992 105 103 107
-0.022594 -13.273356 39.876366 129 118 113
0.547678 -14.464545 43.867244 35 46 32
-5.426770 -13.956436 41.944336 137 136 141
-1.483896 -12.861757 38.969153 132 125 109
3.109045 -13.309727 40.770493 122 101 106
-5.626536 -13.736401 41.964167 36 35 43
5.946707 -13.554750 42.297062 79 64 74
-8.243730 -13.421918 41.109049 68 63 64
3.664415 -13.094279 41.145444 204 209 213
-2.844278 -12.170599 38.123878 214 203 203
0.194452 -12.502763 39.460439 87 86 94
3.679159 -12.814007 41.680630 206 209 214
1.290076 -12.453548 40.319976 74 74 77
-1.541488 -11.738489 38.622149 221 230 235
-6.174193 -11.362364 37.086237 49 44 53
-2.967671 -11.311829 38.387859 186 192 200
-7.376498 -11.064353 37.395977 71 71 81
-2.373477 -11.237829 38.394115 64 61 61
-0.207695 -10.341506 35.596365 128 126 136
-3.365811 -10.879947 37.828625 68 71 80
-5.418505 -10.722846 37.242345 75 69 76
3.112574 -10.448656 36.898794 185 186 191
4.585320 -10.521471 37.367069 114 107 119
4.585320 -10.521471 37.367069 114 107 119
-1.858197 -10.050814 35.675686 247 229 222
-1.778775 -10.150939 36.071433 160 126 127
1.568366 -10.198220 36.900800 178 176 178
0.029026 -9.966399 36.008530 61 60 65
4.036651 -10.130704 37.477972 192 199 207
-2.335642 -9.972367 36.440927 177 146 114
-7.425824 -9.353130 33.631946 92 78 78
-4.245194 -9.864626 36.216013 42 47 36
1.426100 -9.779600 36.555556 48 50 39
-2.020731 -8.800268 32.737810 81 72 44
2.105005 -8.890457 33.842869 74 88 58
-5.331226 -9.016212 34.156748 103 105 113
-1.722357 -8.026479 30.442603 65 79 41
2.071950 -8.631209 33.834867 27 40 18
4.413451 -8.949322 36.222681 146 150 136
-1.881367 -7.648291 29.913853 28 47 25
-4.900407 -8.274116 33.126892 174 173 168
3.161969 -8.229956 33.771393 25 38 21
-1.314643 -7.163515 28.934925 86 103 71
0.806617 -7.370378 32.227257 118 121 125
-1.379509 -6.738804 28.795129 78 92 66
-1.073092 -6.688715 28.668608 24 37 19
-0.742872 -6.654529 28.680864 25 38 21
0.220887 -7.219786 31.947396 18 17 21
-1.119535 -6.432313 29.036413 28 39 23
1.273174 -5.451628 29.755236 102 111 99
0.742151 -5.273645 28.733116 96 113 69
-0.545960 -5.141157 27.915883 126 131 120
-2.654076 -5.154612 27.811272 107 120 97
1.408682 -5.236858 29.166506 103 104 96
0.197632 -5.142088 28.573420 159 158 163
-0.717630 -5.104312 28.457690 107 122 81
-1.139234 -4.935989 27.993027 55 69 50
-4.955172 -4.833923 27.167998 70 77 48
-2.676104 -4.754342 27.409424 17 32 48
-1.159784 -4.620637 27.916342 69 73 71
-5.687662 -4.458497 26.752296 115 117 121
-2.948837 -3.937864 24.042698 68 48 41
0.895789 -4.087507 27.197088 103 104 101
0.712001 -3.967248 27.212791 156 156 156
1.952499 -3.973971 27.497433 53 62 43
1.492217 -3.746222 26.612397 105 105 95
0.621862 -3.735005 26.772599 23 32 33
2.656921 -3.540885 26.550151 61 76 46
-5.735295 -3.537555 25.286221 120 118 130
0.460172 -3.241525 25.920931 243 243 251
-1.289360 -3.062520 25.010227 36 36 39
-3.575836 -3.046573 24.390999 218 212 212
-3.922599 -2.950246 24.550077 104 102 77
-2.516414 -2.727632 22.542625 133 107 106
0.626613 -2.621465 24.717100 121 98 108
-5.430096 -2.604036 23.531724 33 27 31
-3.013330 -2.503295 23.098509 255 253 246
-2.102934 -2.338151 21.913139 140 135 141
-2.006119 -2.263025 21.816957 164 163 171
-3.211477 -2.237312 23.639928 72 67 72
-2.578930 -2.083683 22.219447 172 168 169
-2.581255 -2.083525 22.265076 172 168 169
-4.967205 -2.104020 23.044872 64 57 48
-3.814423 -2.066213 23.106327 62 60 65
-3.855251 -2.083288 23.358851 62 60 65
0.123445 -1.333566 22.829419 111 101 92
0.359424 -1.297882 22.921990 96 91 69
-3.170307 -1.328993 21.832170 235 237 247
-4.466034 -1.387624 19.749207 92 81 79
0.406234 -1.024737 21.957055 91 99 55
-4.161063 -1.020522 21.513351 143 151 161
-3.875566 -0.986638 21.536944 177 171 175
-0.789596 -1.006306 19.523021 179 175 169
-1.792188 -0.914380 20.596079 29 17 19
-1.649325 -0.895794 20.395721 216 217 221
-0.616915 -0.933024 19.340892 105 79 78
0.968149 -0.629273 21.276697 73 95 55
-3.361304 -0.571497 20.649385 119 128 143
-1.833951 -0.488730 20.939780 75 75 55
-4.006114 -0.542164 19.397562 148 150 165
-3.883707 -0.608557 18.190617 150 153 168
-2.488356 -0.403844 20.384514 27 27 39
-2.344151 -0.154851 20.087325 225 225 233
1.170895 -0.064379 19.842888 101 117 52
-1.408765 -0.034458 20.249348 67 60 56
-3.401243 -0.116251 17.940091 74 67 79
-4.154162 -0.130552 17.837557 195 195 203
-0.920872 0.132019 19.312136 199 176 150
0.142715 0.158659 17.943300 108 94 91
-1.542667 0.378631 19.481465 95 84 88
-2.609044 0.383274 19.124320 80 83 100
-0.392988 0.630862 17.864243 74 55 64
0.310488 0.553873 17.376136 110 91 86
-4.397958 0.695990 18.053010 122 151 184
1.451993 1.029246 18.914320 237 226 224
-3.450236 0.707103 16.913641 108 85 77
0.689161 0.786829 17.142571 68 67 75
-2.774227 1.038070 16.044092 71 57 54
-0.661248 1.507993 17.703581 113 99 98
-0.449343 1.561131 17.460991 58 33 29
-0.444358 1.733045 17.334489 88 74 63
-3.223741 1.415879 16.118635 254 245 239
0.606210 1.637998 16.182638 151 154 163
-4.108200 1.787260 16.671485 112 102 89
-1.776371 1.950783 16.929729 93 86 84
-1.500489 1.971723 16.891540 143 141 142
-3.814067 1.869449 16.495605 146 133 124
-0.415389 2.073502 16.519393 140 141 156
-1.153259 2.143604 16.539747 238 242 251
-1.153259 2.143604 16.539747 238 242 251
-0.514831 2.217126 16.725986 95 95 103
-0.319187 2.216291 16.285041 102 105 122
0.085662 2.355490 16.455305 54 44 35
0.772952 2.151604 15.703193 88 89 94
-1.914087 1.972306 14.514583 116 107 104
5.504725 -18.027335 49.505936 193 181 199
5.519852 -18.065097 49.616003 193 181 199
2.903599 -17.641763 48.413025 100 100 112
4.247973 -17.298942 48.424907 57 52 56
3.492476 -17.352258 48.551957 212 211 220
-4.099072 -16.422074 45.885193 196 200 206
-3.701664 -16.439326 45.883526 190 191 196
2.937932 -16.783879 47.512202 153 142 144
1.090241 -16.687199 47.194461 62 64 74
1.774580 -16.298470 46.669876 62 63 55
-6.787325 -13.949551 40.334939 29 41 21
4.417159 -14.903932 43.975083 74 83 54
-6.630366 -13.825915 40.193130 35 46 28
-3.000246 -14.378650 42.780489 150 156 174
2.797134 -13.738496 41.226844 121 94 109
0.620417 -14.341273 43.721743 50 58 47
-8.558570 -13.546523 41.148756 189 188 194
-7.945547 -13.567576 41.383482 69 70 64
-8.516758 -13.328888 40.842411 69 64 65
-8.520129 -13.333894 40.859929 69 64 65
-8.510158 -13.198055 40.770542 169 166 173
-6.268862 -13.170233 41.081084 133 127 121
-7.843054 -13.048382 40.719549 82 77 84
-0.456647 -12.430044 39.297703 114 102 106
1.045651 -12.483762 40.334700 179 179 180
-0.232934 -12.128887 39.582277 113 120 130
-0.147608 -12.061893 39.600674 210 217 227
0.168830 -12.058076 39.727358 193 209 217
-0.555560 -11.866589 39.537275 48 57 64
-0.556951 -11.835428 39.424851 48 57 64
-2.497650 -10.684962 37.663069 145 133 145
1.495209 -10.381207 36.773722 61 60 63
-3.979337 -10.168746 36.290443 109 120 112
-4.804508 -10.127036 36.259328 106 112 109
-4.541603 -9.999235 35.950680 38 49 35
-2.731849 -9.780499 35.231264 45 58 40
-4.632296 -9.941079 36.016033 60 64 50
-0.097403 -9.659409 36.000360 144 126 112
-3.041252 -9.402258 35.366785 84 81 80
1.624711 -8.959208 34.222655 29 47 9
2.174777 -8.506528 33.281017 30 40 32
-6.204369 -8.091888 30.915549 91 97 103
-5.202904 -8.760633 34.209477 92 133 154
-3.272508 -8.281311 33.061034 112 100 98
-5.014677 -8.397663 33.491550 72 76 58
-5.014677 -8.397663 33.491550 72 76 58
-1.985983 -7.498442 30.333987 26 45 23
1.630959 -7.913111 33.793173 81 52 48
1.047424 -7.646281 32.573967 91 91 60
-3.996883 -7.304025 31.401115 53 65 52
-1.919683 -7.030338 30.215231 25 37 25
-2.258318 -7.016767 30.400909 36 55 24
-0.086456 -7.020621 31.641797 119 87 94
-5.345591 -6.522900 28.870932 235 218 219
-5.345591 -6.522900 28.870932 235 218 219
-4.507473 -6.773969 30.552594 49 46 57
-6.371146 -6.606186 30.350807 240 238 235
-1.416050 -6.296578 29.051951 46 58 41
-6.376570 -6.096636 29.660709 125 112 126
-6.344728 -6.069597 29.514058 125 112 126
-1.737553 -5.602229 28.927978 66 53 32
0.506467 -5.566099 29.416515 51 66 35
-4.960331 -5.368910 28.020976 206 201 196
-3.225337 -5.415205 28.526306 114 104 103
0.114331 -5.016983 28.498939 129 126 119
-2.791769 -4.926758 27.584881 116 125 123
-3.135996 -3.563561 23.952992 103 79 79
2.790294 -3.410854 26.245302 92 110 60
-4.003227 -3.165034 24.827052 41 37 40
-1.353533 -3.139534 25.298682 74 73 78
-0.388498 -2.999111 25.713953 76 96 53
-0.622019 -2.827396 25.144168 76 81 71
-5.520233 -2.652651 23.767952 131 127 132
-0.842266 -2.475455 23.825109 202 194 192
0.008751 -2.319483 24.282521 76 80 63
1.245936 -2.249377 24.866523 76 69 48
-0.570134 -2.216028 24.143010 94 96 85
0.939148 -2.166767 24.299303 132 120 109
-1.306564 -1.976131 21.521941 41 47 59
0.515849 -1.952261 23.713396 72 45 42
-1.034867 -1.881572 22.927240 56 32 32
-1.037679 -1.883523 22.984551 56 32 32
0.765109 -1.634749 23.081097 76 62 53
-4.700398 -1.714322 19.854381 96 80 83
-3.498898 -1.616492 22.529370 155 158 165
-2.655362 -1.550471 22.405872 23 23 23
0.987229 -1.317289 23.067750 79 83 50
1.900573 -0.989938 22.813817 67 86 50
1.900573 -0.989938 22.813817 67 86 50
0.184347 -0.729189 21.086755 53 69 19
0.017037 -0.404912 21.178583 52 52 49
-4.519608 -0.637393 18.608968 106 111 120
-4.524809 -0.636047 18.638296 106 111 120
-2.574402 -0.405389 20.550405 36 36 44
-4.490465 0.206475 18.632871 235 211 211
-4.535626 0.309720 18.577817 97 82 79
1.491478 0.645540 19.828516 148 152 137
-2.744608 0.556427 19.132768 91 85 95
-4.518176 0.522264 18.659879 155 148 155
-4.522500 0.525625 18.681822 155 148 155
-4.244361 0.563849 18.268558 39 35 49
-1.304838 0.705556 18.950644 112 101 107
-2.339145 0.743238 18.520173 46 62 78
-4.401938 0.811037 18.066227 27 28 46
-2.309296 0.954255 18.395148 100 103 112
1.251731 1.075395 18.808521 66 62 38
-0.488756 1.142711 18.457800 162 133 122
0.503202 0.881605 16.963867 103 103 105
0.439677 0.954038 16.940652 102 101 106
0.616576 1.255009 16.507509 124 126 132
-2.538003 1.185986 15.722809 144 125 120
0.282718 1.546431 16.602979 226 230 233
0.768130 1.439593 16.152222 116 117 122
-3.630416 1.786071 16.842971 81 71 59
-3.977949 1.828208 16.560472 91 84 66
-1.609605 2.202357 16.364074 161 165 174
-1.250907 2.193994 16.309615 229 238 245
-1.091229 1.981179 15.197812 217 217 225
0.345566 2.574194 15.960580 62 53 40
0.489649 2.644931 16.076759 54 49 40
4.646678 -17.754467 48.824530 84 84 92
4.070418 -17.613560 48.616365 198 199 202
4.080398 -17.644202 48.704428 198 199 202
0.015268 -16.758997 46.640992 79 66 70
-4.131438 -16.516476 45.797511 88 83 93
-4.134060 -16.528132 45.831767 88 83 93
2.650476 -16.988386 47.598594 175 178 185
1.814312 -16.950353 47.671719 148 149 144
-3.327329 -15.983680 44.805475 159 158 164
-5.704263 -14.481222 40.627754 16 32 22
1.348804 -16.055669 46.312108 47 45 35
0.572264 -15.400849 44.362286 133 126 134
-0.163561 -15.017164 44.048698 166 166 176
-2.306840 -14.872954 43.681936 100 114 93
-6.303823 -14.026483 41.264186 48 45 38
-7.890591 -14.536294 42.821735 41 47 36
-3.709929 -14.657833 43.587401 131 139 146
-8.436816 -14.092820 42.043157 105 129 125
-8.648083 -14.041912 41.925127 101 120 126
-8.077168 -14.017760 42.132109 45 58 54
-8.637433 -13.753818 41.406572 75 79 90
-3.780212 -13.246068 40.421680 81 94 68
-8.598559 -13.240144 40.594521 190 184 187
-8.597490 -13.237926 40.588239 190 184 187
-4.421162 -13.352670 41.216599 47 46 46
-2.839204 -11.697368 38.300541 213 216 221
-0.771450 -11.844466 39.239618 182 180 193
-3.474960 -11.177080 38.183638 72 76 88
-7.302625 -9.646069 34.008603 135 117 113
-0.083217 -9.977312 35.939126 124 125 128
-5.605657 -8.564274 33.507742 46 56 58
-0.350446 -8.424419 34.067282 45 46 32
-5.765923 -7.994138 33.052195 52 51 56
-7.185613 -7.829123 32.215044 58 52 38
-5.515215 -7.840718 32.452628 135 132 145
-5.515855 -7.845644 32.476297 135 132 145
-2.933636 -7.741870 32.409683 30 35 14
-1.441668 -6.562127 28.696594 33 47 24
-1.134965 -5.654609 28.538643 24 33 18
0.038092 -4.641453 28.203696 112 115 94
-5.657530 -4.456934 26.844887 81 86 93
-0.266794 -3.088618 25.665516 82 97 56
0.017580 -2.931752 25.314702 75 80 74
-0.456466 -2.771298 24.722355 108 107 93
0.456412 -2.705306 24.962959 134 109 111
-0.090410 -2.538012 24.692149 117 126 106
-3.322798 -1.932304 23.250268 25 25 35
-4.892767 -1.918297 22.738371 194 184 186
-4.836973 -1.893168 22.900804 104 103 106
-3.374641 -1.530862 22.180059 173 172 184
-0.335875 -1.400428 22.536223 133 119 114
-0.335875 -1.400428 22.536223 133 119 114
-0.864426 -1.176636 20.096045 109 99 98
0.513114 -1.039625 21.921066 76 85 42
-4.423912 -0.545436 18.296885 146 146 153
-3.043015 -0.252838 20.119022 106 106 133
-4.358068 -0.438106 18.255175 96 98 110
-2.953812 0.100693 19.779834 37 38 43
0.814669 0.170144 19.797723 115 117 111
-1.626742 0.212742 19.699363 72 73 65
-1.848070 0.324540 19.327726 56 73 89
-2.494502 0.915310 18.752721 69 67 78
0.383922 0.686570 17.200739 98 96 101
-0.435000 0.925988 18.144592 91 49 57
-4.396972 1.006348 18.059256 82 97 96
0.128562 0.927696 17.234001 121 122 126
0.345398 0.919513 17.063329 98 97 101
-0.376520 1.370938 18.098569 191 166 143
0.116891 1.198457 17.009731 134 135 140
0.866875 1.126955 16.458144 166 170 171
0.841248 1.091563 15.906276 170 174 177
0.953826 1.240986 16.365453 171 175 178
-0.271999 1.560142 17.745508 114 84 82
0.953149 1.608562 15.937326 110 109 114
-4.091389 1.924202 16.417320 116 92 87
-3.666749 2.011577 16.403754 153 142 139
-0.559418 2.134911 16.729578 112 111 116
-3.935794 2.025789 16.281211 121 102 88
0.243255 2.304628 16.646730 79 78 76
-1.163489 2.311372 16.267934 97 102 103
6.014727 -17.585119 49.377023 146 138 154
-3.551001 -16.353972 45.828452 164 163 172
0.893480 -16.525691 46.796465 115 120 129
-3.813121 -14.779162 43.235284 134 113 112
-8.434606 -14.397495 42.520499 51 57 66
3.692746 -13.857189 41.557232 106 90 98
-8.791669 -13.792291 41.359658 122 122 132
-0.107553 -13.130151 40.183812 103 86 78
-0.104413 -13.202469 40.430593 103 86 78
-8.426518 -13.606140 41.330001 208 210 205
-8.674726 -13.188225 40.860334 109 103 115
2.958311 -12.736694 41.025513 180 183 188
3.451216 -12.691772 41.063815 101 111 112
-2.632455 -12.074614 38.953942 131 136 140
3.663608 -10.978577 36.867356 117 118 123
3.663608 -10.978577 36.867356 117 118 123
-4.846415 -9.946006 36.013912 51 55 40
-2.812185 -9.571262 35.517064 59 61 53
1.324801 -9.292127 35.717462 55 62 46
-2.152038 -7.603320 30.700560 38 56 30
-4.335492 -7.763302 31.580101 51 55 39
-5.691588 -7.097204 29.512731 134 111 117
-5.681084 -7.090141 29.462221 134 111 117
-1.047629 -6.765381 28.654111 28 39 23
-1.034746 -6.551058 28.866897 67 80 62
-1.034746 -6.551058 28.866897 67 80 62
-0.964191 -6.312582 28.917299 64 73 56
-0.572325 -6.195314 28.638238 22 32 24
-3.946736 -5.921871 27.993213 78 79 83
0.066328 -3.484678 26.553132 145 140 110
-5.710942 -3.446596 25.236243 212 210 221
0.818992 -3.178233 25.198552 100 92 100
-3.977300 -2.807052 24.277638 160 145 132
2.452232 -2.640879 25.403097 109 91 78
-1.968632 -2.374342 21.773378 139 134 140
-4.562873 -1.809287 21.169583 218 208 216
-4.472833 -1.513209 20.282009 83 72 78
1.125346 -0.169844 20.005915 144 158 70
0.692740 0.409231 19.735542 57 40 30
1.293479 0.905546 19.270441 169 167 158
-4.362694 0.854077 18.047221 110 138 163
-4.367898 0.940537 18.026202 53 40 44
-1.108973 1.191948 18.262500 109 108 106
-2.230288 1.337451 17.487526 107 98 101
-3.511323 1.467242 16.876646 104 74 66
-4.099819 1.555078 17.009891 43 33 34
-3.607219 1.709701 16.946848 128 114 106
-2.566639 -16.812581 46.163291 201 200 206
-4.141856 -16.454772 46.318283 194 199 202
-7.422588 -13.869730 41.974837 163 164 156
-7.847566 -13.764581 41.741071 192 195 190
5.237811 -13.132601 41.832803 86 75 83
2.443920 -12.787356 40.685093 82 72 65
4.840518 -12.200580 39.959308 63 52 51
2.063421 -10.463346 36.726697 190 193 186
2.066437 -10.473737 36.772539 190 193 186
2.733288 -9.304238 33.438869 50 62 47
2.053744 -8.558564 33.990375 31 45 19
-0.882768 -8.297373 32.890253 97 108 68
-0.163090 -7.938049 33.550584 96 101 74
-3.567039 -7.040065 31.587129 96 99 83
-0.092749 -5.725847 29.928475 35 46 31
-0.454865 -4.220666 27.482882 59 60 46
-5.764856 -3.278656 25.078284 164 160 161
-3.318488 -2.872001 24.180632 139 128 122
-2.530295 -2.292771 22.324584 157 158 166
-1.334257 -1.872026 20.867024 111 99 102
-0.238146 -1.712162 23.404050 118 106 92
-4.694892 -1.515008 19.761270 68 48 57
-3.064026 -1.369442 22.302765 129 128 137
-2.147927 -1.269036 21.513902 103 94 101
-2.039220 -0.882520 20.087058 63 78 42
0.516871 -0.699427 21.051336 39 57 17
-0.704023 -0.799166 19.378857 67 53 52
-2.576789 0.519305 19.116996 33 26 33
-2.926685 0.641848 19.112042 110 93 99
0.672387 1.149987 16.645016 152 157 171
-0.530905 1.524478 17.539504 59 28 26
-1.720732 1.995927 16.947578 141 137 138
-2.097661 1.743909 14.831879 156 133 125
-2.035479 1.828467 14.369157 125 106 100
6.211185 -16.629683 46.096530 62 67 45
-2.664089 -15.567729 44.574321 44 67 29
-0.497453 -15.262775 44.122161 147 157 166
-6.939683 -13.546707 39.311831 29 34 30
-7.356634 -14.061978 41.954119 41 46 41
-8.621059 -12.620251 39.429711 215 226 232
-2.777829 -10.825509 37.860763 95 21 56
3.353607 -10.424278 37.028742 190 193 200
-4.231660 -8.092107 32.553698 71 80 59
0.549369 -8.590192 35.350402 160 153 143
-3.834233 -6.962380 31.457532 93 99 88
-2.454935 -5.737020 29.177008 84 97 53
2.621378 -4.020228 26.254664 108 113 57
0.445858 -3.603417 26.635007 135 126 92
-0.821553 -3.173544 25.174498 40 59 31
-1.838253 -2.188722 21.562543 132 135 141
1.213620 -1.316968 23.191568 83 87 50
-3.896181 -1.335799 21.313076 83 137 199
-4.487162 0.376936 18.608316 170 171 174
-4.040319 0.569141 17.919673 201 195 186
-1.117512 0.960622 18.472713 99 97 102
-2.325437 1.012062 16.220973 80 71 74
-2.479874 1.268104 15.561279 140 111 103
-4.051159 1.674777 16.978710 96 91 97
-1.969761 1.690775 16.665912 126 122 123
0.866678 1.847131 15.813180 95 96 101
-3.956296 2.065412 16.237470 154 134 121
5.042613 -16.688479 48.356164 174 155 138
-6.448044 -11.145991 37.037919 210 213 220
-1.592701 -9.891701 35.207361 132 98 107
-5.260108 -6.014735 28.540324 225 216 207
2.209960 -2.173135 23.147126 46 58 43
0.712173 -2.169333 24.046305 117 110 94
-4.369087 0.153981 18.567323 226 224 229
-2.647353 0.620261 18.953460 108 103 109
-4.338902 0.629934 18.606544 68 62 76
-2.309513 1.345473 17.666710 115 98 104
-3.390268 1.402980 16.606312 254 250 247
0.577986 -16.419648 46.390096 60 60 50
-2.306889 -15.448945 45.007164 70 92 45
1.354515 -4.002603 27.056752 152 155 159
1.577554 0.204447 20.028129 109 89 53
-4.545628 0.609922 18.710607 35 22 32
-2.702672 0.963574 15.995186 61 49 53
-1.714577 1.643388 17.370236 35 37 48
-0.182557 1.943567 17.068291 62 51 49
-0.182557 1.943567 17.068291 62 51 49
-1.397264 -11.424036 37.144708 212 219 229
0.132853 -2.785773 25.468231 104 108 88
1.018010 0.744810 18.945345 31 45 23
-2.438358 0.920854 16.334920 72 61 67
-4.098145 1.802420 16.841524 117 108 101
1.049147 -0.776090 21.884371 95 113 65
-2.220168 0.611992 18.433002 109 112 119
-7.290253 -11.978608 38.985668 71 59 61
-7.280786 -11.973848 38.957028 71 59 61
3.663300 -10.401293 37.576250 87 96 101
-5.272633 -5.140476 27.986478 139 25 54
-4.046987 0.768814 17.690694 90 179 211
-0.115008 -1.751928 22.752654 67 68 63
3.004812 -4.878596 28.254086 233 223 228
-3.547558 -4.955433 25.719061 94 62 69
1.358768 -5.698640 30.237686 60 24 25
-1.857327 -1.264315 20.915568 126 109 117
-1.504019 0.175159 19.768370 165 167 159
0.201478 0.728138 17.359339 99 93 97
0.072680 2.257609 16.410612 56 43 37
-1.531636 -9.269399 35.143400 202 202 204
-0.582450 -2.519540 24.616333 72 80 57
-5.679850 -8.290355 33.108282 193 196 202
-2.256110 -11.874375 38.610992 196 197 201
-0.616770 -9.503771 35.578064 207 207 217
-2.718476 -0.587069 20.875116 116 117 122
-1.579849 -0.238468 19.857225 143 144 115
-1.229729 2.322830 16.403843 28 32 31
-0.181086 -6.059080 29.928737 181 182 185
-2.946417 1.538869 15.665375 110 88 82
2.852468 -17.610068 48.057227 222 221 235
1.316087 -17.268063 47.772131 209 212 221
4.274834 -17.614993 48.997740 200 204 211
-3.444891 -16.548114 46.087453 216 217 222
-0.404425 -16.656731 46.588919 169 152 162
4.012157 -17.199857 48.529559 44 39 45
0.359752 -16.611061 46.780063 41 39 45
2.207722 -16.710920 47.414083 183 165 160
1.278113 -16.231607 46.621120 157 151 151
1.900797 -16.450533 47.318286 71 75 60
-1.660999 -14.738755 42.340076 36 53 31
-6.040865 -14.430495 41.449350 54 54 53
-6.047967 -14.456930 41.523432 54 54 53
-6.942820 -13.855224 40.404855 14 27 7
-0.742590 -14.525008 42.962532 46 52 55
-7.077840 -13.457210 40.746062 147 149 138
-6.186369 -13.584083 41.246747 197 201 210
-8.588144 -13.294943 40.489305 90 84 88
2.041122 -12.872963 40.319557 115 102 111
-2.354419 -12.061034 38.519255 67 67 69
4.862643 -12.861908 41.942956 80 75 74
-1.547242 -11.916996 38.543973 170 176 184
-0.366876 -12.094860 39.291349 204 210 222
0.926180 -12.061606 39.981313 32 22 25
-6.333478 -11.210551 36.891400 58 59 67
-6.333478 -11.210551 36.891400 58 59 67
-4.841356 -11.319025 37.808872 100 110 119
-2.391821 -11.443448 38.506808 78 80 75
-6.268317 -10.706389 36.491066 84 87 94
-0.232018 -10.013624 35.788123 51 55 54
-4.773306 -10.138426 36.053144 25 31 35
0.943168 -10.126881 36.478531 196 194 203
-1.051377 -9.753010 35.515184 96 65 75
-5.484525 -9.834205 35.742437 46 51 55
-4.391856 -9.437751 35.441330 67 79 58
-0.721539 -9.343478 35.559770 218 207 218
0.375148 -9.343080 35.768602 102 93 94
-3.972062 -9.227694 34.980066 68 78 67
-0.322869 -9.281986 35.684623 152 145 145
1.958502 -8.892232 34.132620 74 97 47
-1.074519 -9.103732 35.413659 131 127 128
1.378248 -8.613026 34.402963 22 32 1
1.547604 -8.563812 35.112240 48 44 23
-3.486914 -7.908416 32.803169 113 120 89
-5.747488 -7.994659 33.192626 50 40 51
-5.337415 -7.916332 32.816359 56 51 58
-1.164417 -7.020253 28.663732 46 63 27
-2.849980 -6.953301 30.494238 50 68 17
-6.555840 -6.947542 30.877260 227 223 224
-2.531761 -6.549969 30.327461 49 56 43
-1.475508 -6.245634 28.963602 25 36 20
-6.655164 -6.501893 30.195758 122 115 99
-2.211036 -5.895298 28.779218 33 61 3
-2.053813 -5.786365 28.742693 95 119 68
-5.977056 -5.827296 28.742873 246 248 255
-1.570997 -5.338521 28.256781 160 175 144
-1.590186 -5.266873 28.233634 23 35 13
-1.942660 -5.254857 28.154468 46 67 15
0.585154 -5.211295 28.967949 72 75 65
-4.698901 -4.865173 27.015539 96 106 73
1.913965 -4.918652 28.519332 116 96 86
2.435421 -4.809481 27.879832 56 43 36
2.435421 -4.809481 27.879832 56 43 36
1.616091 -4.517713 28.421427 121 138 95
-0.029165 -4.420744 27.461118 94 93 94
-4.523345 -4.362274 26.780295 30 27 38
-3.733109 -4.183214 25.196169 112 83 78
-0.026040 -4.258543 27.198217 98 98 100
-2.619940 -4.125926 25.428817 51 49 52
2.445067 -4.167685 26.770202 142 142 68
-2.923631 -3.980816 24.027731 174 154 150
-1.045557 -4.136294 27.165563 45 59 52
0.158748 -4.093649 27.050880 222 224 221
0.158748 -4.093649 27.050880 222 224 221
-1.014057 -4.030366 27.252263 92 101 71
2.516213 -3.801259 26.623200 108 119 77
0.814087 -3.517797 26.046824 102 103 111
-5.856430 -3.322263 25.270093 131 126 130
-5.864193 -3.325350 25.304518 131 126 130
2.488569 -3.175645 26.440043 42 44 25
-4.148263 -3.143392 24.781860 30 16 22
-4.148263 -3.143392 24.781860 30 16 22
-1.997380 -3.030749 22.881349 48 49 59
-5.638196 -3.139770 24.768011 122 120 123
-3.557463 -3.082669 24.441778 255 250 250
-4.119197 -3.099316 24.700090 24 13 11
-2.224963 -2.831647 22.770117 188 160 156
-5.818486 -2.941262 24.591885 128 120 133
-3.603968 -2.887259 24.482966 68 64 53
-1.086106 -2.851649 24.511456 128 132 131
-1.148173 -2.802461 24.454928 245 239 241
-3.621832 -2.824674 24.343822 45 45 41
-3.523703 -2.822288 24.353179 89 79 70
0.414430 -2.641776 25.311752 102 83 84
-0.154509 -2.474864 24.548851 69 81 44
-2.641019 -2.088672 22.281260 207 200 200
-1.580421 -2.002480 21.270044 175 165 164
-2.116633 -1.853403 21.492708 148 147 153
-2.291402 -1.830187 21.590189 136 133 137
-1.183541 -1.610726 20.496527 72 67 74
-3.753996 -1.556730 22.468316 212 213 218
-4.740903 -1.618502 19.761938 184 166 162
-0.431031 -1.357898 22.426063 118 104 96
-3.294627 -1.293557 21.973394 44 46 52
-3.623647 -1.219147 21.950198 208 209 215
-0.713494 -0.848431 19.297920 67 49 42
-1.562849 -0.727744 20.327432 220 217 212
-3.513526 -0.609492 20.784163 106 112 127
-1.735476 -0.379809 20.750259 110 94 84
-3.785369 -0.609026 18.313357 140 142 155
-0.347256 -0.398998 18.781450 114 112 115
-0.234052 -0.329652 19.371021 101 102 113
1.278419 -0.151632 20.117310 111 122 68
-2.283324 -0.163388 20.067309 214 217 224
-4.488639 -0.299159 18.581318 89 84 98
1.276370 0.014290 19.961463 46 61 6
-3.122575 0.052938 20.023952 47 47 57
-3.596671 -0.151190 17.845819 165 138 137
1.524545 0.361272 20.176867 92 74 47
-0.709697 0.216069 18.630691 47 49 58
-1.514950 0.439864 19.330267 97 92 91
-0.749991 0.402891 18.826721 81 65 64
-0.749991 0.402891 18.826721 81 65 64
-4.328251 0.494010 18.523077 76 65 69
-4.616123 0.670507 18.702466 98 94 85
-0.733938 0.900050 18.867938 148 133 126
-3.038638 0.513300 16.776752 106 91 88
1.089431 0.998229 18.852226 57 57 59
-0.418559 0.820118 17.940261 255 253 255
-2.875886 0.741714 16.362654 176 159 153
-0.245550 1.149008 17.894523 202 207 210
0.368522 1.005656 16.982680 96 95 100
0.478122 1.002625 16.919729 116 116 118
-0.352214 1.391484 18.109811 194 170 146
-3.250988 1.489856 16.256082 145 135 126
-3.250988 1.489856 16.256082 145 135 126
-1.930291 1.784848 17.174229 69 63 64
0.043077 1.789061 16.579231 142 146 106
0.284627 1.944379 16.848768 110 110 120
2.298717 -17.497671 47.510481 139 145 157
0.063644 -17.254785 46.898521 192 190 197
0.620605 -17.310389 47.075068 187 186 191
5.034183 -18.009249 49.317111 198 208 220
5.034183 -18.009249 49.317111 198 208 220
-0.021301 -17.301084 47.069610 83 81 90
-3.158544 -16.992752 46.342601 194 192 200
-3.415060 -16.815514 45.886309 201 199 205
0.465426 -17.254019 47.349653 181 186 190
0.465426 -17.254019 47.349653 181 186 190
-3.240061 -16.831470 46.021161 96 96 101
-0.531566 -17.065642 46.851846 70 70 79
-3.607237 -16.803587 46.030233 94 97 102
-0.299875 -16.558522 46.055658 185 160 165
3.417782 -17.064567 48.043202 75 70 74
-4.255222 -16.434850 45.775601 190 193 199
5.736678 -17.311104 49.155426 123 117 119
-3.824761 -16.239952 45.971427 172 177 180
-2.793491 -15.758304 44.892251 48 74 29
0.705033 -15.771944 45.330720 80 76 75
5.148994 -16.187560 46.909211 129 113 108
-6.474330 -14.194729 40.438979 91 106 85
-2.207356 -14.867322 43.045371 68 85 41
4.138441 -15.061438 44.429914 112 122 76
-3.345478 -14.593017 42.907857 198 208 199
0.815685 -14.657570 43.583032 81 98 53
-6.807737 -13.699517 40.319825 25 36 19
-7.890746 -14.335593 42.574865 95 104 98
-7.868128 -14.302076 42.468432 95 104 98
-6.740408 -13.632638 40.502872 30 41 35
-5.930314 -13.815785 41.712099 110 113 120
-7.570498 -13.631671 41.646583 118 120 117
-2.930648 -12.479666 38.331611 147 133 133
-7.959431 -13.485105 41.495163 172 173 168
3.308672 -12.941342 40.719058 206 211 214
3.327058 -12.993536 40.929226 206 211 214
-6.164152 -13.113212 41.094872 56 52 54
-7.476410 -12.519235 39.728712 49 52 59
4.182417 -12.767626 41.427684 111 102 107
-2.937938 -11.865246 38.075875 205 215 217
-0.461209 -12.148931 39.761671 186 195 200
-7.481835 -11.901112 38.669042 90 75 78
-1.059775 -11.848405 39.068750 114 112 115
2.991190 -12.215568 41.012045 125 124 131
-2.574108 -10.797966 37.871512 56 36 46
-2.809956 -10.644355 37.635386 144 138 150
3.491870 -10.345527 37.770453 172 184 175
-2.868315 -9.833582 35.449497 131 129 109
-3.762660 -9.869995 35.674581 94 98 81
1.635965 -9.121736 34.131438 65 83 24
1.411826 -9.049149 34.285513 53 75 11
-3.333317 -9.202881 34.900041 78 81 66
-0.320646 -9.339561 35.937817 150 143 143
-4.620940 -8.920831 34.516054 165 170 130
-7.440123 -8.609628 33.142844 213 202 208
-7.440123 -8.609628 33.142844 213 202 208
4.476719 -9.091250 36.262094 71 77 63
4.596565 -9.209465 36.859913 71 77 63
2.014297 -8.392351 34.072749 84 101 69
2.437826 -8.118138 33.488872 28 38 14
-3.680632 -7.587950 31.931401 71 83 43
-6.357590 -7.262563 30.019498 135 125 128
0.840357 -7.460318 32.096429 158 158 150
0.784793 -7.384517 31.917047 25 29 29
-0.909381 -6.674933 28.616638 26 38 18
-6.986511 -7.189289 31.351012 127 117 124
-1.536639 -6.618778 28.720745 37 47 24
-3.750971 -7.070360 31.608076 63 72 56
-5.866449 -6.638603 29.333811 141 116 122
-0.592682 -6.474935 28.818508 26 39 22
-6.964582 -6.828267 30.667673 195 184 183
-2.712208 -6.544514 30.631185 31 27 15
-1.662466 -6.265690 29.519405 23 35 15
-2.792976 -6.325633 30.511534 106 79 74
-1.888639 -5.829136 29.364769 49 56 34
-1.271589 -5.449924 28.315724 37 52 29
0.742635 -5.513317 29.578158 103 120 79
-1.574202 -5.161045 28.154200 22 31 26
1.403465 -5.224234 29.110364 99 101 93
0.731725 -5.106698 28.735121 94 107 87
1.425508 -5.041146 29.322063 80 87 79
-3.081670 -4.855975 27.607510 115 101 114
-2.379469 -4.798615 27.531981 43 52 23
1.457684 -4.774775 28.878373 81 92 63
-3.858136 -4.201318 25.511600 228 195 187
-0.679334 -4.252398 27.125204 59 61 50
-5.128049 -4.106546 26.003616 234 233 238
-5.128049 -4.106546 26.003616 243 242 247
-4.213683 -4.062661 26.507132 83 63 56
-5.203486 -3.864104 26.046343 30 29 34
-5.628172 -3.593088 25.232780 247 248 252
-6.001005 -3.437823 25.430683 141 137 141
-3.330882 -3.242572 23.824509 138 112 111
-2.074886 -3.068261 22.812682 86 84 86
-1.251123 -3.136148 25.209895 93 95 100
-3.025559 -3.014647 23.317870 144 118 116
-1.565877 -2.983838 24.941358 150 135 140
-2.028522 -2.825021 23.182707 135 119 131
-4.222913 -2.562603 23.890018 36 35 49
-5.527789 -2.546568 23.410229 45 58 56
-0.971876 -2.342065 23.761660 69 58 54
-3.039688 -2.176198 23.293288 246 237 238
-1.869930 -2.097708 21.549082 129 129 139
-3.346032 -1.813033 23.008647 125 119 125
-2.057544 -1.788364 21.602972 88 86 91
-2.592846 -1.776002 22.441978 147 147 149
-0.472479 -1.112306 22.516520 128 129 127
2.024682 -1.064442 22.671436 37 55 17
-0.532187 -1.097355 21.716655 130 131 135
-3.877928 -0.881906 21.301096 137 135 136
-0.019145 -0.657786 21.702413 53 63 28
0.437323 -0.337014 20.586077 229 232 236
-2.047856 -0.302004 20.231028 34 39 45
0.931721 -0.178779 20.161718 30 47 5
-3.746436 -0.408632 17.974845 156 158 170
-1.741216 -0.088628 19.854349 85 88 68
-1.620212 0.267892 19.541752 105 98 93
-1.548566 0.346803 19.582772 47 33 33
-1.062145 0.547583 19.420625 128 124 99
-4.572118 0.457013 18.731794 85 70 73
-4.668774 0.578168 18.717100 156 147 148
0.318151 0.451332 17.476699 116 89 82
1.076383 0.870430 18.967567 27 32 25
-0.912740 1.090698 18.373857 87 57 33
0.584535 1.263893 16.551377 139 142 147
-0.093777 1.622137 17.797839 208 206 208
-2.086853 1.727071 17.418408 119 117 119
-3.621955 1.780455 16.809376 74 65 50
0.464504 1.658701 16.282716 151 152 160
-4.188975 1.757994 16.715323 131 121 119
-1.252027 2.058330 16.551145 56 64 84
-1.586718 2.347255 16.647039 165 168 175
-1.576072 2.070993 15.791264 165 168 175
-1.223700 2.249032 16.298812 72 74 86
5.215841 -18.066672 49.337599 97 96 110
5.215841 -18.066672 49.337599 97 96 110
6.257180 -17.988277 49.211796 132 126 131
1.963932 -17.451981 47.752480 187 188 195
3.763620 -17.904408 49.135225 76 74 75
3.020763 -17.639618 48.383624 196 198 210
1.375076 -17.445606 48.058636 93 92 101
2.915935 -17.553886 48.507617 156 158 170
2.915935 -17.553886 48.507617 156 158 170
-4.140979 -16.831737 46.390532 209 206 215
5.831709 -17.219922 48.940775 208 204 202
-1.397089 -15.045433 42.053167 52 65 52
3.390795 -16.276821 46.370116 75 75 75
6.131973 -15.967623 45.864727 32 40 19
6.127395 -15.957390 45.832888 32 40 19
4.203538 -15.998358 46.322836 112 118 84
-9.381487 -15.623178 44.562102 151 147 146
6.162877 -15.495223 45.569772 90 86 91
0.640661 -15.108526 44.265824 139 142 126
-0.576010 -14.900853 43.612320 81 89 92
-0.575770 -14.882698 43.559859 81 89 92
1.310786 -15.042926 44.592909 162 168 151
2.289002 -14.849868 44.526860 207 197 195
-7.526075 -14.141763 41.968962 97 108 100
-8.564340 -14.109502 42.089814 95 119 119
3.771041 -13.137902 41.256915 145 145 149
1.012147 -12.946221 40.478547 110 94 101
-7.459246 -12.896043 40.336947 121 126 130
-3.791360 -11.753988 37.762133 216 214 225
-0.146853 -12.068367 39.624822 209 219 228
-3.850596 -11.820115 38.822580 201 206 212
-3.802157 -11.633126 38.122846 201 206 212
0.744133 -10.330608 36.325311 86 79 82
0.034059 -10.196182 36.113543 135 135 145
0.185439 -10.114498 36.065821 48 46 49
-5.378795 -9.968085 35.805022 128 134 127
1.687994 -9.352142 34.177824 106 127 58
-6.756578 -9.075939 32.549624 104 84 77
-6.734220 -9.042259 32.434882 104 84 77
-0.587603 -9.671940 35.694824 207 201 210
1.357653 -9.828143 36.734134 176 172 172
-5.696761 -9.643923 35.568556 70 66 63
-0.000438 -9.589143 35.710099 109 91 85
2.073570 -9.064978 34.088005 46 65 33
4.193594 -9.663106 37.019273 78 77 83
-7.426100 -8.735156 33.244313 156 140 147
0.097626 -9.083897 35.401512 132 117 114
-0.638229 -8.540218 34.239518 98 96 72
0.800099 -8.517441 34.975093 175 167 178
-2.787205 -8.056275 32.736724 46 54 30
-1.156325 -6.968373 28.729744 75 90 61
-0.827755 -6.763901 28.594820 76 90 70
-7.085028 -7.273020 31.384218 209 209 216
-3.991622 -6.416572 30.102487 99 103 102
-1.213865 -6.068536 29.127078 41 51 42
-2.233357 -5.986012 28.935781 102 123 60
-1.986061 -6.075539 29.660874 50 42 29
2.451872 -6.079738 30.352645 64 81 37
-1.518321 -5.890224 29.706271 46 40 24
-6.727419 -5.822477 29.201991 50 53 60
0.784076 -5.526332 29.304237 46 64 22
0.187508 -5.502805 29.572430 122 135 123
1.193046 -5.222055 29.910454 57 74 30
-0.692422 -4.869140 28.005625 47 56 34
-1.819153 -4.676521 27.685711 72 78 74
1.147688 -4.702047 28.542575 73 84 44
-1.361407 -4.611874 27.923341 64 65 66
-3.940110 -4.386361 25.627222 168 113 108
1.948490 -3.969154 27.438949 52 60 39
-3.074287 -3.680938 23.887041 113 88 86
-0.862685 -3.405640 25.704044 64 58 43
-3.892669 -3.302939 25.015888 98 86 81
1.118229 -3.237512 25.508274 172 172 182
-0.191759 -2.920165 25.262442 74 72 51
-3.968725 -2.646940 24.373286 107 93 85
-5.553713 -2.521538 23.767753 22 22 27
-2.910728 -2.051403 22.971326 169 157 157
-3.148791 -1.769997 22.936780 190 178 182
-4.367442 -1.321301 21.804720 208 212 221
-4.106162 -1.222751 21.915110 48 56 76
-1.669734 -0.795094 20.452250 232 223 224
-2.629266 -0.450866 20.702301 34 35 41
1.016514 -0.319524 21.138354 108 114 78
-0.234160 -0.398446 18.790047 137 146 155
-1.153931 -0.257745 19.536075 240 228 217
-1.970659 -0.081914 20.056166 159 159 157
-4.694323 -0.164575 19.176076 149 145 146
-1.873719 0.159617 19.577547 32 33 48
0.853055 0.673998 18.858582 53 57 41
-4.560845 0.683273 18.568866 47 40 32
-4.132729 0.627865 17.663214 96 179 220
1.138564 1.057764 18.830423 60 62 58
-3.228001 0.633082 16.843111 150 128 120
-3.228001 0.633082 16.843111 150 128 120
-4.249164 1.084982 17.758089 38 32 35
0.616508 0.938366 16.801960 124 125 128
-2.517464 1.201202 15.855608 86 76 84
-4.196208 1.784659 16.684458 79 64 56
-4.120999 1.962452 16.560657 116 91 84
-3.290625 1.862687 15.984822 66 50 45
3.806291 -17.882684 48.761837 172 172 173
4.668137 -17.813944 48.992962 81 87 94
-2.556325 -15.523645 44.456876 28 45 10
-9.042527 -15.029408 43.746759 106 109 100
4.176743 -14.757968 43.534511 77 88 47
-8.296326 -14.631774 42.937142 117 126 133
-8.705776 -14.380892 42.593522 48 59 65
-8.110005 -13.986275 41.658925 101 123 121
2.268642 -14.114537 42.992360 200 179 184
2.225481 -13.962608 42.504796 200 179 184
-6.533455 -13.289701 40.812777 54 61 69
-3.792175 -13.141022 40.528381 65 76 46
2.299774 -12.770477 40.540750 210 207 214
5.228954 -13.002470 41.828564 66 54 68
-7.676333 -12.245667 39.180415 84 91 99
-6.275477 -11.314160 37.133860 203 206 213
1.365726 -10.498208 36.410844 153 117 117
-2.019490 -10.260255 36.045913 243 223 219
1.617307 -9.885993 35.900971 191 193 180
-6.879888 -9.234647 32.897563 133 116 109
-0.565954 -8.865972 34.530138 160 146 140
2.628565 -8.555601 33.500036 23 36 21
2.617421 -8.557317 33.492940 23 36 21
-1.639736 -7.888050 30.288473 49 59 25
-4.241899 -7.942901 31.477900 95 100 78
0.856147 -8.512835 34.747517 165 167 174
-1.591891 -7.520601 30.194004 23 39 23
-1.510890 -7.526566 30.379006 57 74 57
0.413561 -6.859967 31.809763 38 33 28
-6.731066 -6.641313 30.578487 91 78 65
-6.731066 -6.641313 30.578487 91 78 65
-1.432890 -6.208387 29.000490 19 30 13
-1.425393 -6.213563 29.015265 19 30 13
-2.000285 -5.751507 29.072403 78 93 54
-6.197021 -5.760974 28.859250 251 254 255
-6.206767 -5.768879 28.910784 251 254 255
2.308340 -5.543213 28.332298 29 42 25
2.206097 -5.843098 30.586801 18 17 15
-6.174895 -5.653902 28.876309 215 219 225
-0.250564 -5.647606 29.601820 30 39 23
-2.016084 -4.768288 27.395023 39 51 31
-0.841836 -3.776766 26.318976 124 138 59
0.202848 -3.709702 26.855050 149 131 112
-0.090772 -3.275259 25.997823 123 123 91
-5.688509 -3.102936 24.153721 96 87 96
1.512777 -2.245809 24.193871 98 111 78
0.035812 -2.079720 23.687874 133 126 109
-3.688598 -2.009765 22.873110 101 99 112
1.945235 -1.698866 23.480197 33 46 36
-2.304291 -1.701193 21.753486 124 124 124
-4.091625 -1.136265 21.858961 131 129 142
1.848322 -0.832714 22.369807 49 67 27
1.492620 -0.881665 21.454549 81 99 49
0.188697 -0.723771 21.150314 58 75 26
0.681518 -0.628334 21.355336 97 118 54
-1.320378 -0.068111 19.944732 180 187 193
-4.300359 -0.260644 18.188644 248 249 252
1.031681 0.153736 19.859051 81 82 51
-0.889227 0.958382 18.903822 135 122 114
-4.538571 0.902570 18.083439 168 150 158
-4.481098 1.008922 17.969862 210 207 216
-4.481098 1.008922 17.969862 210 207 216
0.731882 0.876216 16.822596 97 99 104
-0.921206 1.624144 17.334109 25 26 32
-0.417690 2.034264 16.567186 41 48 62
0.385411 2.236150 16.762095 28 31 38
-3.512970 1.992899 16.060916 204 199 150
0.649543 2.201768 16.046925 243 243 248
0.630887 -17.303904 47.232172 189 192 197
0.015768 -17.156826 47.134559 209 210 218
-3.408484 -16.798962 46.000746 193 194 198
-4.101389 -16.611007 45.591820 188 187 195
5.894407 -16.422712 46.103367 62 70 29
-4.358039 -15.787260 45.178405 61 46 46
-2.416606 -15.344191 44.180211 108 127 81
-5.780366 -14.538823 41.582900 30 41 34
-5.923968 -13.937127 40.149482 118 115 110
-9.149232 -14.926447 43.415480 44 49 42
-2.407460 -14.539643 42.842680 70 78 90
2.964482 -13.894670 41.746597 119 100 112
-7.814061 -13.168933 40.664659 168 167 163
-1.496311 -11.601909 38.512231 77 80 89
-0.673225 -11.752977 39.406996 202 212 211
-1.954940 -11.387262 38.803994 86 83 83
-5.027138 -10.228042 36.254593 45 50 56
-7.357545 -9.608788 33.751484 91 75 75
4.520459 -9.335028 36.944822 72 71 61
-7.142481 -7.589390 31.928156 92 91 71
-2.309702 -7.219895 30.881929 95 110 67
-4.972588 -6.592087 28.530873 147 126 122
-4.281351 -6.763182 30.876124 90 99 86
-5.815400 -6.431503 28.924731 197 186 185
1.499865 -6.166286 30.086670 154 137 136
-5.166653 -5.306999 28.142097 102 89 86
1.026288 -4.473259 27.315725 133 142 139
-0.994218 -3.977821 27.112123 94 102 61
-5.945682 -3.875074 25.753098 62 70 91
0.624479 -3.882310 27.061223 37 47 28
2.454545 -3.656981 26.732991 67 80 53
2.453748 -3.653849 26.721401 67 80 53
-3.687345 -3.517047 24.587032 255 251 243
-4.057067 -2.471772 23.743611 49 57 79
-3.050150 -1.307606 21.638875 65 76 98
-3.739339 -1.223486 21.931294 112 111 119
0.795426 -1.071845 22.389508 85 93 49
-4.277649 -1.033023 19.355023 97 96 110
-1.707453 -0.322043 19.845459 74 72 49
-1.783574 0.188695 19.781263 136 131 128
-3.222611 0.118660 17.661747 72 66 68
-3.222611 0.118660 17.661747 72 66 68
-1.561853 0.467526 19.429359 140 136 137
1.134812 0.556521 19.387965 56 70 33
0.174778 0.303755 17.668593 116 89 82
-4.348252 1.110717 17.622046 128 129 127
-4.266555 1.589648 17.238358 67 43 41
-2.272238 1.313887 15.911711 83 71 71
0.600024 1.626832 16.223806 169 173 182
-0.048575 1.831445 16.587066 65 67 29
-3.734947 1.883728 16.632426 121 114 97
-1.235577 1.976700 16.445354 231 239 253
-3.577337 1.980362 16.354583 145 131 123
-0.559549 -17.145758 46.757104 208 204 218
-3.768342 -16.700413 45.788943 204 204 212
-0.115105 -16.661175 46.256004 76 57 65
-6.793670 -16.041183 44.605189 181 185 185
-6.798874 -16.053035 44.640685 181 185 185
-8.809961 -16.105048 45.258399 82 75 81
-8.028703 -15.285627 43.753471 149 150 154
-5.971688 -14.505872 42.127879 35 39 42
-3.023131 -14.507215 42.642440 51 63 42
1.158147 -13.263110 40.230988 155 121 121
-3.340409 -12.565500 38.679970 125 115 106
0.698327 -11.047892 37.132732 147 113 111
-4.254599 -10.135230 35.163102 56 70 57
-1.059715 -9.707932 35.540250 120 68 80
1.331104 -8.827212 34.340722 82 100 55
-5.687610 -8.182248 32.781154 150 155 160
-2.405631 -7.698809 31.389919 33 48 23
-6.914653 -6.901613 31.087677 172 155 148
-0.556730 -6.211900 28.918155 27 35 24
-2.937137 -5.355624 28.273223 80 38 47
1.687857 -5.323452 29.763583 103 98 90
2.134927 -3.877337 27.183385 32 40 25
-0.938160 -3.639742 26.162414 45 48 40
0.105358 -2.835612 25.196819 104 104 96
1.415575 -2.337323 25.096568 56 67 42
2.011636 -2.276974 24.372198 126 116 107
-1.748177 -2.080969 21.304012 127 125 129
0.216071 -1.782456 23.469084 99 91 71
-4.603490 -0.502647 18.806756 96 86 98
-4.604961 -0.283334 18.826237 248 243 249
-4.465944 0.962899 18.081193 28 26 31
-4.270729 1.051404 17.682215 53 48 54
-0.501099 1.669111 17.448799 94 80 73
-4.063519 1.586402 16.567853 99 94 101
-4.143134 1.686395 16.573605 108 102 104
-3.517209 2.013312 15.902789 98 88 89
5.735715 -17.774225 49.518686 128 85 77
-1.973126 -15.082938 41.721619 83 97 48
0.681556 -16.544671 46.349944 40 51 37
-8.621059 -12.620251 39.429711 218 224 236
2.739931 -11.099083 38.275156 92 79 88
-4.141818 -9.002253 34.568440 77 90 50
-0.820027 -9.059053 35.345398 58 48 46
0.522028 -8.472485 34.720883 159 152 146
1.892642 -7.066920 30.510980 106 109 116
-2.455212 -5.741015 29.200173 76 87 41
-2.112484 -1.667625 21.413789 92 88 87
-0.506298 -0.914896 19.898274 107 92 93
-3.545037 -0.113676 18.091892 0 0 0
-3.545037 -0.113676 18.091892 0 0 0
-4.476705 0.369227 18.558388 169 173 176
-1.274966 2.164932 16.375172 237 244 254
-2.895157 1.962127 15.281884 91 82 83
-4.513943 -15.424364 42.967405 38 46 41
-0.465554 -9.846184 35.643930 211 211 221
1.545711 -8.801445 34.048615 47 63 37
-4.123921 -7.527550 31.439671 32 43 26
1.112610 -4.761047 28.239042 80 94 40
-3.066152 -0.154564 19.985224 138 159 178
-3.024778 0.340484 18.895134 217 224 232
-4.296476 0.690816 17.909342 95 175 212
0.013077 1.711755 17.032565 230 228 233
0.266916 2.197348 15.984830 124 133 88
-5.967644 -14.791877 41.557625 41 54 45
1.845204 -12.475904 38.522944 124 91 99
-6.680408 -8.022884 31.177865 94 96 109
-2.475254 -7.644258 31.680364 38 56 30
-6.016992 -3.828653 25.978872 71 79 97
-5.142107 -2.302182 22.658954 140 129 127
-4.554387 0.122174 18.775975 83 56 52
-0.792436 1.510428 17.765922 109 118 132
3.384722 -8.298562 33.141788 43 63 38
-1.848734 0.730625 19.078868 109 112 119
-4.094146 1.797466 16.823912 122 112 107
-8.969609 -14.887000 43.372864 74 76 74
2.554037 -7.195914 31.497593 98 101 106
-6.594395 -9.179530 33.073714 131 116 115
1.254600 -6.544888 30.749372 203 163 137
-3.355485 -7.898876 32.810115 49 52 34
0.416786 -9.622894 35.331968 85 83 88
-0.314876 1.672930 17.712721 108 97 94
0.796236 0.327422 19.828320 105 82 57
4.875140 -13.219765 41.618745 132 130 139
-1.773473 2.017725 16.746906 102 102 105
2.111985 -1.635763 23.432606 33 43 25
0.646604 -1.083046 22.090138 69 76 30
-0.032148 1.762076 17.511520 226 225 229
-0.675937 -4.272751 27.315411 59 63 51
-5.420534 -2.644756 23.837319 195 185 188
-5.420534 -2.644756 23.837319 193 182 186
0.161253 -0.502106 21.053871 32 34 29
-0.293735 -0.366412 18.761120 157 156 162
-8.130201 -15.490244 43.957741 121 100 103
-0.525726 1.951961 16.979008 130 125 116
-1.044827 -13.773734 42.250855 55 62 46
0.696243 2.191371 15.930153 171 171 176
-4.402742 -4.391047 26.489453 217 217 220
-4.612089 -5.586559 27.061747 246 235 233
0.657242 0.640045 17.609785 118 109 113
-3.411704 -3.286485 23.885192 66 54 48
1.759243 -5.533478 30.090293 29 41 24
-0.187944 1.402232 17.871034 246 222 226
-6.299215 -6.412436 29.817131 115 111 103
-0.724007 -2.415503 24.124891 54 44 46
-4.838246 -4.171598 26.504611 115 113 111
-4.968200 -0.695542 24.044029 229 228 238
-0.632580 -9.643135 35.796524 205 203 214
-4.099261 -8.328550 33.031155 207 212 217
-3.664231 -5.983719 29.194263 69 48 46
1.462870 -1.077568 21.957898 24 37 20
1.462870 -1.077568 21.957898 24 37 20
1.030154 -0.386589 20.473201 111 112 74
-3.443769 -16.542700 46.070821 200 200 207
-0.655546 -16.576672 46.254378 73 76 85
4.237184 -16.682110 46.807894 73 75 70
-9.797284 -16.735580 46.635783 169 177 190
-4.309238 -16.402161 45.932940 26 29 34
-6.393880 -14.483242 40.827024 20 33 7
-6.393880 -14.483242 40.827024 20 33 7
2.481264 -16.469346 47.025462 84 86 81
1.221638 -16.331090 46.724846 43 37 37
6.395053 -15.967048 45.943941 39 45 33
6.431193 -15.972025 46.376679 23 29 19
2.522755 -15.707538 45.599848 127 112 111
1.394430 -15.530929 45.093810 176 174 159
-8.364908 -14.168408 42.179883 106 126 124
-6.896747 -13.573450 40.517688 25 32 16
-6.894893 -13.579427 40.526530 25 32 16
0.658097 -14.509362 43.924795 101 110 96
-3.913976 -13.656649 41.379960 78 82 65
-5.606983 -13.754046 41.737120 128 128 137
3.905665 -13.287400 41.225917 86 84 85
4.964730 -13.327190 41.646187 167 163 168
-5.650156 -13.035672 40.337920 83 81 87
-5.683827 -13.107065 40.560494 83 81 87
-5.324368 -12.151901 38.112598 144 132 134
-7.848090 -12.147431 39.069134 87 89 101
6.237590 -12.952359 42.293300 70 70 76
-5.340165 -11.565483 37.399101 57 50 58
2.294187 -12.424150 40.731353 200 185 190
-2.371272 -11.638536 38.475659 73 77 76
-4.796330 -11.372896 37.746859 207 216 223
3.928707 -10.997041 37.040865 136 146 158
-0.027067 -10.331390 34.866104 44 43 55
-7.395481 -11.083766 37.695951 182 180 185
-6.006756 -10.610305 36.737629 88 92 95
0.038798 -10.233320 35.991964 90 90 102
-6.675215 -10.306147 36.136696 228 222 229
-0.129482 -10.103366 35.864296 151 151 151
0.088402 -10.080044 36.109110 111 110 115
-4.538501 -9.926818 35.961744 74 80 68
0.826489 -9.942578 36.412183 189 185 192
4.597760 -10.271808 37.933035 90 77 83
5.469107 -10.183164 37.683928 86 98 87
-5.911912 -9.694184 35.601297 97 102 98
0.227741 -9.365604 35.434110 164 138 112
5.127577 -9.235044 36.298045 147 153 140
2.349720 -8.556963 33.604384 24 34 17
-5.375373 -8.610971 33.604235 67 74 58
-5.363847 -8.593225 33.524907 67 74 58
-5.598000 -7.529921 29.458249 124 119 126
0.026486 -9.010117 35.501863 68 69 52
1.743664 -8.659778 34.273366 38 54 17
-5.887345 -8.364482 32.999195 131 136 146
1.931371 -8.556870 34.212022 23 41 5
4.541830 -8.191757 33.132863 99 134 78
-5.219734 -8.258029 33.026311 91 89 71
-0.769703 -6.742063 28.614438 39 52 32
-1.973894 -7.096926 30.169720 68 83 62
-2.603450 -6.944391 30.508355 37 62 22
-2.078877 -6.914880 30.533851 46 57 48
-4.552138 -6.978493 31.070057 20 24 27
3.275429 -6.633641 30.646121 66 45 54
0.830570 -6.977092 32.139714 77 54 51
0.386632 -5.974097 29.534281 82 106 64
1.415047 -5.797258 30.220245 170 134 122
0.596214 -5.707934 29.732878 99 115 78
-3.307268 -4.901599 25.718790 83 64 65
0.804696 -5.453109 29.038975 48 67 21
-2.020236 -5.301156 28.091059 94 96 64
-2.575746 -5.254563 27.951171 94 83 62
-2.931969 -5.068037 27.661090 26 40 14
-0.080035 -5.119039 28.479514 225 227 231
-1.797755 -4.916808 27.834411 76 101 79
-4.766937 -4.695884 26.883429 168 178 151
-0.939074 -4.912936 28.283937 46 58 74
-5.054488 -4.674189 27.168379 123 124 108
-1.214393 -4.788670 28.012535 88 89 84
4.458500 -4.857723 29.008635 84 78 68
5.100670 -4.888591 29.308885 131 121 96
-4.513294 -4.424503 26.681584 3 4 5
-4.513294 -4.424503 26.681584 3 4 5
-2.068083 -4.371573 26.706187 50 63 45
-2.690844 -4.112533 25.356133 79 67 67
-0.213157 -4.453309 27.507063 136 131 126
-4.076122 -4.264874 26.447293 168 133 133
4.319778 -4.480814 28.590664 23 38 12
-2.909057 -3.672573 23.792744 134 118 108
-1.489324 -4.023601 26.892792 65 69 56
2.788918 -3.983664 26.998917 88 99 59
-1.773651 -3.826619 26.420842 71 64 56
3.675129 -3.890376 28.059266 76 83 52
2.491362 -3.663289 26.758109 90 101 69
-3.097114 -3.055570 23.527895 95 78 71
-0.271924 -3.288834 25.647802 54 63 28
-1.297700 -3.201978 25.304613 161 162 162
2.793935 -3.247798 26.314196 197 214 195
2.793935 -3.247798 26.314196 197 214 195
-1.306988 -3.136302 25.412631 191 190 190
2.989854 -2.624092 21.925794 25 54 10
2.704325 -2.591611 21.685048 49 82 13
-0.625189 -2.882712 25.229714 136 138 124
0.366484 -2.676008 25.341379 179 169 170
-0.466740 -2.480374 24.567617 104 119 78
-0.485519 -2.371581 24.297668 95 107 64
1.155839 -2.391221 24.879420 110 88 75
2.434473 -1.680201 21.662676 74 96 63
2.290253 -1.683778 22.100395 81 94 65
-1.577894 -1.606254 20.957206 128 120 116
-2.253812 -1.647011 21.670068 234 228 230
-4.257406 -1.600583 22.027627 22 22 24
-3.376839 -1.579229 22.137886 60 59 70
-0.055933 -1.557379 22.643222 40 35 40
3.097679 -0.918476 21.112835 76 90 37
2.217901 -0.550307 19.981934 109 120 62
3.018936 -0.576068 21.097816 22 36 2
0.689449 -0.562391 21.129962 58 76 24
-1.955271 -0.525355 20.770961 77 74 62
2.975105 -0.438735 21.220925 18 34 0
3.196597 -0.330740 20.981147 25 39 4
2.994653 -0.340734 21.216184 22 38 3
-3.135919 -0.155047 19.995570 152 159 176
-1.482514 -0.028024 20.153906 106 103 87
1.277793 0.096827 19.918236 87 98 55
2.829452 0.187161 19.667345 103 125 51
-1.440992 0.171319 19.756478 169 163 163
2.148306 0.227190 20.368290 113 79 49
2.889961 0.507213 19.722250 61 68 35
2.938817 0.521889 19.555495 46 42 17
1.929506 0.706502 19.811661 28 42 23
1.009398 0.883678 17.050303 133 142 149
-2.443112 0.965142 18.628361 92 88 89
2.720461 1.021483 19.153913 103 98 92
-2.228820 1.384351 17.518501 36 29 36
0.070701 1.398447 17.053712 212 214 213
2.786308 1.601703 18.166808 20 35 14
-0.624690 1.693567 17.389218 97 97 95
1.609239 2.015229 15.030259 90 79 85
0.745488 2.216828 15.711393 220 220 228
0.254568 2.378671 16.599720 110 110 81
-1.209064 2.384661 16.297660 73 71 72
-1.390329 2.457741 15.868610 179 185 188
2.541406 2.608181 16.521023 28 28 30
-3.197275 2.516147 15.353429 51 33 23
0.897281 2.564392 15.596220 43 44 48
0.879366 2.702514 15.846155 192 186 188
1.879897 2.479966 14.355215 105 97 95
-2.481033 2.580475 14.815519 223 210 201
1.976867 2.658608 14.162450 159 150 143
-0.748458 2.860548 15.338522 23 28 34
-0.793990 2.922341 15.329055 16 14 17
0.557060 2.962878 15.199051 89 95 61
0.426625 3.116307 15.262902 172 167 163
-2.800883 3.010426 14.017534 84 61 58
-0.693263 3.233561 15.007562 86 85 90
-1.974525 3.276666 13.592817 135 100 101
-1.974525 3.276666 13.592817 135 100 101
1.447517 3.620810 14.487148 42 33 26
1.796539 3.453811 13.704825 136 130 134
-2.758637 3.607250 14.086837 95 92 95
0.858516 3.615381 14.049360 205 205 213
0.891497 3.742761 14.137875 170 171 173
1.692398 3.716948 14.068399 242 242 244
-2.213754 3.680158 13.180505 97 99 105
-2.819709 3.709556 13.168857 86 72 71
-2.606318 3.856321 12.953521 182 183 190
1.497695 4.121869 13.851545 126 112 102
-2.255940 3.866185 12.906387 166 169 176
-2.659416 3.874125 12.848204 98 102 107
-2.286723 3.892229 12.827059 202 205 212
-1.396684 4.088241 13.404896 104 106 91
-1.396684 4.088241 13.404896 104 106 91
1.797691 4.237097 13.764884 77 57 56
-2.013466 3.967627 12.753401 201 200 209
-1.963423 3.986597 12.743106 97 100 105
-9.636484 -16.860135 46.609464 216 225 234
-9.488643 -17.008158 47.181121 138 138 142
4.791492 -17.321453 48.608835 52 51 62
-8.683677 -16.415155 45.897646 81 70 78
1.986071 -16.673155 47.377587 131 122 110
-3.832047 -16.276030 46.071895 171 176 182
-6.785684 -14.289966 40.477594 24 32 17
7.150180 -16.143570 46.358275 68 79 63
-9.636407 -15.975056 45.293624 80 75 74
-1.939212 -14.950638 43.295196 36 55 24
-5.221773 -14.402403 41.641063 32 43 37
-6.874557 -13.884078 40.209286 82 92 71
-8.182703 -14.639558 42.935148 102 109 117
6.366871 -13.825054 42.045688 166 145 152
-2.462686 -13.958713 42.625293 47 35 38
1.405673 -12.822184 40.211359 109 90 101
-7.389472 -11.746708 38.422760 122 112 112
-2.277274 -11.551796 38.480215 141 145 148
-4.194199 -10.403170 36.361834 200 212 209
-4.234771 -10.417928 36.477784 200 212 209
2.256173 -9.456022 34.003938 117 136 77
5.849646 -10.506572 38.093413 53 54 59
5.547733 -10.404232 37.769738 180 184 177
0.620463 -9.837052 36.266437 118 106 111
2.187545 -9.143622 33.844061 64 81 50
-1.944163 -7.577049 29.909172 23 41 19
-1.195578 -6.499344 28.681644 23 35 23
-2.267563 -6.161103 29.143383 118 127 78
-2.999109 -5.020435 27.639500 41 46 26
-1.291981 -4.876508 27.658495 157 176 141
-2.177510 -3.986415 26.508131 35 34 39
1.565748 -4.080713 27.493585 73 79 43
4.209866 -3.963851 27.778852 128 123 101
3.501188 -3.949053 27.998102 48 57 35
1.682020 -3.712331 26.587631 125 129 112
0.943538 -3.687922 26.454091 124 113 127
2.264238 -3.717427 26.850515 35 47 23
-3.283666 -3.125221 23.769707 202 188 185
-0.928506 -3.358558 25.806327 121 127 79
2.813317 -3.259387 26.214963 183 198 178
3.111539 -2.634599 22.039872 35 62 15
2.120469 -3.066104 26.002372 60 31 38
2.768124 -2.249123 21.558079 16 41 1
4.622121 -2.635490 25.737265 119 141 60
1.705684 -2.503600 25.368177 32 22 13
1.670696 -2.441261 24.863515 32 22 13
1.357590 -2.272410 24.172472 50 54 31
-2.553743 -1.915553 22.068636 232 228 225
2.546851 -1.797508 21.597454 16 31 10
-0.829484 -1.855435 23.145516 62 36 41
-0.834040 -1.711830 23.073641 123 115 129
-3.320716 -1.556272 22.181856 106 110 118
-3.726224 -1.548130 22.453915 205 203 208
3.228509 -1.302827 20.963258 49 59 9
0.500767 -1.412841 22.812483 58 59 41
2.735869 -1.218224 22.816813 76 84 63
1.060097 -1.069575 22.159775 37 43 15
-3.089071 -1.008613 21.610282 39 36 43
-4.053831 -0.858466 19.068310 218 221 230
0.532988 -0.788472 21.295389 95 107 69
-3.654982 -0.551694 19.256193 107 109 121
3.661996 -0.510541 20.850189 74 76 3
-1.391347 -0.454651 19.879404 213 212 210
3.190632 -0.422585 20.876172 25 38 12
-3.177957 0.133950 17.843075 109 102 108
-3.190894 0.180210 19.161649 232 229 236
-1.251474 0.239755 19.671499 83 68 59
-1.827528 0.597288 19.273115 107 108 113
-1.070850 0.734695 19.033094 113 108 101
-2.704004 0.859301 18.403771 118 127 133
2.049430 0.892825 17.301865 105 121 46
2.865254 1.184440 19.175300 92 97 94
-2.162464 1.381822 17.539333 28 26 31
2.686438 1.530270 18.110860 82 104 68
-1.204698 1.996461 16.443203 217 224 232
2.199645 2.060612 15.928109 68 85 47
2.517227 2.195828 16.296258 20 44 12
1.642780 2.222837 14.749563 118 95 87
-1.755731 2.219571 14.310643 209 193 187
2.466019 2.564554 16.324779 52 53 58
2.447501 2.595592 16.148444 86 86 94
1.473728 2.444856 14.814584 123 112 108
0.781193 2.636263 15.950439 214 217 223
1.987888 2.477099 14.443307 81 80 77
0.983212 2.732595 15.426828 46 43 56
0.400214 2.806688 15.732724 73 67 44
-1.318234 2.674719 13.353399 55 41 40
-0.821174 3.033390 15.300824 119 111 108
-2.739736 3.122571 13.909427 74 62 63
2.345082 3.122012 13.480146 149 140 137
1.431442 3.479783 14.624292 78 48 54
1.715973 3.501776 13.931617 137 135 136
-0.589051 3.544678 14.105042 110 110 118
-2.698811 3.503098 13.941408 79 68 74
1.745954 3.538552 13.842647 150 146 150
1.194424 3.645634 14.240917 76 64 58
-0.709413 3.638456 13.997403 89 92 97
1.487471 3.759874 14.153429 127 116 120
1.807976 3.774055 13.907345 148 148 148
-0.495050 3.898585 14.011520 128 124 121
-0.495901 3.905515 14.039074 128 124 121
0.407908 3.924964 14.036970 118 118 126
1.666940 4.029712 14.193510 135 127 128
-2.673878 3.728948 13.062602 178 183 187
1.678321 4.009132 13.849488 134 124 120
-1.337031 3.916071 13.350500 117 88 86
-1.338202 3.918566 13.358648 117 88 86
-2.432355 3.830016 12.927822 177 182 188
-2.533935 3.844152 12.943410 93 93 101
1.615603 4.114584 13.903203 126 117 110
-1.257906 4.047375 13.576768 119 113 101
1.856659 4.085667 13.730268 140 140 137
-2.714061 3.817278 12.737975 131 138 140
-0.298280 4.094848 13.675608 56 25 26
-0.298280 4.094848 13.675608 56 25 26
-1.808146 4.099523 13.372613 50 52 39
-0.204960 4.170349 13.569858 96 106 106
-1.332693 4.176578 13.463566 55 49 29
-2.080507 3.968062 12.740733 100 100 108
1.836435 4.248040 13.698223 47 36 36
1.932943 4.267224 13.601122 198 199 203
0.774550 4.571107 12.809731 84 88 97
3.748566 -17.509796 48.969311 202 206 205
7.001236 -16.457025 46.197842 33 39 11
1.505902 -17.202504 48.198626 194 198 207
1.495388 -17.159695 48.080794 194 198 207
-9.325311 -16.217022 45.594938 84 84 94
-6.794316 -14.157321 40.565523 24 33 16
-9.192313 -15.445947 44.172905 82 85 90
-5.542293 -14.569749 41.872889 22 32 24
3.235791 -13.653252 40.879546 106 89 90
-0.942191 -14.126621 42.667289 35 39 42
-6.848635 -13.317340 40.735654 125 126 120
-2.448083 -11.689328 38.558627 192 196 197
0.459657 -10.668456 35.875855 65 55 56
5.931514 -10.629577 38.036118 75 79 82
5.467408 -10.571917 37.989345 202 193 197
-2.822057 -9.896394 35.479735 124 126 110
1.661332 -9.302152 34.000890 105 122 54
-6.477912 -9.271118 34.539094 115 107 105
2.303766 -8.776436 33.294240 30 48 24
1.655157 -8.835806 34.226159 36 51 20
-4.047268 -8.279590 33.127826 58 56 61
4.969638 -8.115622 33.225620 47 63 33
2.630467 -6.001731 29.691951 53 68 27
3.122774 -5.973830 29.876325 36 24 28
-1.101610 -5.455181 28.331645 37 51 28
-2.610926 -5.452672 28.510856 66 38 26
2.771974 -5.300526 28.117376 89 104 127
2.654094 -5.291499 28.150695 87 100 127
-1.988488 -4.133987 26.507328 83 93 84
-4.645113 -4.086813 26.569886 155 141 141
-0.249365 -4.041127 27.232802 145 136 121
-1.949034 -3.692295 25.971164 84 70 75
-2.681486 -3.278935 23.262782 166 130 134
-3.321089 -3.153702 23.704078 85 72 69
-1.323581 -2.946573 24.825527 136 132 139
-0.184888 -2.860845 24.993707 62 72 45
-0.006684 -2.474276 24.504102 91 107 69
0.812490 -2.061192 23.834877 57 55 51
-2.537805 -1.860817 22.352326 248 246 247
-3.664152 -1.879144 22.863184 211 211 219
-0.050908 -1.287003 22.747384 59 51 40
3.315669 -0.855952 20.964769 22 34 0
3.096004 -0.684592 20.993081 33 47 11
0.572830 -0.532853 21.132397 36 55 9
2.900576 -0.453878 21.139397 57 75 33
-2.010272 -0.380996 20.438043 53 49 47
2.183165 -0.253903 20.495060 45 57 12
2.744838 0.323837 19.809920 85 90 50
2.736758 0.383751 20.069303 21 26 12
-3.595489 0.374536 17.316194 166 143 133
2.899334 0.485270 19.475062 162 159 136
2.898748 0.485162 19.468295 162 159 136
-1.474072 0.466214 19.266375 114 101 96
1.673582 0.902906 19.099233 176 161 160
3.005608 0.936370 19.850992 93 95 47
-1.486255 0.902421 18.557048 62 45 57
1.648073 0.948562 19.054446 42 33 21
1.603230 1.035677 17.244897 68 88 17
2.008717 1.127150 17.399540 40 58 10
-2.428009 1.080505 15.703556 120 115 110
2.702535 1.752873 17.875857 23 25 34
-1.389351 1.926309 16.659226 219 224 236
-1.374255 2.014875 16.561622 53 55 70
1.614069 1.967375 14.704606 122 117 120
0.535277 2.353879 16.159179 207 210 213
0.508797 2.475399 16.238130 93 96 102
2.358475 2.506169 16.326201 136 141 144
2.418525 2.524589 16.235613 200 201 206
2.474324 2.595995 16.069019 219 218 223
-1.290561 2.585553 15.908741 86 83 88
2.837967 2.809732 15.762362 71 100 33
-3.036950 2.770116 14.847552 32 31 19
1.221413 2.780248 14.493917 177 164 146
-2.731243 2.870050 14.831221 63 49 40
2.332305 2.945145 13.438947 58 37 27
2.318987 2.979763 13.410150 169 145 128
-2.578991 3.583034 13.753423 58 44 44
-0.125930 3.757715 14.382111 15 20 39
-1.510382 3.652926 13.767098 149 147 156
1.029586 3.802666 14.303511 85 77 84
0.110247 3.738457 13.953927 46 52 65
1.274941 3.835652 14.241130 139 122 114
1.931297 3.641289 13.394201 219 215 206
-2.315592 3.609078 13.205619 97 71 75
-2.456261 3.651100 13.162272 88 82 85
-2.273046 3.677574 13.216868 154 163 172
-1.462240 3.798431 13.574449 55 29 35
-2.680351 3.711466 13.107185 87 86 94
-0.071959 3.922852 13.837701 87 86 93
1.720397 3.983894 14.049640 151 141 150
1.873539 4.037791 13.971897 127 127 129
1.873539 4.037791 13.971897 127 127 129
-1.499867 3.902323 13.409709 30 19 17
-0.987405 3.932350 13.422966 114 93 92
-0.222238 3.990339 13.559282 168 174 156
-0.291968 4.028660 13.634253 86 34 25
-1.663326 3.966424 13.344707 37 37 37
-2.049109 3.850676 12.910393 175 178 187
1.089072 4.121247 13.771144 107 108 113
-1.291150 4.098006 13.656060 53 40 26
-2.504224 3.879201 12.877572 192 200 203
-2.504970 3.880003 12.881084 192 200 203
-0.758287 4.089425 13.609383 95 85 76
-2.376929 3.888431 12.883523 98 102 111
-2.024958 3.889330 12.881534 193 196 207
-2.474678 3.897806 12.840761 122 127 131
-2.474678 3.897806 12.840761 122 127 131
-0.653080 4.183605 13.772215 150 144 134
-1.693997 4.079824 13.406202 49 47 31
-2.441504 3.908666 12.774867 192 195 204
-2.214717 3.938089 12.805169 195 198 205
0.231844 4.194537 13.653888 106 106 108
-1.963432 3.959124 12.758111 198 199 204
-1.033102 4.170212 13.494293 129 115 109
-1.903264 4.121387 13.317743 39 39 29
-2.699851 3.950002 12.672712 79 75 71
-1.918945 4.152728 13.295802 88 88 76
2.285010 4.245410 12.947000 76 67 62
-0.125901 4.151789 11.386699 194 204 213
-9.601915 -16.279413 45.675306 86 89 98
-8.266589 -15.315527 43.966736 156 152 153
-2.277470 -15.085605 43.800837 70 89 45
-9.070627 -15.069254 43.877548 77 80 75
-9.061695 -14.582340 43.184065 45 54 61
-8.118299 -14.004092 41.716132 109 132 124
4.471796 -13.748552 41.649640 117 85 96
-7.798784 -13.940058 41.759925 63 74 66
-8.254174 -13.949973 41.943959 44 61 45
-1.817829 -13.215607 40.048349 46 62 44
-4.614581 -12.905514 39.230138 49 42 50
-6.906769 -9.254277 32.987343 136 117 111
-6.776498 -10.153960 36.469981 89 98 103
5.651334 -10.118732 37.627640 203 218 213
-2.302185 -9.456376 35.311072 135 119 95
4.439248 -8.737564 34.797209 84 105 76
1.935138 -8.513432 33.916894 31 51 15
3.231721 -5.940653 29.667236 64 55 60
-1.501605 -5.135217 27.822087 35 49 26
-0.791307 -4.789443 27.922013 62 62 66
4.211788 -4.764584 28.687402 114 111 94
4.403257 -4.717510 28.850838 33 44 22
4.403257 -4.717510 28.850838 33 44 22
4.690530 -4.554219 28.762710 30 46 20
3.324080 -4.364890 27.886988 129 139 103
2.823578 -3.965377 27.019701 84 94 60
1.968539 -3.329141 26.001798 103 102 97
2.211430 -3.410513 26.861371 120 118 105
-1.965475 -2.607210 22.007725 63 62 68
-2.948144 -2.664044 22.973282 98 79 79
3.211498 -2.441825 21.940219 67 95 42
2.856575 -2.396670 21.639872 100 129 71
3.046349 -2.184112 21.570325 72 100 61
2.054849 -2.446850 25.239287 142 126 119
1.435837 -2.143479 23.714242 75 92 56
-1.441734 -1.709353 20.824082 72 59 53
3.179865 -1.394619 20.973482 81 97 50
1.669329 -1.540922 23.433332 116 108 99
3.292962 -1.108310 20.983687 38 50 12
2.744510 -1.114039 22.181335 53 68 43
0.333373 -0.684032 20.859647 43 61 24
3.013546 -0.642601 21.290338 31 48 6
1.102311 -0.649472 21.629327 98 121 77
-2.335415 -0.442641 20.858325 112 110 111
1.354127 -0.102644 19.913883 53 70 18
3.453398 0.181377 20.230755 64 64 72
3.486495 0.534312 19.897203 72 90 53
-2.716264 0.782372 18.389991 99 107 118
-2.759866 0.935753 15.990331 63 52 40
2.236318 1.098018 17.376757 45 62 7
2.073847 1.373593 17.291343 66 89 38
2.762104 1.453158 18.216768 90 107 63
-0.734429 1.587461 17.286401 134 153 154
1.022356 1.617773 15.904365 145 143 146
0.333135 1.766403 16.545727 230 230 232
0.482759 2.313065 15.896426 63 64 50
1.798752 2.308493 14.540058 122 113 111
-1.204804 2.591383 15.718658 48 41 35
-1.101593 2.676516 15.627840 128 127 129
-0.996898 2.842309 15.512930 159 153 153
1.064621 2.980479 15.274271 111 112 117
1.325234 2.869138 14.576981 217 213 214
0.578171 3.172929 15.188975 141 136 128
-2.684055 3.117530 13.987651 62 50 60
2.224762 3.091684 13.625713 106 100 94
0.497070 3.315189 14.669584 117 117 125
2.321007 3.100572 13.491911 73 54 47
-1.824387 3.159758 13.448130 116 107 108
-2.849150 3.610318 14.002613 145 144 148
-0.066722 3.874169 14.011754 24 26 43
-2.488020 3.656217 13.117407 94 89 95
1.834410 3.869084 13.906392 235 233 234
-2.409994 3.659111 13.075858 186 186 194
-0.445825 3.936667 13.935950 119 115 112
-2.582298 3.771289 13.039646 167 176 181
1.795029 4.056689 13.772876 168 170 170
1.794587 4.055562 13.767756 168 170 170
-2.345344 3.837537 12.880555 192 195 204
1.811386 4.093206 13.724124 44 48 49
-2.275871 3.878953 12.840441 186 190 199
-1.868379 4.044598 13.331347 35 34 35
-2.259669 3.925299 12.815348 143 146 153
-2.327953 3.930745 12.788333 183 188 192
-2.327953 3.930745 12.788333 183 188 192
-2.091726 3.947875 12.813335 180 180 188
-2.138521 3.960908 12.771072 164 169 175
-1.860053 4.128197 13.348466 125 123 116
-1.860053 4.128197 13.348466 125 123 116
0.006988 3.831486 11.842605 205 204 209
2.030804 4.331794 13.506597 58 51 51
0.148243 4.120678 11.496701 96 98 110
5.030632 -12.934417 41.475697 126 125 133
-7.331348 -11.416584 38.453352 199 194 195
-7.252509 -11.288431 38.011857 199 194 195
1.372549 -10.645228 36.671617 166 127 129
0.849832 -10.334691 36.495624 202 196 202
-6.393183 -9.739486 35.533954 103 107 106
-4.611332 -9.098618 34.856813 230 231 234
-5.611897 -7.551774 29.785775 76 71 77
-0.156698 -7.901957 33.359538 89 87 66
-2.304970 -6.792440 30.301998 42 57 38
-2.310097 -6.806554 30.361425 42 57 38
5.428368 -6.932448 31.364442 73 61 70
-1.854945 -6.357694 30.198494 31 29 21
4.040253 -4.793455 29.018706 142 117 91
2.148711 -4.392123 27.377817 101 97 49
-3.237536 -2.707355 23.728119 139 129 128
-1.307682 -1.778761 20.677242 74 55 57
1.232463 -2.023645 24.166426 52 49 45
-1.085437 -0.562041 19.651571 107 100 94
2.861395 -0.447846 21.485660 57 73 30
2.754202 0.080134 20.883157 76 79 36
3.557266 0.261531 20.199580 141 141 149
2.635797 0.501554 20.057951 66 84 34
2.582597 0.642414 19.986064 142 122 100
1.671278 0.822259 18.811462 56 27 26
-2.243538 1.234414 16.434092 65 54 60
-2.240383 1.232730 16.409626 65 54 60
1.562125 1.906851 15.746772 85 83 84
-2.902234 1.973115 15.666963 240 227 218
-2.902234 1.973115 15.666963 240 227 218
2.348275 2.473939 16.323186 139 143 146
2.775082 2.821833 15.808871 92 108 73
-3.008661 3.072067 14.587821 36 29 18
1.515668 3.165207 14.269119 140 116 104
1.896653 3.488559 13.670668 94 84 85
0.738720 3.823073 14.161872 38 33 37
1.980598 3.712256 13.328909 230 227 223
1.642341 3.911571 14.039062 106 100 104
-0.019404 4.015411 13.973120 101 101 109
-0.960856 3.912773 13.544812 43 43 41
-0.961140 3.913746 13.547305 43 43 41
-2.475346 3.826847 12.896217 125 130 136
-2.470620 3.820713 12.876709 125 130 136
-1.860446 3.915986 13.235666 37 39 35
-0.166145 4.022107 13.618400 39 36 32
-0.621709 4.081649 13.746456 82 77 63
1.742715 4.105333 13.849341 50 44 44
-2.695410 3.851802 12.878050 170 175 181
-0.202566 4.035237 13.503923 117 125 112
-0.202136 4.034261 13.501311 117 125 112
-2.161625 3.878648 12.897880 181 183 191
-0.268040 4.080835 13.611467 46 46 46
-1.742332 4.073957 13.399546 79 73 61
-2.144543 3.920686 12.846760 132 137 143
-2.144543 3.920686 12.846760 132 137 143
-0.714962 4.127381 13.499651 171 167 156
-1.339453 4.136455 13.374318 57 52 32
1.392600 4.552480 13.162257 86 83 84
1.435879 4.603029 13.084465 81 81 83
-0.683901 -13.620841 41.383111 48 37 43
6.304042 -13.698329 41.977971 163 151 155
7.450503 -13.470822 42.732933 141 101 114
2.681647 -12.905800 40.879847 151 153 162
1.370540 -9.965644 36.969695 175 176 165
3.339381 -9.716826 36.471848 198 204 202
-0.956092 -9.298595 35.385685 54 49 48
-3.516381 -7.621568 31.715767 40 60 26
4.530725 -6.158008 29.654549 54 61 43
4.253227 -4.560986 28.547127 68 88 61
-0.922095 -2.785224 24.366326 143 149 155
-1.250883 -1.969059 21.303051 47 51 60
-0.649553 -2.095967 23.408179 63 49 47
2.808534 -1.013082 22.166425 22 42 15
-3.926462 -0.984685 21.648402 158 152 152
3.537403 -0.316233 21.152317 26 34 19
2.691283 1.178335 19.099665 106 110 109
1.804812 1.138657 17.257290 81 104 40
0.661456 1.168620 16.505094 201 211 220
1.778980 2.175832 14.736893 65 50 47
1.778980 2.175832 14.736893 65 50 47
-0.141649 2.656357 16.364391 115 115 127
1.905264 2.447633 14.481738 122 116 118
0.843907 2.718626 15.807246 166 158 162
-0.057137 3.604127 14.591821 121 120 125
0.526567 3.629842 14.592940 70 71 76
-1.847953 3.730777 13.606410 68 34 36
-2.308067 3.659602 13.213318 148 147 156
0.073430 3.941670 13.924474 38 38 50
-2.034302 3.778054 13.236158 141 150 153
-2.380877 3.757457 13.022092 178 184 190
-2.341140 3.797669 12.980131 135 139 148
2.141631 3.889886 13.144795 244 239 236
-2.443734 3.884570 12.924117 125 128 134
1.794296 4.159918 13.790259 39 34 38
-2.023686 3.931322 12.886117 158 158 166
-0.845821 4.139072 13.532000 152 148 137
1.149725 4.227021 13.679574 122 120 123
-1.791248 4.144585 13.328891 47 44 29
-4.377046 -14.576614 42.317506 56 61 50
-3.675054 -10.922090 38.337788 113 117 122
-0.352534 -9.184022 35.705865 132 124 117
3.425762 -5.941427 29.991189 131 131 142
-1.727360 -5.015182 27.994353 96 132 106
-2.661468 -4.744754 27.432848 35 45 70
4.970104 -4.950417 29.229299 206 215 213
4.713526 -3.851932 27.875143 122 116 94
2.218378 -2.918294 25.396595 34 33 35
-0.826347 -0.048817 18.856045 154 152 154
1.561420 0.029191 20.206491 80 87 45
-1.285379 0.757792 18.798408 134 128 128
-1.284763 0.756368 18.791410 134 128 128
-0.093175 1.164851 17.483234 239 243 244
2.152642 1.303857 17.427829 42 58 22
0.690003 2.579661 15.812115 225 227 234
-2.474855 3.054837 14.239711 84 65 69
1.052500 3.246488 15.152419 98 89 75
-0.564118 3.305336 15.033519 81 81 91
1.710661 3.392379 14.040141 196 191 195
1.702901 3.612334 14.233650 235 235 237
1.318351 3.945271 14.208068 141 117 105
-0.069387 3.973447 13.367106 135 135 137
-1.251958 4.061842 13.176801 197 166 148
-1.249477 4.053966 13.151229 197 166 148
6.206681 -13.519421 42.113048 154 152 163
5.744432 -10.744752 37.843120 191 190 185
0.234978 -7.770822 32.362006 92 114 60
-2.773583 -0.464238 20.695584 115 116 121
-2.128647 0.764019 18.398458 117 118 123
-2.423926 0.807913 15.946175 76 66 74
-1.806429 3.228754 13.449695 217 218 222
-0.381202 3.512140 14.504831 90 90 98
-2.195503 3.698534 13.110417 166 173 181
-0.873597 4.045671 13.569033 82 69 60
4.841388 -4.575751 29.113754 60 72 48
0.294543 -1.682911 22.879501 105 100 69
0.590493 -1.705436 23.030878 111 107 73
-1.257896 0.196095 19.721653 102 78 72
3.055985 0.338592 19.797320 45 62 20
2.226817 0.888168 18.900813 120 128 53
-0.280633 3.781870 13.591093 227 227 241
-1.596652 3.761300 13.402500 145 154 158
0.919179 3.992065 14.213186 205 203 208
1.004605 4.049132 13.788063 207 203 206
1.994068 4.264348 13.514511 235 240 246
-0.119790 3.683318 13.785524 59 61 74
-0.671127 3.988620 13.662211 85 68 60
1.788925 4.104245 14.072699 39 36 37
-1.758294 -7.600806 29.918626 43 56 39
0.257849 -0.442744 21.041674 45 52 39
1.114126 -0.188781 20.415676 50 66 1
1.234785 4.047740 13.784064 94 94 96
-5.785769 -12.992223 40.625156 48 42 44
0.805875 2.550803 16.192907 198 201 206
0.805875 2.550803 16.192907 198 201 206
-1.713633 2.887349 13.267348 98 82 75
-2.788526 -10.276558 36.632639 97 105 97
-0.659727 3.235563 14.361214 82 81 87
-0.190597 -1.536374 21.217141 0 0 0
3.498714 -4.991192 28.478134 237 227 228
-1.681166 2.072892 16.750248 152 149 147
0.576470 -3.630989 26.813888 136 130 106
-2.401754 -14.632019 43.110489 66 76 83
1.207121 -2.072838 24.079158 42 40 40
-5.073040 -5.278629 28.187741 239 230 221
0.202943 0.080992 17.971307 116 110 107
-1.410342 -9.615815 35.397694 86 68 73
0.726029 1.011598 16.720279 162 161 164
0.603874 1.237673 16.608474 126 126 133
-2.370170 2.785617 14.480995 117 84 78
1.005329 0.764736 18.189162 28 30 26
1.910464 1.528382 17.397344 30 40 19
-1.344487 3.225521 13.659565 209 217 220
0.746511 -0.162408 17.561210 65 77 31
-9.517575 -16.597101 46.395229 138 141 151
-3.146469 -16.483067 46.268149 196 186 195
3.334478 -17.203635 48.511207 120 124 121
-3.753141 -16.439157 46.153772 108 111 118
-3.753141 -16.439157 46.153772 108 111 118
2.092404 -16.703453 47.138336 176 156 149
7.127074 -16.286881 46.589732 22 35 18
-7.006198 -14.005517 40.540226 22 29 13
-3.347974 -14.580569 42.880008 198 200 188
-0.738592 -14.649019 43.562734 98 107 109
-5.882160 -13.900664 42.039496 52 53 60
-2.795964 -13.906162 42.320912 102 93 96
-6.325273 -13.039110 40.354831 88 83 87
-8.011942 -13.103229 40.590638 187 189 188
6.731656 -13.269515 42.638456 205 202 213
-1.442548 -12.148012 38.814357 85 77 81
5.771176 -12.990682 42.216511 64 58 62
5.779403 -13.001066 42.248359 64 58 62
-7.854472 -11.474290 37.172237 126 101 106
6.564637 -12.432980 41.317685 88 94 104
1.848068 -10.960244 36.620224 116 96 99
0.393279 -10.569444 35.786309 79 77 82
4.236438 -10.949898 37.201625 198 204 218
-7.529132 -11.026583 37.118396 121 124 133
3.758242 -11.069849 38.027471 79 80 85
-3.447344 -10.866475 37.616636 130 138 142
-4.007468 -9.839485 35.889201 23 32 13
-4.518891 -9.766542 35.804178 41 44 31
3.568579 -9.835747 37.318917 64 75 59
1.019302 -9.626363 36.723801 118 108 101
5.325827 -8.623761 33.246722 43 72 16
4.013025 -9.526251 36.628384 74 69 75
4.457698 -9.597169 37.030104 93 91 102
5.350429 -8.627970 33.447161 30 58 10
-1.755475 -7.799015 30.221896 34 53 33
4.887401 -9.301874 36.405107 143 143 151
-1.149813 -9.017872 35.245722 64 69 49
3.080462 -8.193041 33.594021 52 63 49
3.118757 -8.240201 34.005063 50 61 45
3.570927 -7.965149 33.046106 176 188 141
-1.045694 -6.744661 28.739997 26 37 21
-2.839618 -6.497318 30.649771 111 93 71
-3.302946 -6.273388 29.715917 216 229 213
-1.402150 -5.997442 29.195645 57 65 50
0.832609 -6.267362 30.952399 73 51 42
0.224919 -6.057337 30.225269 89 102 75
0.094166 -5.661090 29.641863 39 41 34
-5.495658 -5.519329 28.694883 185 180 186
-1.433614 -5.371490 28.318165 39 48 31
0.690859 -5.590205 29.683822 77 98 58
1.417784 -5.644237 30.473963 113 102 94
-4.230377 -4.917681 26.564655 124 105 109
-1.700131 -4.870233 27.523648 100 133 110
4.562445 -4.781754 28.377837 169 178 177
2.672338 -4.013717 26.635372 111 120 66
3.393528 -3.900620 28.147537 67 71 48
-0.457003 -3.687320 26.569873 64 61 46
0.010210 -3.341269 26.203605 121 122 85
3.103169 -2.664135 21.928801 95 127 65
4.353375 -3.338171 26.957105 74 78 45
-4.211369 -2.558723 23.825195 52 53 55
-2.653398 -2.314677 22.441361 127 111 112
2.948642 -2.104885 21.453020 91 116 77
2.947001 -2.102512 21.441088 91 116 77
2.790101 -2.075277 21.361332 87 112 73
1.749474 -1.858740 23.372308 161 161 169
2.440571 -1.288766 23.228742 48 42 34
2.865542 -1.043417 22.348180 13 31 7
3.290147 -0.739646 20.948220 22 33 1
2.455603 -0.565788 20.001199 54 74 20
3.044147 -0.593950 21.035805 73 89 53
0.521020 -0.541496 21.121119 96 119 77
3.323946 -0.307559 21.027915 55 66 36
-1.742910 -0.298614 20.243896 65 63 38
3.142802 -0.244651 21.165226 10 25 0
-0.013317 -0.164104 18.202938 89 67 70
3.140986 -0.184442 21.083175 15 30 2
-0.940277 -0.123745 19.112678 156 155 161
-2.003726 -0.118580 20.253012 127 128 123
3.274916 0.040433 20.315396 62 61 57
2.610272 0.231235 20.691688 137 124 92
-3.374020 0.250053 17.161749 82 63 61
-2.708951 0.353177 19.451676 108 117 134
-2.554294 0.391957 19.112879 163 164 185
3.187360 0.422847 19.938343 28 42 9
-2.782669 0.516558 19.163592 92 90 92
-0.676374 0.659181 18.473869 250 243 243
0.830905 0.762731 17.450631 87 84 92
-1.304435 0.810579 18.724730 134 128 142
0.415562 0.932800 16.962398 135 129 133
0.403576 0.980296 16.971124 93 91 94
0.442439 0.988985 16.911119 136 134 137
-0.381093 1.165971 18.095353 178 170 168
2.137459 1.161511 17.446213 26 46 1
1.426600 1.220175 16.335354 131 139 150
-2.529401 1.186816 15.842255 78 69 72
-2.529401 1.186816 15.842255 78 69 72
1.369093 1.230762 16.308238 137 146 155
-2.262720 1.281237 16.452910 59 53 54
-2.186891 1.350402 15.908202 81 70 73
2.920870 1.494932 18.162273 70 92 53
1.853158 1.774611 17.579701 90 87 78
0.824061 1.837888 15.905183 126 126 128
0.679141 1.983414 15.773907 86 87 89
-1.561374 1.911640 14.991332 126 122 130
0.851461 2.041760 15.660421 132 130 135
2.129022 2.216896 16.214063 82 96 72
0.704956 2.256148 15.835601 241 242 246
0.345627 2.302917 15.757874 94 105 62
1.615967 2.271960 14.824566 222 204 197
1.877858 2.291167 14.861752 128 127 129
2.385159 2.529732 16.276740 12 17 21
2.569928 2.615016 16.505045 51 48 51
-1.316801 2.637418 15.691827 39 35 45
-2.424982 2.647936 14.762330 252 232 228
-0.745429 2.855367 15.303894 17 25 32
-2.354507 2.884672 14.298821 87 63 61
0.392888 3.071166 15.357127 153 151 148
2.091549 2.846490 13.938668 104 95 88
1.089490 3.317955 14.922009 38 39 25
-0.078699 3.683576 14.177884 59 74 107
-0.197069 3.794241 14.271483 83 82 90
-2.612232 3.701661 13.850315 100 85 78
0.983178 3.792382 14.211473 77 72 78
1.290670 3.843753 14.132029 152 128 122
1.797034 3.796027 13.916912 225 223 224
1.796974 3.795262 13.912005 225 223 224
-2.181855 3.688060 13.163643 196 196 201
-0.663610 3.938969 13.695386 76 56 53
1.779775 4.031958 13.802957 24 28 27
-1.154038 3.909498 13.286162 69 51 47
-0.270682 3.994891 13.582823 141 108 85
-1.512226 4.034368 13.545187 127 125 113
-2.352905 3.912474 12.807059 123 126 133
-2.270806 3.911377 12.809916 127 131 140
2.103594 4.057743 13.323926 96 92 83
2.106174 4.062978 13.342061 96 92 83
-0.646218 4.014284 13.108999 60 54 42
1.201728 4.186096 13.733963 143 142 147
-1.310415 4.117023 13.356344 151 130 111
-2.594228 3.947554 12.719789 172 177 183
-2.594228 3.947554 12.719789 172 177 183
1.435841 4.200254 13.625565 151 144 136
-2.474411 3.965280 12.689409 175 178 187
-2.620333 3.976892 12.661875 175 175 185
0.095809 4.224781 13.257412 186 180 180
1.985261 4.368118 13.507757 251 237 234
-2.251590 4.110367 12.570932 53 53 63
2.093276 4.377084 13.533396 39 27 23
2.337987 4.494021 12.731306 70 73 78
6.366150 -16.060975 45.826409 30 36 23
5.926521 -16.027499 45.794709 52 58 33
-1.095667 -14.523382 42.241592 40 53 46
-7.975642 -14.814488 43.060003 111 117 93
5.364320 -14.110381 42.736447 41 26 29
-4.798253 -12.636548 38.477519 44 32 44
6.446077 -13.593862 42.244531 78 58 70
-7.657097 -12.659640 40.181913 149 156 162
6.703894 -13.143002 42.589034 194 198 207
-5.212294 -10.752640 37.374293 107 105 110
1.401527 -10.387893 36.414154 82 62 55
-6.627661 -10.280295 36.208784 74 77 86
3.677958 -10.402669 37.103455 209 212 217
7.024956 -10.539800 38.356034 201 204 210
2.354970 -9.302856 33.836687 41 57 19
2.068907 -9.062778 34.102979 50 66 39
2.208815 -8.780880 33.806485 21 37 19
4.945835 -9.328338 36.432506 62 62 70
-1.262812 -9.028020 35.359995 85 92 62
-1.854450 -7.580225 30.108520 27 42 21
0.540892 -8.845658 35.087708 233 224 215
1.191805 -8.553778 34.739390 75 55 41
-0.014998 -6.057456 30.259953 168 168 166
-0.014998 -6.057456 30.259953 168 168 166
-1.933036 -5.311243 28.212462 73 85 53
-2.656965 -4.553903 27.135361 160 161 165
3.204570 -4.623570 27.863269 145 125 98
3.251904 -4.512055 27.804385 82 90 49
4.616150 -4.458622 28.862203 33 41 19
-1.929728 -3.980677 26.466150 52 50 51
3.986366 -4.214559 28.245814 53 59 37
3.292173 -4.075183 27.773710 22 31 7
4.310169 -4.006583 28.271342 0 0 0
0.251619 -3.782208 26.934602 116 109 101
-0.703267 -3.517410 26.090224 90 87 56
-0.626650 -3.370511 25.924770 126 132 84
2.586637 -2.705551 22.020504 54 79 17
3.198178 -2.387941 21.978271 36 63 19
3.097387 -2.241347 21.635458 41 66 24
2.206590 -2.593688 25.263189 102 98 107
4.721711 -2.592598 25.611206 78 99 25
2.921490 -2.019517 21.427152 81 105 71
1.967819 -1.066366 22.714620 50 66 27
1.425824 -0.710669 21.849260 32 47 14
3.201150 -0.518688 21.017934 20 35 4
2.955613 -0.514720 21.220004 27 44 2
2.011571 -0.085843 20.349252 73 89 51
2.373010 0.488897 19.945256 20 29 21
-0.844865 0.477222 19.077556 82 72 66
2.946185 0.507234 19.234542 54 58 33
2.254730 0.512565 19.847897 23 33 8
1.781413 0.741352 18.965347 62 34 31
2.769748 1.072486 19.057280 87 83 82
-0.679496 1.479398 17.708206 88 72 74
2.034851 1.812810 17.926888 109 108 103
-0.275683 2.158658 16.439612 52 58 74
-0.229589 2.224613 16.324333 94 102 111
2.464437 2.504851 16.285612 56 56 58
1.012548 2.486306 15.083892 64 65 70
2.374105 2.611976 15.633254 185 186 191
2.583559 2.740486 15.846268 237 235 238
2.582855 2.863301 15.860730 22 21 27
1.977157 2.657676 14.159852 157 148 139
1.345064 3.012208 14.545731 154 151 152
1.091694 3.400079 14.937093 79 76 69
-0.606936 3.416573 14.468035 77 78 83
-0.006957 3.781672 13.835198 111 124 142
1.972388 3.531180 12.632425 100 95 98
1.972388 3.531180 12.632425 100 95 98
-0.017698 3.844864 13.879318 105 105 126
0.433290 3.873463 14.052008 94 95 100
1.342159 3.931181 14.159985 152 131 124
0.870339 3.924763 14.087904 192 193 198
-2.294002 3.751752 13.093916 133 138 143
-2.470933 3.772265 13.079259 168 176 182
-2.099829 3.781725 12.992777 198 198 206
-1.594562 3.975776 13.457167 59 50 43
-1.212624 3.999910 13.430149 51 44 37
-0.249387 4.061615 13.573991 22 31 23
1.789821 4.212834 13.775815 124 106 104
-2.048439 3.968636 12.787494 106 106 114
-2.048439 3.968636 12.787494 106 106 114
-1.896022 4.157830 13.316190 105 107 93
-1.897585 4.171427 13.254890 47 49 35
-1.961608 4.035806 12.719972 36 29 32
-2.606578 4.011762 12.585586 95 98 105
-2.598535 4.043007 12.639537 188 193 199
-0.748519 4.263451 13.379888 166 160 148
-2.581203 4.074717 12.662804 155 159 168
-2.581203 4.074717 12.662804 155 159 168
-2.090432 4.183008 12.823230 45 37 48
-2.205005 4.120551 12.597970 175 169 176
-2.071018 4.205767 12.870838 173 151 164
-2.391999 4.104843 12.494510 179 181 194
-1.719153 4.288273 13.125049 46 54 33
0.452340 4.363057 13.000105 230 233 241
-2.399464 4.289712 12.704519 207 190 196
2.056221 4.417988 13.171937 120 85 81
2.395483 4.395129 12.704310 103 103 104
0.045181 4.143991 11.481647 92 95 104
2.329645 4.649917 12.802932 60 54 61
1.630805 4.820706 12.809298 122 118 109
1.514743 -13.721930 41.242299 123 95 92
6.950743 -13.639732 42.486300 208 211 218
6.802615 -13.237717 42.535181 120 117 128
-0.570706 -12.216315 39.365988 168 169 164
7.254958 -12.719061 41.764251 90 84 96
-6.790336 -11.549056 37.529048 68 61 73
-6.788612 -11.531352 37.498891 68 61 73
2.608324 -12.471343 40.989232 140 139 144
-3.814816 -10.592869 37.144928 108 110 125
1.529958 -10.182124 36.819925 187 188 182
-0.605694 -9.388975 35.453634 198 198 210
3.662541 -9.659316 36.864095 64 65 58
4.745324 -9.567411 36.552397 116 113 122
6.018304 -8.297935 33.345865 31 54 18
-2.868810 -8.187793 33.397386 56 60 34
-4.023458 -5.795417 26.892272 130 112 110
1.984199 -6.295772 29.596593 121 118 130
-1.441354 -6.069558 29.212757 32 38 26
1.043450 -6.397986 31.748989 139 114 104
4.340545 -5.611528 28.567831 72 75 102
2.750039 -5.419806 28.262844 85 97 122
-6.089738 -5.511072 28.828643 108 107 116
-0.372333 -5.221834 28.437912 114 117 122
-4.637768 -4.184363 26.694066 86 68 68
4.624735 -4.104926 28.433068 77 77 57
1.731636 -3.267515 25.839503 100 101 106
4.786739 -2.878372 26.227238 131 143 100
4.236789 -1.599920 22.872336 29 39 4
3.157277 -1.333228 20.971087 76 92 47
3.004056 -1.333138 22.052330 37 49 35
3.178146 -1.114154 20.353547 40 52 14
3.137827 -1.161856 21.049661 46 62 14
3.146426 -1.161035 21.121504 46 62 14
-0.768893 -0.974980 19.410156 180 168 168
3.091143 -1.060091 21.216210 73 89 42
-1.852884 -1.088822 21.180187 160 158 159
-2.506224 -0.957014 21.425585 160 148 147
3.907295 -0.746645 20.907615 169 166 78
-2.445573 -0.453383 20.704136 55 61 82
3.311196 -0.430162 21.090717 29 40 9
2.831385 -0.324571 21.282656 34 50 13
1.401601 -0.261842 20.560648 86 106 54
3.341624 0.103957 20.593025 150 153 142
3.384255 0.114902 20.387739 73 68 70
3.132834 0.210649 19.749001 71 84 38
-2.854821 0.234397 19.352286 27 27 37
-0.411385 0.544199 18.079159 102 83 76
0.867376 0.573418 19.273811 47 47 21
1.870899 0.588581 19.818554 76 82 49
2.227372 0.616260 19.966484 169 186 166
2.227372 0.616260 19.966484 169 186 166
3.183495 0.692724 20.057601 32 36 13
-0.707456 0.744025 19.137581 109 108 113
2.834665 0.901396 19.996331 95 91 44
-0.544572 0.868866 18.883437 86 64 68
3.248743 0.915475 19.419697 155 146 139
-0.355955 1.161050 17.999477 173 172 170
0.986546 1.285522 16.308606 211 210 210
0.082284 1.643669 17.135458 216 220 222
1.812337 1.690904 17.287179 23 27 12
2.571387 1.749306 17.746101 22 27 20
2.318381 1.912411 17.682402 22 25 18
-0.464505 2.079555 16.670555 47 50 55
1.581267 1.951107 14.781510 97 92 96
2.491848 2.223904 16.231283 49 66 42
1.633697 2.189774 14.705790 126 99 90
2.621337 2.366598 16.090660 49 69 32
-1.682394 2.246116 14.174891 100 90 90
2.684694 2.644202 16.531431 82 76 76
2.499463 2.682304 15.942398 144 145 139
2.420422 2.672341 15.737535 58 60 62
0.303700 2.880553 15.624197 110 109 105
-2.910421 2.749596 14.668286 90 108 65
1.096411 2.930503 15.012537 201 205 208
-1.376840 2.736062 13.370103 88 73 70
-0.742508 3.156133 15.186391 153 148 145
2.264974 3.091169 13.602657 208 199 194
1.337359 3.334846 14.795987 128 124 123
0.491776 3.419949 14.478695 205 208 216
-2.518199 3.802218 12.932207 192 197 203
1.931317 4.125499 14.157883 194 191 182
-1.563427 3.998291 13.479430 81 74 66
1.123236 4.178298 13.786651 109 110 112
-2.051392 3.982731 12.722674 181 184 193
-0.684222 4.128981 13.271572 172 164 153
-2.075105 4.010561 12.698963 99 102 111
1.351398 4.257307 13.621543 114 114 114
-1.289588 4.206049 13.313879 68 62 36
-0.833071 4.205095 13.259595 161 154 146
-1.765690 4.191132 13.092217 97 101 79
-1.765690 4.191132 13.092217 97 101 79
-2.570522 4.053314 12.482469 197 200 209
-2.059654 4.103706 12.676231 81 78 87
-1.907019 4.256422 13.208793 89 82 65
2.286668 4.171014 12.905028 127 116 111
2.286725 4.171659 12.909714 127 116 111
-2.234661 4.114301 12.618118 49 51 57
-2.289110 4.126691 12.593066 47 49 58
-1.919954 4.269016 13.104855 48 39 30
-2.564888 4.101633 12.479722 182 177 182
2.129996 4.428782 13.510303 129 111 109
-2.495336 4.173810 12.487649 57 55 57
-2.212119 4.315039 12.849512 35 32 37
0.112443 4.101483 11.487527 204 212 223
1.597742 4.772723 12.825680 104 100 89
-6.971148 -14.217791 40.646990 32 40 25
1.332592 -15.901411 45.877602 50 54 45
-9.377893 -15.197545 43.764789 101 94 80
-5.463277 -14.473294 41.990956 49 55 53
-5.086391 -14.166484 41.485248 32 41 38
-3.171822 -12.636434 38.720807 109 96 91
6.043228 -13.179062 42.339136 170 171 176
6.394768 -12.580229 41.696671 128 137 147
-0.422466 -11.408422 37.781325 197 198 206
-6.824599 -10.246557 36.314135 247 241 242
-3.091073 -10.157881 36.232596 109 101 99
-4.225573 -9.294000 35.082533 110 119 111
5.263435 -8.640163 33.666627 59 87 37
-5.726103 -6.847311 29.161619 127 108 112
-5.726103 -6.847311 29.161619 127 108 112
-3.238254 -5.697524 29.195270 58 54 52
-1.705067 -5.424796 28.266183 138 146 107
4.598565 -5.189924 28.868187 123 107 95
3.220605 -4.962459 27.967555 148 122 104
4.210500 -4.581025 28.535534 78 95 71
4.369024 -4.625904 28.895473 86 95 74
-4.175986 -1.035889 21.152486 140 134 146
-2.876094 -1.020736 21.193683 219 218 224
-1.970350 -0.919978 21.230378 53 68 49
-2.085745 -0.624543 20.235842 73 86 56
-2.082588 -0.384379 20.417554 154 159 154
-2.192673 -0.368335 20.787530 76 81 74
3.678763 -0.210990 20.919902 116 123 58
1.353564 -0.192331 20.196508 34 55 13
0.072373 0.204523 17.949555 103 86 73
2.889625 0.329025 19.758201 45 62 12
2.004323 0.601295 19.822727 94 96 76
-2.233815 1.381901 16.195103 88 77 80
2.710709 1.774848 17.652928 148 150 139
2.270712 2.089442 16.020015 38 54 26
2.300755 2.185143 16.126411 23 38 13
2.509137 2.283537 16.255625 32 45 26
2.350296 2.553196 16.227146 53 58 63
2.680880 2.482739 16.019169 55 63 40
0.923907 2.523682 15.667547 227 228 228
0.150840 2.801631 15.593327 59 66 92
0.472557 3.221422 15.047985 118 112 112
-0.720862 3.363558 14.715463 112 103 106
0.721939 3.334341 14.223890 212 217 221
0.026575 3.619341 14.270407 95 94 104
-0.981314 3.574682 13.522795 88 85 94
-1.058753 3.590345 13.493348 82 76 86
-2.460140 3.603029 13.395594 95 75 76
-0.125663 3.955258 14.340632 80 80 88
1.861221 3.835277 13.713811 205 202 197
1.861221 3.835277 13.713811 205 202 197
-0.366647 3.827158 13.652919 98 102 109
-0.236920 3.884737 13.569610 180 103 56
-2.352283 3.846521 12.915218 185 190 196
-2.542788 3.922001 12.617944 166 170 179
2.131545 4.144763 13.385137 241 237 226
2.131545 4.144763 13.385137 241 237 226
-1.835911 4.180229 13.298714 103 102 85
-1.835911 4.180229 13.298714 103 102 85
-2.361180 4.048700 12.601567 192 193 202
-2.077093 4.090688 12.741589 71 72 82
-1.057325 4.313734 13.251548 93 94 80
-2.030596 4.233730 12.830169 161 131 152
-2.030596 4.233730 12.830169 161 131 152
-1.704476 4.323478 13.089605 92 100 77
-2.435028 4.141515 12.410640 42 44 49
-2.416313 4.237505 12.659904 94 92 102
2.469470 4.494243 12.600824 113 111 114
0.742133 4.577694 12.836184 225 232 242
0.742133 4.577694 12.836184 225 232 242
-1.173847 4.286693 10.890991 74 71 72
-9.210442 -16.304906 45.989594 72 75 80
-2.479680 -15.862748 44.947603 127 146 91
6.595598 -13.519537 42.441364 154 157 164
2.450571 -12.883838 40.945622 80 74 70
-0.396028 -12.230639 39.537078 209 213 217
-0.396957 -12.231220 39.537428 209 213 217
6.471514 -12.202682 41.300613 144 144 156
-5.850993 -10.985303 37.313954 56 56 64
-1.085474 -9.537097 35.520723 177 181 187
2.454319 -8.702989 33.357084 57 70 44
-3.373516 -9.096189 34.576716 67 74 58
4.110300 -8.092780 33.499199 46 62 35
3.117557 -8.049234 33.486256 37 48 32
-4.775084 -7.522420 32.035972 90 98 65
-3.708865 -7.009665 31.579798 83 87 73
4.419308 -5.497855 28.851209 138 138 148
-1.944091 -4.222763 26.691688 32 44 34
1.858896 -4.046515 27.712901 25 33 9
-2.010864 -3.017090 23.452221 112 115 120
-3.819292 -3.186204 25.093303 89 76 67
0.069245 -3.046992 25.599138 102 114 78
3.133787 -2.459270 21.960160 25 48 16
3.062259 -2.018149 21.378787 71 97 60
2.405743 -1.768718 21.629631 35 54 20
-2.971977 -1.258585 21.769333 141 147 162
-1.820523 -0.964488 20.911872 61 50 48
0.214776 -0.714603 20.808193 89 108 64
-2.563638 -0.480209 20.295440 42 44 57
2.757386 -0.038300 20.036280 25 37 1
0.637448 0.188211 19.759748 33 59 52
3.557266 0.261531 20.199580 140 141 146
-2.087003 0.281176 19.613594 129 128 134
1.117735 0.480939 19.787483 70 72 38
1.656815 0.537211 19.739107 73 84 41
2.987428 1.228255 19.098934 62 68 42
2.168398 1.185518 17.263462 77 96 40
-0.083442 1.276510 17.491194 232 233 235
0.210105 1.438031 16.751112 242 242 244
2.098365 1.934010 17.273030 24 17 12
1.392074 1.776147 15.483280 134 123 120
2.316569 1.977617 17.721209 33 34 25
-2.758951 2.140173 15.320220 229 217 217
2.651339 2.317392 16.326478 28 46 12
2.908083 2.754745 15.898156 178 194 175
-2.783749 2.742602 15.271351 132 112 103
2.102111 2.606694 14.114090 82 81 86
1.170561 2.920747 15.105234 131 130 136
-0.497635 2.939461 15.109240 232 239 247
2.147148 2.759711 13.925662 147 142 137
-2.670630 3.213086 13.935992 87 74 84
1.805272 3.555474 13.767354 177 172 171
1.750400 3.574836 13.783889 245 247 246
-0.730332 3.558896 13.642560 58 59 64
-0.199669 3.761697 13.650995 83 84 89
-2.162275 3.878239 12.900972 184 187 192
-1.792478 4.030344 13.383063 37 38 45
-0.971226 4.234242 13.470741 156 153 144
2.136499 4.221686 13.339753 48 31 24
-1.758264 4.253858 13.156757 91 95 75
-1.241373 4.273040 13.145159 55 59 29
-1.347305 4.059824 11.301872 104 104 113
-0.011622 4.159795 11.419554 94 98 107
-0.151431 4.188896 11.342985 100 99 113
1.654459 4.935410 12.864995 104 103 93
7.432488 -13.182100 42.691971 189 195 207
5.334624 -10.659872 37.975707 123 98 106
5.493243 -7.749270 31.793178 108 114 110
4.834561 -6.794371 31.083987 72 57 62
4.234487 -6.172963 29.875783 40 48 27
-1.578529 -5.696446 29.114615 104 112 72
3.704249 -4.567867 28.729122 64 61 50
-5.045489 -4.060377 25.927527 117 118 122
2.226579 -4.031928 27.274127 85 93 44
-0.728544 -3.555473 26.211131 90 89 57
-0.369346 -3.499653 26.035665 131 127 89
4.195479 -3.541955 27.489851 78 85 44
-0.652872 -2.135639 23.806898 69 50 45
-2.953134 -1.276412 21.590225 169 175 191
-0.377544 -1.099660 22.340253 96 95 71
-3.946278 -0.872153 20.636766 160 160 162
2.732295 -0.489300 21.083326 31 43 23
3.518746 0.112824 20.983890 83 79 80
2.789620 0.576815 19.939792 50 62 19
-0.685844 1.172211 18.352275 188 172 146
0.662719 1.169125 16.530706 194 207 216
1.733147 1.641624 17.197164 52 63 30
1.855232 2.384740 14.522550 120 111 112
2.044631 2.517803 14.707840 75 77 74
-2.547218 2.794653 14.734172 127 97 90
2.210842 2.723147 13.993480 77 76 81
-2.676972 2.870603 14.648170 46 26 24
-1.454958 3.847001 13.503648 78 82 91
-1.981323 3.878931 13.179909 134 144 145
-1.976042 3.868585 13.134676 134 144 145
-1.941599 3.943071 13.240850 31 31 31
1.153047 4.227122 13.675228 119 119 121
-1.849584 4.206018 13.199730 46 53 35
-1.850161 4.201998 13.197270 46 53 35
-2.253040 4.056567 12.627863 163 168 179
-2.261797 4.149624 12.624884 53 56 65
-0.066599 4.132230 11.416792 185 196 202
0.081691 4.143936 11.475601 98 97 111
0.566578 4.678108 12.723929 31 30 37
-0.233633 -12.494093 39.302859 105 89 89
1.121667 -9.350909 36.220443 170 156 147
-0.312511 -5.745486 29.590117 43 33 34
1.585119 -5.733133 30.146916 186 176 170
-1.784750 -2.935709 23.645439 102 79 78
-4.361986 -2.767307 24.886862 117 118 122
3.502289 0.447257 19.919921 193 200 204
-0.093175 1.164851 17.483234 245 243 244
1.673149 1.983913 14.630928 86 85 90
-1.546078 2.146970 15.102977 76 67 73
-0.912279 2.989498 14.099132 80 74 77
-1.223078 3.815335 13.345012 0 0 0
-0.196972 3.980029 13.738625 47 17 11
-1.320476 4.090772 13.959385 40 34 24
-0.562960 4.013528 12.798770 172 172 162
-1.974559 4.057562 12.661396 62 43 42
-1.124943 4.356915 13.092152 99 99 87
2.170380 4.418328 12.895302 233 238 239
-0.363731 4.246320 11.256374 81 81 91
-0.139273 4.364267 11.317138 115 127 153
3.150941 -6.015059 29.670920 57 41 44
3.154488 -6.020218 29.677044 57 41 44
-0.158906 -5.813433 29.758228 46 57 45
4.484758 -4.809146 28.915755 42 42 25
4.333804 -3.744788 27.727484 138 131 115
0.684045 -1.980798 23.774720 52 42 43
3.659412 -0.286525 20.886678 72 82 13
0.104776 -0.176007 19.243882 108 115 117
1.304798 0.286429 19.908533 126 96 60
1.337427 0.801624 19.081743 41 53 29
-1.371205 2.412513 15.419541 125 128 127
-0.346349 3.380157 14.583299 119 120 127
0.528760 3.633231 14.524290 81 80 85
-1.472898 3.961020 13.565992 51 43 32
1.547734 4.055586 13.830437 111 109 110
-1.964675 4.240004 13.265717 112 100 88
-1.099841 4.257592 13.331982 28 38 22
0.628448 4.541249 12.863688 59 77 92
1.649962 4.634308 13.076103 155 146 145
0.338474 4.554840 12.752120 136 137 129
1.896057 4.713798 12.839043 29 27 38
1.895092 4.708029 12.821285 29 27 38
-8.307658 -12.350288 40.185283 97 81 88
-8.307658 -12.350288 40.185283 97 81 88
5.312169 -9.672068 36.958022 36 35 31
3.833494 -4.284525 28.587968 65 79 47
3.833494 -4.284525 28.587968 65 79 47
-2.987950 -1.634827 22.311303 169 164 158
1.974364 -0.633803 21.716970 45 48 38
3.021558 0.075649 20.143598 98 114 44
2.894375 1.246498 19.271279 65 70 48
1.994067 4.265432 13.517612 230 231 233
-0.942761 4.258665 13.206371 162 158 149
2.236157 4.597610 12.761217 128 122 126
-3.131259 -14.815888 42.720432 65 81 44
6.301905 -12.349322 41.086902 96 102 114
6.308467 -12.365842 41.130009 96 102 114
1.756007 -2.733944 23.992511 144 142 146
2.740079 1.433003 18.532890 83 95 49
2.583452 2.015747 17.546949 115 109 88
-2.857696 2.570377 15.526307 56 51 56
2.228705 2.608466 15.613329 78 77 82
-1.733124 2.971826 13.167400 97 80 73
-1.940627 3.831368 13.315275 137 156 150
-1.959274 4.007373 13.263725 37 37 42
2.203694 4.087901 13.133129 246 240 226
1.700350 4.335409 13.604230 152 122 114
0.570043 4.405952 12.954023 218 227 236
0.681565 4.641545 12.761653 222 231 243
-5.808961 -5.809352 28.839471 206 210 219
0.207412 -4.124619 27.221897 220 222 221
-3.156994 0.469183 18.461306 76 70 70
3.367426 0.616763 20.098625 40 54 31
-1.715147 2.274737 14.036567 160 137 129
3.460182 -10.049858 36.491493 174 179 184
4.421493 -4.591341 28.834699 53 66 40
3.967757 -3.749957 27.443685 115 118 87
3.995732 -3.781429 27.637005 115 118 87
-1.024135 -1.316750 20.965756 192 182 180
-1.585452 2.279593 14.845737 78 67 71
-1.585452 2.279593 14.845737 78 67 71
-0.224861 3.823361 12.574853 38 40 41
1.405888 -0.851447 22.101051 90 111 55
2.300605 2.285340 16.258719 53 68 45
2.142762 3.646787 13.297043 89 81 79
-2.300424 -1.832640 20.977137 88 78 87
0.612484 -0.427205 17.992744 84 104 48
0.391897 3.072276 15.372800 148 144 142
6.209401 -13.759335 41.884021 84 69 68
-3.177772 -1.510987 22.204312 57 58 69
0.880851 0.890647 16.793380 126 135 141
0.505986 -0.124226 20.486319 125 115 108
0.801962 -1.470547 23.042063 69 61 42
1.274813 3.265202 14.898597 96 97 102
0.238889 0.743409 17.305482 130 129 133
0.491761 -5.928951 29.874484 86 104 66
-1.881270 1.955476 14.469241 89 77 81
-1.851376 -3.440903 25.705364 220 220 210
0.769353 0.200873 19.749966 27 36 25
-3.016689 -4.954815 27.644799 151 152 147
-1.303240 -4.671395 27.861441 67 70 71
-1.927344 -3.820104 26.259999 93 80 83
0.271784 3.067882 15.436318 102 102 105
-3.573921 -1.569539 22.573174 209 210 215
-1.278335 -12.035593 38.684697 216 212 216
0.802648 -3.984671 27.078584 168 169 173
-1.554558 2.502366 13.797084 59 51 48
4.093189 -13.976053 41.947339 134 112 116
1.790614 1.249820 17.068469 68 87 37
-3.037220 2.412533 15.361689 119 84 81
1.844429 3.497965 13.685833 164 161 162
0.069240 2.995887 15.426525 90 93 96
-0.714554 3.184645 15.087254 133 131 133
-3.756530 -3.217096 24.906765 94 87 81
-3.391165 -0.519602 20.564901 51 57 70
1.388240 -1.363785 22.937157 75 74 49
1.383710 -1.020181 21.932629 29 38 19
3.961630 -9.401823 36.791759 41 54 34
1.917910 -16.898527 47.497911 116 103 97
0.794436 -16.560882 47.180748 57 45 50
3.744250 -15.764324 45.693886 179 178 176
1.230613 -15.161518 44.596506 36 49 23
-6.920814 -13.791980 40.426812 99 108 80
-6.924074 -13.805174 40.465850 99 108 80
-4.637073 -12.562566 37.933996 186 183 175
6.216135 -13.674527 41.883192 161 151 151
-6.877542 -13.363092 40.776183 128 119 116
3.909974 -13.304007 41.279186 80 77 70
2.839707 -13.011665 40.896667 132 128 137
-7.456947 -12.898071 40.333498 113 114 116
1.944879 -12.750067 40.331093 142 142 144
7.997894 -13.484018 43.001758 204 215 224
-3.827664 -12.223004 38.770196 224 214 212
-1.776290 -11.974950 38.950587 217 216 229
2.297371 -12.419946 40.709545 199 186 188
6.591377 -12.795322 42.192469 35 38 49
1.298410 -10.757456 36.595012 147 108 109
-3.418365 -9.740631 35.450285 119 134 66
2.287526 -9.113365 33.865905 93 107 75
2.300368 -9.152622 34.014991 93 107 75
3.449148 -9.978801 37.271016 113 120 128
-4.388568 -9.658618 35.858206 90 100 75
-6.112403 -8.482670 32.311897 85 66 68
-1.887488 -7.613001 29.585769 78 91 71
-1.900831 -7.639186 29.699040 78 91 71
-4.875072 -8.399424 33.479215 67 74 54
-0.909276 -6.839950 28.461069 70 83 64
0.105218 -7.829910 32.879916 99 108 79
0.955532 -8.011067 33.655272 88 95 62
-1.463587 -6.788039 28.680773 42 59 23
-2.975270 -6.942895 30.609620 36 48 9
3.443613 -6.572333 30.633156 73 68 73
3.009014 -6.393979 30.539428 70 55 60
-5.885287 -6.004894 28.981998 200 198 207
-3.301037 -4.903174 25.481378 159 144 141
-2.709509 -5.187290 27.916260 57 60 33
0.320358 -5.176287 28.589455 189 185 178
-1.081036 -5.199820 28.702648 129 139 139
-1.867311 -4.653773 27.535500 72 78 76
-5.638896 -4.611833 27.224367 174 177 188
2.678362 -4.448997 26.833869 108 108 62
-3.579382 -4.034756 24.959037 119 101 90
3.406886 -4.371625 27.852752 73 86 40
3.406780 -4.369684 27.836496 73 86 40
3.437222 -4.252496 27.896249 80 95 54
4.530428 -4.314581 28.555952 62 64 42
-4.695671 -3.955039 26.282244 152 141 145
-4.659251 -3.921430 26.082024 152 141 145
-0.372892 -4.072063 27.194664 151 152 137
-4.727713 -3.915800 26.361430 114 109 111
-1.982323 -2.967165 22.724368 126 122 128
-4.640658 -3.214257 24.854118 160 163 178
-1.468494 -3.018551 24.970903 95 73 80
-2.153614 -2.474265 22.102487 140 128 131
-0.620002 -2.869616 25.130604 134 138 121
2.845354 -1.963509 21.395411 45 69 47
2.301660 -1.972694 21.984431 89 113 77
2.718512 -1.824502 21.392536 28 42 17
4.058615 -2.123094 25.059694 56 71 17
-1.548426 -1.725501 20.951299 109 96 94
-2.500690 -1.757264 22.314109 201 203 200
-3.520038 -1.686138 22.383725 194 195 199
-1.832832 -1.381329 20.879861 97 91 91
-4.470544 -1.358218 22.040020 130 129 139
-4.405442 -1.273483 21.908499 126 129 138
0.080436 -0.984080 21.654208 83 90 56
3.007447 -0.843478 21.148794 94 112 52
3.100544 -0.834618 21.222475 30 47 5
2.093329 -0.635507 20.122434 75 97 24
3.617543 -0.591010 21.067730 132 142 77
3.544436 -0.529107 21.232285 51 63 39
0.521798 -0.540605 21.075008 97 118 75
-0.165793 -0.207784 18.328716 150 150 157
0.307417 -0.195125 20.306676 33 22 20
3.709708 -0.014076 20.508776 89 89 91
1.201738 0.128488 19.928806 42 52 13
-3.111075 0.173017 19.162988 245 244 250
1.728286 0.485481 20.048071 53 65 25
-0.490942 0.564406 18.369109 110 95 84
-1.126481 0.599855 19.257687 65 59 34
-1.126481 0.599855 19.257687 65 59 34
1.096096 0.863042 17.236129 131 140 146
3.194312 0.917533 19.455644 174 164 155
3.228538 1.354312 19.251347 69 73 36
-0.758586 1.397571 17.899426 134 122 123
0.094368 1.459324 17.047746 253 253 253
-1.670880 1.605259 17.270942 21 22 27
-1.833062 1.856938 16.850312 79 65 62
-0.286838 2.180825 16.289489 65 71 83
0.054296 2.218741 16.391612 155 146 137
1.652672 2.085897 14.712062 70 50 43
2.205244 2.241100 16.126108 19 33 16
0.377978 2.735557 15.998444 53 47 23
2.086552 2.656919 14.084506 149 144 141
-0.994458 2.793987 14.153955 66 51 54
-2.577791 2.980999 14.200435 84 64 63
2.317532 2.911236 13.457426 192 172 171
2.317532 2.911236 13.457426 192 172 171
-1.558734 2.568600 11.180299 74 64 65
1.740196 3.452102 13.851023 252 250 249
-0.434642 3.561540 14.178707 56 56 64
-2.368555 3.715170 13.098943 93 108 113
1.973916 3.906767 13.871021 0 0 0
-2.249312 3.833091 12.943419 180 183 192
-2.198967 3.846497 12.978228 102 106 117
-2.284651 3.890326 12.819153 205 205 215
0.046767 4.117006 13.223657 174 175 178
-2.112916 3.995124 12.692642 170 173 182
-2.198931 4.066978 12.647566 159 162 169
-2.093580 4.098044 12.701879 164 171 178
-2.093580 4.098044 12.701879 164 171 178
-2.108597 4.119323 12.699539 48 51 58
1.993795 4.317565 13.458103 246 240 240
-2.524867 4.100662 12.540910 168 172 175
2.199630 4.266114 13.151411 253 242 236
-2.251654 4.183140 12.742021 27 34 44
-2.234074 4.196157 12.761643 182 182 190
2.267366 4.260591 12.920122 168 165 158
2.267366 4.260591 12.920122 168 165 158
2.207670 4.357704 13.277316 237 215 217
-2.312020 4.233238 12.745092 52 59 63
2.332609 4.265173 12.855357 207 203 192
-2.297658 4.253868 12.775569 184 192 199
2.303004 4.299435 12.893502 117 110 104
2.264001 4.373218 12.954360 230 229 227
-1.062183 4.401548 12.929106 34 27 19
0.259472 4.380846 12.796151 180 171 168
2.164817 4.506292 13.056339 35 30 28
-2.371545 4.461002 12.785028 103 91 81
-2.437524 4.463081 12.772241 103 93 84
2.212252 4.478838 12.823642 46 46 48
-2.471860 4.472510 12.736657 108 102 90
-1.399199 4.074493 11.297896 163 161 164
-3.163259 -16.516319 46.291086 199 190 206
-5.821282 -14.562037 41.798992 29 41 37
-8.425000 -15.080122 43.262304 73 77 80
-6.270505 -13.930444 40.602064 53 58 52
-1.820384 -14.834049 43.493408 41 44 23
-6.362320 -14.476153 42.466481 117 114 107
-8.118448 -14.198977 42.293868 98 117 113
2.442399 -13.555419 41.083102 215 201 201
1.078595 -12.922197 40.159200 135 109 120
-8.085956 -13.233786 41.001714 186 184 184
4.463241 -13.193181 41.383446 204 193 200
6.803937 -13.242420 42.546280 117 115 126
6.853983 -13.067065 42.377907 209 214 224
6.648533 -12.960031 42.270435 56 57 71
-1.109214 -11.864720 38.894154 196 195 193
-2.677137 -11.699220 38.533206 203 204 208
6.747080 -12.497606 41.624287 150 148 158
6.834313 -12.669205 42.191617 150 148 158
0.461870 -10.661351 35.848523 65 42 52
-3.887011 -10.765334 37.710994 96 102 116
1.180496 -10.220460 36.852541 95 91 85
5.399762 -10.046151 37.513597 67 66 70
-6.309599 -9.527615 35.321658 52 58 47
5.599090 -8.510593 33.222558 37 60 13
5.214676 -9.490718 36.965924 72 66 66
-3.427426 -8.829429 34.192612 108 109 95
5.514459 -8.422465 33.363477 22 54 5
2.152244 -8.327004 33.837708 57 71 55
-0.099080 -7.990594 33.097500 71 58 46
-4.391912 -7.520736 31.275321 38 53 33
1.265837 -8.122315 33.969442 102 97 71
-4.492184 -7.204571 31.272506 25 31 21
0.573693 -6.337103 30.468782 85 36 34
-3.302043 -5.620339 28.896084 44 35 36
1.235245 -5.765956 30.034741 61 37 35
-2.967002 -5.245584 27.971359 101 105 80
-2.967002 -5.245584 27.971359 101 105 80
4.763620 -5.266187 28.947585 228 218 219
-2.296756 -5.046838 27.651214 152 164 126
3.759420 -5.153517 28.490199 143 122 108
0.815586 -5.178379 28.872773 52 69 33
-0.379498 -4.956899 28.309195 184 187 194
1.154109 -5.175989 29.536990 64 82 31
4.863947 -4.768775 29.105103 68 71 51
-5.361594 -4.348764 26.559205 110 109 115
4.445823 -4.620395 28.675050 77 92 66
4.345981 -4.204634 28.242209 92 104 68
4.755244 -4.173353 28.405006 122 121 101
3.633042 -3.950128 27.922457 89 93 86
-3.241178 -3.319633 23.826675 87 62 58
-1.059779 -3.608986 26.135693 76 86 68
0.988393 -3.300405 25.774437 179 180 192
-0.710844 -3.262849 25.598511 49 67 17
2.720319 -2.572103 21.642368 47 78 19
-2.603564 -2.606688 22.610475 177 172 186
0.030668 -2.779024 25.101043 72 82 60
4.415107 -2.804737 26.091467 58 78 17
4.323309 -2.551727 25.613742 82 95 24
0.472401 -1.458051 22.708637 86 81 66
4.389984 -1.210684 22.683215 124 135 102
4.215633 -1.198481 22.754863 27 38 11
0.803467 -1.087962 22.356335 90 97 55
-0.723355 -0.771113 19.372082 78 67 61
3.422279 -0.704242 21.168294 18 31 1
3.777043 -0.687012 20.823270 158 155 59
-0.344710 -0.433229 18.776625 193 193 195
-0.344910 -0.433745 18.791952 192 191 194
0.709504 -0.436497 20.884426 26 40 15
4.064668 -0.345795 20.744822 46 48 1
-1.155564 -0.115291 19.673480 226 213 210
0.048759 -0.029566 17.923396 75 60 57
1.977196 -0.083603 20.541023 14 29 0
-1.982229 0.160603 19.545746 95 103 116
3.304468 0.299518 20.201871 180 190 190
2.339140 0.344775 20.547912 47 51 21
2.796488 0.357147 19.648835 47 63 12
1.641741 0.460527 20.207383 83 94 63
2.949370 0.556191 19.452770 120 114 102
2.617530 0.577842 20.108651 47 51 16
2.463762 0.711775 20.024126 97 72 54
-2.494034 0.681290 18.731104 22 28 44
0.064476 0.847810 17.325070 106 101 105
3.165560 0.954696 19.111910 102 100 89
0.055657 1.370996 17.119244 194 195 195
-0.286308 1.452301 17.773719 201 172 160
0.857000 1.401344 16.206988 203 203 205
2.621757 1.878915 18.057793 63 63 51
2.773868 1.944710 15.854632 46 70 7
-0.232403 2.231623 16.397222 104 104 112
0.466215 2.230484 15.703485 160 165 129
2.741396 2.700144 16.412675 88 83 80
2.012533 2.666834 14.177012 112 103 96
2.397982 2.895059 13.502896 159 146 146
1.475806 3.134019 14.553649 174 162 145
1.023086 3.263969 14.865312 75 73 48
-0.434829 3.563187 14.455731 93 94 99
0.865958 3.663207 14.096727 202 210 214
0.865604 3.665775 14.107296 202 210 214
-1.686533 4.051464 13.436700 81 78 72
-2.385430 4.013854 12.669824 116 116 124
-2.385430 4.013854 12.669824 116 116 124
-1.870089 4.186523 12.693387 135 127 116
2.166692 4.337895 13.281591 225 209 206
-2.495547 4.134243 12.470391 203 202 210
2.188462 4.399512 13.057514 50 40 41
-2.493317 4.316352 12.667098 214 199 192
-0.952557 4.429553 13.027825 48 51 32
2.215122 4.397622 12.899339 64 62 65
2.311571 4.435592 12.856012 234 233 239
2.311571 4.435592 12.856012 234 233 239
-1.106891 4.479773 12.915561 55 58 39
-2.031870 4.463403 12.623450 35 51 38
-1.338598 4.077000 11.238323 166 167 167
2.162975 4.567562 12.968850 171 166 169
-0.408629 4.171360 11.259568 99 99 104
-1.086809 4.422408 10.861391 87 87 88
-1.296994 -14.953048 43.010209 26 37 31
-3.166665 -14.634450 42.669845 91 113 64
-0.442810 -15.079825 44.105777 140 147 157
-8.304595 -14.642933 42.971222 118 120 129
-7.761336 -11.166410 36.452685 118 95 105
-0.387803 -10.724900 36.195857 226 216 215
-5.317922 -10.766593 37.031755 111 113 111
-5.487651 -10.695120 37.456528 129 131 125
2.480928 -8.685329 33.238032 51 65 42
5.110395 -8.780776 34.170475 54 72 47
-5.656172 -7.490115 29.625860 58 57 65
4.448052 -7.625222 31.612787 118 127 130
-2.641417 -6.839428 30.405283 55 70 41
-4.153660 -6.847971 30.949638 53 65 55
4.218616 -6.471353 30.123555 86 101 60
-0.815777 -5.952598 29.698446 37 43 39
-3.616346 -4.967673 25.944540 91 60 66
-2.273677 -5.322354 28.078163 152 158 122
-0.742670 -5.258612 28.206639 57 59 38
-1.102716 -5.006783 28.336679 50 64 51
-1.099796 -4.998380 28.305909 50 64 51
0.366166 -4.681010 28.326821 111 117 108
5.436879 -4.643770 29.082627 89 104 75
4.825875 -4.576550 28.815590 36 54 32
1.130220 -4.045909 27.082754 173 169 168
-1.629757 -3.157508 25.214319 65 53 50
0.102103 -2.776523 24.982245 100 103 86
4.337581 -2.696484 25.849069 105 122 52
1.853442 -2.328445 24.347885 141 125 121
-3.648537 -2.025382 22.956983 87 88 92
-3.648537 -2.025382 22.956983 87 88 92
-0.192630 -1.704525 22.789295 59 47 49
2.568199 -1.509043 21.934845 16 29 12
4.156659 -1.589244 22.941255 55 68 23
-0.428551 -1.279509 22.526733 112 101 98
-0.089037 -1.136612 22.365028 89 93 61
4.468779 -1.084447 22.926846 108 116 93
-1.610771 -0.826763 20.355321 60 54 57
2.024289 -0.600458 20.460080 111 129 71
1.030632 -0.587726 21.440934 67 80 49
3.979832 -0.354171 20.656293 59 60 9
2.822415 -0.323979 21.195578 33 49 12
2.421016 -0.202128 20.093162 34 45 11
3.848897 -0.211999 20.773491 61 65 8
3.623164 -0.041246 20.723078 125 125 124
3.022291 0.170216 19.523895 87 107 36
2.895656 0.252052 19.637333 44 65 9
-3.499052 0.407811 17.238044 145 118 107
-1.092754 0.580649 19.304265 68 62 39
-1.626099 0.595890 19.052026 115 113 120
2.527004 0.726977 19.836598 84 74 49
3.464407 0.886701 19.770538 120 126 88
3.108686 0.916211 19.673925 99 97 59
-2.624387 0.900840 16.106163 55 43 45
1.425419 1.021133 18.105139 84 92 68
3.218489 1.130090 19.079782 89 90 84
3.062098 1.163215 19.238795 106 108 103
0.925633 1.129561 16.667634 151 156 152
2.034841 1.220554 17.422151 86 104 52
0.047620 1.669137 16.790351 110 118 81
2.432298 1.875138 17.798903 18 23 16
2.380763 2.618902 15.686709 172 175 180
2.501880 2.684903 15.962943 135 136 135
2.779748 2.812149 16.302554 95 85 86
-2.843975 2.855541 15.116719 121 110 104
-1.453373 2.662649 13.485065 128 119 110
-0.871522 2.981951 15.390068 151 143 141
2.318661 2.979957 13.414795 175 142 135
0.459738 3.239904 14.602410 122 117 121
-2.750091 3.131854 13.960251 71 61 53
2.364197 3.089228 13.449436 115 109 111
-1.910853 3.174555 13.678430 245 246 241
1.342986 3.637265 14.688912 99 94 88
-1.149560 3.614038 13.476731 88 86 91
-2.583056 3.836109 12.955399 169 174 179
1.758400 4.031595 13.789636 38 37 43
1.758400 4.031595 13.789636 38 37 43
1.819944 4.084302 13.708270 60 59 56
2.190940 3.935214 13.078309 239 232 224
-1.387208 4.078119 13.482552 51 50 32
1.684653 4.200665 13.790608 128 111 101
-2.182055 4.006913 12.674257 175 178 185
1.983567 4.246332 13.576777 231 242 238
2.135272 4.207865 13.380732 46 31 26
-1.911751 4.207706 13.262556 121 113 102
-2.263116 4.092593 12.610232 168 172 184
-0.993210 4.257069 13.225991 156 145 131
-1.093855 4.285905 13.049861 45 37 26
-2.464725 4.238071 12.596008 78 83 87
-2.444416 4.293242 12.663067 188 185 193
-2.140371 4.350546 12.852552 34 28 28
-0.935525 4.473679 13.057773 100 105 85
-0.888038 4.460166 12.985253 55 60 38
-1.022299 4.412274 12.785575 38 24 24
-1.136222 4.470858 12.920424 88 97 69
-1.077772 4.472621 12.938604 76 77 67
2.174774 4.516127 12.885176 73 71 74
0.613412 4.591075 12.811780 56 68 87
-0.376923 4.229686 11.359233 154 158 167
0.423655 4.780915 12.572857 32 35 26
-1.129182 4.359696 10.878464 139 140 142
-6.911127 -14.114599 40.323324 33 44 28
-6.389294 -13.785273 41.543393 65 66 70
-0.914476 -13.535623 41.288172 75 85 60
7.761878 -13.691337 42.361315 107 91 102
-5.201103 -12.154384 37.982081 129 117 119
6.074370 -13.008423 42.374786 191 192 197
-2.124474 -10.400470 36.369119 42 35 43
7.155182 -10.546490 38.155506 94 102 114
6.890157 -10.675386 38.825772 79 79 87
0.540225 -10.043059 36.733924 112 106 108
5.173313 -8.738430 33.801105 94 119 64
-1.573631 -7.405655 29.833643 27 38 30
4.363944 -7.694783 31.991173 127 132 135
3.983545 -7.624607 31.923951 135 137 134
-1.428322 -6.892634 29.104448 39 56 22
-2.626605 -6.325168 30.308055 44 36 25
-2.627476 -6.330143 30.328885 44 36 25
5.181912 -4.970611 29.359961 142 119 91
5.025236 -4.247575 28.757852 73 79 43
0.703952 -3.314837 25.715472 232 236 242
4.400659 -1.568239 22.675271 42 54 18
-4.256785 -1.132898 21.570833 52 46 51
3.188590 -0.691524 20.967218 33 45 9
1.173994 -0.655409 21.524224 36 62 17
-3.773995 -0.554522 20.872223 110 110 108
4.008500 -0.403640 20.616183 146 146 74
1.186514 -0.101752 19.980251 108 127 48
3.591168 0.030056 20.660400 70 73 78
0.919060 0.321666 19.883935 115 84 57
2.327341 0.514737 19.880142 18 23 19
2.951814 0.709168 20.024933 58 39 28
1.931149 1.214289 17.264045 32 54 1
-0.109900 1.546377 17.797542 227 224 219
2.468638 1.717678 17.410030 66 76 57
0.303872 1.673525 16.664793 174 174 172
-3.390500 1.699089 16.746371 175 164 156
2.196777 1.962580 17.418584 103 99 96
2.190373 2.029811 17.543046 61 48 39
2.872897 1.994058 15.938383 61 80 24
2.830331 2.313276 16.109910 30 50 13
2.680195 2.479823 16.003625 46 56 32
2.776347 2.671437 16.702409 25 20 17
2.813096 2.772150 16.309830 29 23 25
2.813096 2.772150 16.309830 29 23 25
2.673672 2.775238 16.125500 93 86 86
2.819493 2.764621 15.925241 32 41 38
-2.764885 2.876530 15.127544 107 89 87
2.086660 2.732965 13.948693 112 108 100
1.467724 3.673553 14.529256 98 82 77
-2.539540 3.702338 13.647013 224 215 209
1.791865 3.894233 13.993014 173 171 172
1.842220 3.995101 13.981212 226 224 223
1.868699 4.156106 13.553065 133 143 142
2.326020 4.115505 12.856324 241 230 228
2.228935 4.271309 13.140251 74 63 55
2.291647 3.971096 11.807063 46 42 41
2.262299 4.364791 13.068164 72 67 63
2.305088 4.402116 13.009495 40 36 38
2.264301 4.517757 12.730734 88 86 88
-0.260973 4.182056 11.340148 182 186 197
0.309996 4.598704 12.783221 91 87 78
2.270039 4.592890 12.742060 149 148 144
1.905354 4.626279 12.820588 116 116 124
-1.868863 4.095060 10.706645 100 103 107
-1.200616 4.228231 11.044162 92 82 77
4.046463 -15.220223 44.741042 79 87 51
7.735744 -13.704355 42.883090 158 170 179
6.918908 -13.553454 42.481917 213 212 220
6.903093 -13.287812 42.177332 93 86 94
7.178267 -10.716715 38.275986 237 241 249
-4.800432 -10.331497 36.599014 34 39 47
3.922051 -10.209409 37.356032 65 69 78
3.620804 -9.989204 37.470957 168 172 174
0.460880 -7.629476 32.063033 36 46 34
1.451879 -7.056929 30.563645 132 125 126
-1.490226 -5.936392 29.065512 58 70 50
1.588927 -5.486682 29.914502 26 39 20
-0.519905 -5.079351 28.464653 113 125 105
-4.066401 -3.088897 24.559886 76 67 71
4.593794 -3.334179 27.109602 85 86 60
4.582313 -2.835469 26.150505 72 95 33
3.217449 -2.256106 21.970276 34 59 19
-4.037065 -2.457070 23.579947 57 70 81
0.914823 -2.285438 24.662776 115 99 84
1.661637 -1.768866 23.319961 67 62 62
4.302374 -1.507418 22.714146 130 141 101
4.302374 -1.507418 22.714146 130 141 101
4.453420 -1.402741 22.654372 51 58 25
-3.346297 -1.219551 21.939436 113 114 121
-3.446353 -0.680800 20.658596 64 77 91
2.859207 -0.703256 21.690593 42 56 26
-3.020878 -0.150720 19.992516 160 176 195
3.517339 0.120497 20.290804 154 154 162
3.548196 0.116160 20.487135 154 154 162
2.617762 0.724419 19.870473 95 84 61
0.697841 0.814610 17.103172 106 98 104
3.111024 1.204086 19.265370 60 65 44
2.677584 1.283945 19.142329 63 72 43
2.082010 1.494490 17.411486 47 64 30
2.170570 1.710178 17.807354 37 45 30
0.722147 1.760666 15.986392 136 136 138
0.651917 1.838951 16.008986 138 138 138
-2.646816 2.103413 14.477086 0 0 0
-2.921158 2.831079 14.879379 74 96 48
2.262476 3.002404 13.570160 105 90 82
1.445033 4.024897 14.403615 108 102 102
2.220093 3.978081 12.784983 248 241 231
-1.071511 4.180011 13.388156 110 107 92
-1.934611 4.197947 12.909273 140 122 115
2.253253 4.209137 12.966172 246 234 230
-2.334963 4.128990 12.518545 47 38 41
-0.968017 4.363816 13.187153 60 58 43
-1.065159 4.423140 13.264348 55 48 38
-0.975552 4.393580 13.054906 87 89 73
-0.979097 4.403988 13.088813 87 89 73
-0.850374 4.466841 13.051641 129 132 115
0.421238 4.512939 12.998554 24 23 28
-1.415778 4.062429 11.332851 152 157 153
1.436123 4.603898 13.087505 89 87 90
-1.211277 4.257270 10.961204 153 150 142
-1.209863 4.258903 10.966532 153 150 142
0.881095 4.887996 12.196974 198 207 222
-0.911869 4.511056 10.924808 58 56 59
1.768290 5.052911 12.438153 106 102 101
0.821298 5.031314 12.285173 31 34 43
5.267423 -16.405033 46.998354 104 93 99
2.497600 -14.613951 43.080916 118 95 103
6.027566 -12.986926 42.232928 192 193 197
1.882987 -11.799569 38.603859 108 101 101
6.894667 -11.507888 39.578154 139 140 141
7.241224 -11.118065 38.928561 143 114 107
5.317351 -8.196978 33.173261 44 58 29
5.952966 -7.785811 33.075651 26 30 33
-3.624076 -5.660543 28.451308 189 188 196
-1.031245 -5.881785 29.619632 20 27 20
4.721019 -4.917714 28.564037 101 92 73
2.059742 -4.582667 27.879800 197 170 135
4.955093 -3.661154 27.527323 73 85 42
4.255755 -2.435431 25.401646 128 154 50
3.650273 -0.597747 20.936632 138 147 58
3.368399 0.987742 19.127951 50 54 29
2.344885 1.147397 17.968980 55 74 18
3.258770 1.423327 18.477531 45 49 31
-0.416768 1.529094 17.573670 69 33 33
1.692622 2.208466 14.735125 62 47 49
-1.100404 2.622137 15.646444 135 130 134
2.332213 3.059454 13.464364 72 52 45
2.581411 3.501982 12.962141 156 159 168
1.832038 3.959774 13.968744 231 231 231
-0.518019 4.060490 13.262275 81 76 70
2.281689 4.023990 12.833065 73 65 63
-0.909133 4.428974 13.087741 50 54 33
1.700991 4.614998 13.092339 149 143 139
2.200695 4.727076 12.994325 99 90 83
1.925049 4.993036 12.539520 90 84 84
-0.896485 4.610703 10.914664 43 41 42
-0.896525 4.611537 10.917472 43 41 42
-0.271975 -13.993107 41.930222 71 64 74
-4.998962 -11.722609 38.343537 172 180 188
-5.603755 -8.798015 33.660464 184 187 192
3.436387 -5.856607 28.725707 86 56 58
5.417503 -5.147012 29.428993 152 129 96
5.317025 -4.924706 29.313359 35 48 14
4.763716 -2.697133 25.769178 77 90 39
-2.464662 -1.773615 22.244508 249 248 246
2.305977 -1.325048 23.301034 112 108 69
-0.559321 -0.983672 19.333246 119 105 105
3.791890 -0.147061 20.850439 58 61 18
2.765398 1.663944 18.341885 16 27 11
2.790379 1.883135 16.072956 100 122 47
2.327919 2.586965 15.762244 67 68 73
2.375034 2.899326 13.750875 75 71 78
-0.497858 3.264961 15.177073 113 111 117
-2.735812 3.251578 13.923012 80 67 69
-2.735812 3.251578 13.923012 80 67 69
2.417661 3.337551 13.232853 193 198 203
2.417661 3.337551 13.232853 193 198 203
0.175844 4.169110 11.629020 100 98 109
-1.063561 4.318860 10.867138 52 50 51
6.605416 -15.024511 44.791804 170 144 145
6.646275 -13.783989 42.419926 83 54 66
6.110907 -8.839122 34.197986 54 82 34
1.978653 -7.755578 32.412299 31 33 28
-2.843660 -4.129303 25.260517 94 80 77
-0.514326 -1.477643 22.713905 78 59 55
3.276135 0.237988 20.056339 180 189 186
1.152485 0.900536 17.022226 157 169 181
2.752617 1.798763 16.404675 56 83 31
2.689568 2.383168 15.983707 64 86 36
1.019211 2.768832 15.257327 234 233 234
1.019080 2.789114 15.375130 234 233 234
-0.915475 3.324126 14.911893 115 96 100
-1.861340 4.301843 13.144099 36 48 28
-2.280344 4.298700 12.782996 179 188 196
2.635061 4.247698 12.379152 212 210 209
0.067689 4.287472 11.372079 126 148 169
0.068150 4.280150 11.347543 126 148 169
-1.214579 4.335209 10.899547 75 71 70
1.039182 4.918611 12.286153 89 95 101
-1.293757 4.490160 10.790978 72 68 67
3.500372 -6.733175 30.431853 117 115 120
3.343336 -1.467962 21.283656 77 88 33
4.032778 -0.260545 20.629776 98 102 50
1.362733 0.472328 20.329990 60 64 32
2.627258 2.536948 16.482666 35 34 29
-0.983960 3.491917 14.045921 199 206 212
-2.158689 4.225387 12.816695 35 25 28
1.773189 4.481309 13.337468 140 115 108
1.846348 4.518755 13.079902 97 56 54
0.750375 4.885844 12.364897 48 48 58
0.901740 4.860371 12.296076 186 197 209
6.230937 -13.395342 42.567822 154 153 158
-3.779925 -5.176597 26.247498 77 62 65
1.821305 -2.512023 24.813961 21 22 25
3.251455 0.892816 19.505487 138 119 112
3.095610 1.390430 18.748896 105 111 78
0.108925 2.862588 15.567049 30 22 40
-0.464227 3.710323 14.126874 71 74 67
-1.957628 4.006652 13.263342 36 37 34
0.428194 4.517935 13.036346 27 26 33
-0.079872 4.232830 11.380800 95 99 110
-0.589200 -3.788589 26.665509 102 105 101
-0.589200 -3.788589 26.665509 102 105 101
2.407249 4.672958 12.755010 33 33 41
3.761779 -11.059734 37.127210 102 106 113
3.417943 -0.191939 20.751635 26 39 11
2.628440 0.960143 19.371940 124 120 72
1.731161 4.888611 12.753947 126 125 121
-0.903577 1.591371 17.745158 19 28 36
2.103156 4.044436 13.289135 116 109 101
-1.243808 2.651361 14.409847 73 62 66
-1.379831 0.625117 18.723440 122 121 117
2.269065 2.884542 15.745966 121 117 116
1.058875 3.758215 14.252779 118 111 108
2.836449 -1.797772 21.502314 19 35 15
1.368550 -5.817824 30.245402 69 30 15
-2.381459 0.777524 18.325676 20 25 34
0.303393 -0.125219 20.310889 53 22 30
2.682076 -2.633035 21.920153 52 80 19
-3.093056 1.896978 16.062337 101 89 86
1.499514 3.193220 14.481892 119 91 78
-0.678782 -2.359735 24.180329 79 76 63
0.502523 -0.582316 21.047196 36 56 17
0.878495 2.405378 15.763370 91 86 83
0.192386 1.720164 17.084720 145 142 136
0.882470 2.402541 15.759537 88 86 82
1.529670 3.698616 14.565129 49 38 38
-1.783165 -6.742672 29.541972 20 25 27
4.348105 -13.229169 41.488181 191 183 191
1.017903 2.557446 15.083488 32 32 37
3.849110 -10.962570 40.608111 126 131 137
-4.260524 -16.088346 45.354820 22 21 27
-4.260524 -16.088346 45.354820 22 21 27
-0.142132 -15.353885 44.264429 122 111 121
1.514295 -15.677228 45.435731 114 104 106
-7.950916 -15.044811 43.557554 40 46 37
-9.242141 -15.004597 43.476756 55 62 54
3.222258 -13.826033 41.378703 92 80 83
-8.636925 -13.249893 40.519141 182 179 183
-8.594941 -13.191836 40.732045 100 105 103
-0.673373 -12.239033 38.997258 199 193 195
-7.763746 -11.724912 38.010557 94 78 88
-4.546732 -11.329681 37.623303 213 225 229
-0.061137 -10.315662 35.846931 99 99 109
-0.175206 -10.068417 35.749941 166 166 166
-1.427585 -9.874046 35.234810 58 40 48
5.518633 -10.565044 37.905393 216 215 220
1.027117 -10.043652 36.514775 202 204 203
-4.540243 -9.933413 35.990802 74 84 66
4.222566 -10.064915 37.253891 131 134 143
-1.664395 -9.361453 35.266905 196 184 176
5.733657 -8.568194 33.364299 35 62 11
5.714671 -8.537661 33.239248 35 62 11
5.506884 -8.190847 32.837258 53 67 40
2.218603 -8.340435 33.680845 30 43 25
-4.602783 -7.284663 31.271003 38 49 33
-5.363747 -6.394913 28.515125 108 90 90
-2.386831 -6.789409 30.473004 15 29 12
-0.152559 -6.717302 31.031250 43 34 37
-1.741908 -6.314735 29.848251 58 64 53
-2.327745 -6.143410 29.223612 126 136 79
-1.895860 -5.909004 29.287976 86 87 69
-4.896653 -5.601607 27.813615 252 237 230
-2.080789 -5.671443 28.695900 30 54 13
-5.363215 -5.174440 27.834926 102 44 69
2.166466 -4.899167 28.198708 255 250 226
5.830981 -4.942126 29.547347 78 75 44
-4.541112 -4.109461 26.554145 144 130 128
4.485036 -3.985923 28.015323 110 108 83
4.563108 -3.381424 27.109132 82 79 51
4.710720 -2.880918 26.256378 147 165 115
-3.013330 -2.503295 23.098509 255 252 242
-1.631471 -2.135819 21.427377 51 52 59
4.572733 -2.655430 25.824620 89 108 27
4.384334 -2.466197 25.559033 90 105 25
-1.196623 -2.181429 23.032177 137 111 110
4.198665 -2.405316 25.487949 115 144 51
1.866709 -2.313868 24.769409 136 127 127
-3.197749 -1.901451 22.998295 48 43 45
1.060120 -1.734757 23.119822 142 135 107
-3.036782 -1.321753 21.391340 155 162 173
-0.482686 -1.231813 22.489211 63 51 51
-2.112680 -0.682554 20.157252 40 53 21
3.826598 -0.370458 20.789017 139 143 83
2.871698 -0.387164 21.403864 51 67 28
-2.129511 -0.358961 20.464296 73 74 70
3.975280 -0.304479 20.708599 101 105 55
3.629801 0.001350 20.422238 78 79 78
3.407976 0.033013 20.539965 35 35 27
-1.217662 0.366055 19.709060 98 90 54
0.829139 0.762696 17.426103 90 89 94
3.603020 0.783186 18.947244 85 109 61
1.870846 1.377560 17.216342 27 43 6
1.970127 1.887480 17.577005 48 39 32
1.234945 1.850791 15.626782 114 104 94
2.905966 1.898204 15.944242 41 66 2
-1.528467 2.309439 16.216061 174 173 179
2.393875 2.322877 16.127160 42 55 37
-3.113204 2.752140 17.861719 251 243 235
-1.115338 2.640219 15.620492 135 135 133
2.233232 2.808385 13.955810 91 87 87
2.469070 2.906959 13.453780 164 149 154
-2.768654 3.172114 13.975671 55 44 42
2.300184 3.149750 13.467646 196 187 182
-0.176408 3.641852 14.321897 127 129 139
1.209341 3.733247 14.298478 108 89 82
-1.468304 3.652380 13.705238 50 46 53
-0.219381 3.767182 14.250815 47 45 50
0.962371 3.786847 14.245755 120 118 121
-0.159884 3.783086 14.214118 41 40 48
2.058647 3.921610 13.322865 142 139 132
-1.486780 4.033335 13.518701 41 35 24
1.467987 4.119635 13.825234 134 121 104
1.349193 4.157531 13.802026 156 151 148
2.128390 4.186019 13.376804 49 36 28
-2.072966 4.204063 12.856215 174 156 165
0.149857 4.240160 12.980859 180 180 170
-0.986033 4.433006 13.074337 129 131 114
-0.986033 4.433006 13.074337 129 131 114
0.400097 4.476642 13.081246 16 15 20
1.911731 4.602069 13.171047 116 96 89
2.295543 4.535971 12.732275 236 235 243
2.256070 4.707166 12.994696 177 167 158
0.394812 4.805519 12.601426 53 62 48
0.811143 4.803598 12.485642 16 33 42
-0.284600 -15.431228 44.440033 68 65 73
3.008222 -14.456565 42.588062 117 107 108
-1.824333 -14.847270 43.546542 32 37 7
-1.468735 -12.855308 38.688913 139 133 127
-7.370155 -13.532485 41.587455 154 149 143
6.040299 -13.210258 42.495271 153 151 156
-0.576108 -12.131584 39.064975 157 160 159
0.687368 -11.875171 39.504166 166 139 133
2.317884 -9.546470 34.075071 51 73 11
7.282596 -10.436475 38.103556 236 239 247
0.778713 -9.426766 35.922173 103 94 79
5.700454 -8.529138 33.540010 75 98 52
2.570272 -8.421425 33.248336 46 57 49
-1.138433 -7.049452 28.566689 88 106 64
-4.664396 -7.002025 30.606303 107 112 108
-5.858078 -6.655049 29.266950 135 117 116
-1.084678 -6.225459 28.875581 63 72 59
-3.123416 -6.320686 29.813965 220 224 210
-1.605785 -6.199523 29.818400 34 41 28
-3.302004 -4.875944 25.601476 84 69 66
1.361968 -4.988033 29.188346 157 167 143
3.204540 -4.623472 27.862485 139 124 95
-4.874671 -4.086104 26.484284 98 92 94
-2.492171 -3.720347 24.476820 35 33 36
4.655308 -3.566383 27.518310 82 82 43
-0.005186 -2.461603 24.394977 86 100 66
2.348988 -2.072719 21.794411 46 63 23
4.367860 -2.525416 25.524609 118 132 55
4.205078 -2.562153 25.918559 123 145 71
4.087528 -2.394643 25.343866 99 121 55
1.329393 -2.250360 24.608764 94 95 77
-3.652054 -2.085043 22.995762 242 242 244
2.250955 -1.641541 22.485860 38 47 26
4.563255 -1.630929 22.660936 63 72 29
3.356188 -1.312083 21.113448 48 62 13
4.545111 -1.321160 22.649522 41 47 11
3.057096 -1.039913 21.566133 88 106 53
3.860778 -0.637574 20.673243 165 158 67
-2.298159 -0.651157 21.060420 63 64 47
3.538136 -0.585574 21.150539 23 36 3
-1.573371 -0.298229 20.438058 37 24 14
3.881978 -0.177081 20.787670 94 101 33
-0.020078 0.188307 17.996419 200 182 171
2.799034 0.427083 19.901886 100 114 65
-1.460810 0.892769 18.371612 63 48 58
2.066845 1.702940 17.661904 37 45 30
1.332571 1.649674 15.584427 58 40 36
-0.403003 2.066060 16.454294 109 114 123
2.992176 2.061457 15.827782 65 88 46
-1.578362 2.273417 16.389457 180 181 184
2.482518 2.602184 16.130738 232 232 238
2.584477 2.741336 15.851508 227 226 232
-1.561027 2.518181 13.868861 119 103 103
2.713298 2.847805 16.115327 123 120 109
2.073665 2.601567 13.561541 90 88 89
-1.401949 2.596425 13.588853 102 84 84
2.985144 3.123178 15.564091 126 135 136
1.813468 3.429511 13.693359 181 177 176
-0.491066 3.584320 14.210703 91 91 103
-2.343163 3.935151 12.776856 187 191 194
-2.343163 3.935151 12.776856 187 191 194
2.045798 4.099539 13.432561 165 162 156
-2.426675 4.020504 12.623376 120 125 131
2.260083 4.148626 12.990241 130 121 116
2.071321 4.326072 13.432147 53 48 40
2.190509 4.315097 13.312806 70 60 57
2.162925 4.328510 13.246437 219 202 200
-0.927356 4.389313 13.179669 82 84 63
2.442522 4.347416 12.807273 171 171 167
-0.974645 4.373573 12.658474 149 142 132
2.241672 4.432962 12.868688 100 98 102
2.369807 4.446226 12.693345 35 36 38
2.211356 4.530548 12.926764 161 157 158
1.766352 4.606854 13.074020 62 51 45
2.529388 4.538384 12.520784 94 93 101
0.387792 4.743937 12.664101 37 33 24
0.390724 4.739825 12.635394 37 33 24
1.889949 4.786919 12.813508 91 92 94
2.836967 5.013892 12.592193 45 45 47
-0.419242 4.883494 10.985847 194 197 201
0.161820 5.208175 11.542085 154 151 162
-6.361171 -14.368414 40.971226 44 56 36
-0.038216 -15.225681 44.436204 106 99 106
-8.364716 -13.750178 41.410672 52 62 63
7.154981 -12.863847 42.413526 52 44 57
6.922172 -12.356640 41.150964 161 158 169
-0.661802 -11.226569 38.026364 51 43 40
-6.578099 -9.070477 32.359388 153 133 128
0.381962 -9.879981 35.766165 100 99 104
5.427643 -8.786419 33.264051 64 90 27
5.326008 -8.662327 33.097287 95 125 63
-0.065036 -9.220209 35.679311 54 51 46
-6.288021 -7.846247 30.553432 120 123 132
-2.260348 -7.562886 30.353708 82 99 67
0.775683 -7.479955 31.900729 36 41 35
6.504847 -7.802536 33.898371 113 105 109
-1.009742 -6.398961 28.986192 33 42 26
-2.993463 -6.750791 30.874372 46 50 28
-2.516737 -6.612499 30.350984 40 52 37
0.331907 -6.168027 30.155124 42 58 28
3.131358 -5.988376 29.909466 54 40 41
-2.469894 -5.782597 28.925359 62 77 45
-0.719639 -5.124461 28.596042 87 102 58
2.264853 -4.691482 27.651808 217 182 140
4.698730 -4.070743 28.338767 83 80 61
4.701950 -4.078526 28.374433 83 80 61
1.066974 -3.601899 26.235520 116 116 121
-3.149424 -2.956181 23.338165 211 193 189
-1.462564 -3.228837 25.412742 148 153 158
-3.273982 -2.881559 23.853604 135 124 116
-4.161502 -2.939356 24.668967 104 94 86
-2.937182 -2.367007 22.873655 146 132 129
3.231553 -2.185235 21.956300 69 88 52
3.247208 -1.898467 22.404118 28 46 20
1.209408 -1.994853 24.040357 51 46 41
1.417874 -1.971054 24.253469 42 53 21
-0.352444 -1.619333 22.532115 131 110 107
4.508252 -1.479217 22.644667 50 58 20
4.318022 -1.187897 22.667502 21 30 2
2.170368 -0.639998 20.087720 62 81 13
-3.537148 -0.447842 18.319143 107 111 120
-2.226924 -0.488140 20.766801 93 84 75
3.827697 -0.137507 21.082717 35 37 11
2.922506 -0.025549 19.997970 41 58 10
3.676848 0.122917 20.384716 108 113 117
-2.925836 0.297368 19.535425 27 28 39
-1.791157 0.325487 19.327125 118 130 142
-0.990413 0.782053 18.964971 94 84 74
-0.270991 0.879043 17.856455 125 125 125
3.437451 0.929508 18.951792 32 56 0
-0.000385 1.361512 17.218334 247 251 253
-0.023601 1.673569 16.377101 107 117 56
2.642117 1.970202 17.917480 74 75 45
2.802115 1.913296 15.909457 92 115 47
-1.163427 2.784033 15.973273 0 0 0
-2.489855 2.677128 14.837643 152 123 115
3.226050 3.015389 15.865801 33 42 29
2.358139 2.903270 13.511397 80 63 69
2.322590 3.415457 13.174789 99 99 97
2.549329 3.480327 13.001638 104 99 99
0.405905 3.900771 14.078318 196 197 202
0.282479 4.307620 13.720374 115 115 117
2.249911 4.296273 12.973668 108 97 95
2.249911 4.296273 12.973668 108 97 95
0.461245 4.417499 12.998583 37 36 50
2.282916 4.468463 12.822679 67 70 75
1.762277 4.543395 13.083923 143 110 108
2.194560 4.491876 12.774655 161 157 158
2.794757 4.488771 12.624546 55 58 63
2.429811 4.549351 12.701787 43 43 45
1.655916 4.739665 12.849622 136 131 132
1.849893 4.753865 12.857714 92 91 95
1.926056 4.783146 12.807616 23 21 26
2.059372 5.129804 12.305644 84 80 81
0.222533 4.941929 11.410247 54 61 69
1.355463 5.262695 12.087484 191 194 199
-0.471101 4.884947 10.915638 168 171 180
0.232520 5.134072 11.520092 157 159 171
1.649760 -15.846848 45.560715 151 142 143
0.953039 -14.835287 43.830223 61 89 30
-1.694458 -13.927347 41.522307 37 38 30
2.859183 -13.517020 41.269335 114 90 103
-6.345872 -12.048812 37.604793 91 85 95
-7.816456 -12.126196 38.890860 109 111 123
4.705629 -12.779847 41.757320 192 191 196
6.521655 -12.342306 41.338627 27 27 39
-5.336374 -10.400848 36.477246 129 131 125
7.154418 -10.645131 38.054733 242 240 251
7.333694 -10.610890 38.228898 84 83 95
7.176613 -10.342584 38.316347 42 42 52
-4.755568 -9.079896 34.498698 113 117 119
0.942167 -9.311663 35.857293 147 137 128
2.151017 -7.837130 33.081601 42 43 43
-4.691927 -7.363974 31.413701 133 143 116
-3.217319 -4.793096 25.733437 167 145 148
-0.928340 -5.274138 28.601892 86 95 91
3.272590 -4.586302 27.709465 126 112 83
4.889630 -3.776885 27.656980 122 126 96
-1.232420 -3.462298 26.274382 189 188 193
-2.048642 -1.765854 21.414449 90 91 93
4.644069 -1.397809 22.634264 63 69 35
4.614598 -1.200200 22.708715 41 50 16
3.020954 -1.030041 22.108415 26 40 16
0.915803 -0.868728 21.844506 83 93 58
4.689385 -0.894340 22.718864 74 81 66
4.037330 -0.716698 20.783195 131 127 34
-3.774719 -0.613149 19.654253 104 107 115
0.284207 -0.163712 20.279282 49 19 27
4.067786 0.004749 20.498952 183 183 191
0.922890 0.075381 20.138237 26 41 14
-2.876171 0.172145 19.677694 171 175 183
-0.871675 0.371950 19.165485 137 127 123
-0.871675 0.371950 19.165485 137 127 123
-2.983324 0.941478 16.314564 235 222 221
3.273651 1.241588 18.152740 78 86 45
2.907854 1.814543 15.835842 92 117 45
-1.375718 1.923254 16.607046 222 223 235
2.768812 2.046556 16.439002 65 86 28
2.780000 2.011452 15.974953 89 109 49
2.735673 2.084803 16.286939 49 69 20
-1.164045 2.304391 16.418085 11 14 23
1.059636 2.968726 15.266458 94 100 104
2.490481 3.285362 13.254796 109 101 104
-1.641496 3.948629 13.411930 70 58 58
1.350386 4.161449 13.783901 154 149 146
1.905376 4.210331 13.580185 56 62 64
2.574715 4.254820 12.357297 209 209 209
2.528527 4.304523 12.397764 95 72 78
2.940017 4.457166 12.677400 64 68 71
2.459279 4.568356 12.676574 213 211 214
1.624656 4.836941 12.577991 111 107 95
-0.249484 4.852230 11.049368 201 200 204
-0.213078 4.904859 11.110312 69 50 61
2.040937 5.280516 12.073186 97 95 96
2.040867 5.280334 12.072537 97 95 96
-0.582716 4.928173 10.877498 144 144 152
-6.176778 -14.123516 40.863942 47 49 38
-5.613790 -14.266219 42.049994 29 28 34
-4.791735 -10.283128 36.457472 31 40 43
-4.054093 -9.859224 36.025798 39 48 30
5.202434 -8.619876 34.019006 85 110 54
-0.459535 -6.601302 29.796108 36 48 36
5.175063 -6.888602 31.301490 63 48 55
3.104075 -5.696761 29.030937 125 127 140
2.302403 -4.076684 26.746188 48 56 17
5.060352 -2.626308 26.199403 108 122 92
-2.694394 -2.065631 22.506622 255 250 244
-1.179740 -2.102646 22.858655 93 69 67
4.600200 -1.272014 22.569914 127 133 101
-1.943965 -0.953363 20.793627 78 87 72
3.289889 -0.302354 21.041297 41 52 20
3.289889 -0.302354 21.041297 41 52 20
3.272316 0.385032 19.994213 58 68 57
3.375847 1.372063 18.471216 74 84 50
0.201861 1.650449 17.107100 230 230 232
2.834092 1.977679 16.073914 48 70 8
3.057815 2.738689 15.899820 53 69 33
1.414260 3.618233 14.691682 107 110 101
1.234689 4.001665 14.500326 88 84 85
2.087133 3.774395 13.217432 125 120 117
1.067852 4.178982 13.774664 129 127 130
-2.166465 4.078796 12.574507 52 46 50
-0.916817 4.372468 13.292897 71 70 49
-1.593433 4.058281 11.459783 139 128 122
-1.497202 4.018357 11.229826 39 48 29
1.701065 4.558321 13.117439 114 104 102
1.601577 4.837403 12.785874 121 115 101
0.913770 5.016366 12.128529 199 208 214
1.938979 5.135034 12.300000 98 96 96
0.956807 5.137507 12.160629 56 57 59
2.650032 5.239308 12.249297 74 68 82
1.310091 5.249922 12.056967 113 116 123
1.309922 5.246222 12.047031 113 116 123
1.097823 5.289297 12.088655 99 101 90
6.784996 -14.789476 43.709919 40 41 37
3.134589 -10.449938 36.526236 102 102 110
-2.428203 -8.503207 32.172420 92 106 71
5.443959 -8.073204 32.490548 50 67 37
0.875853 -7.580880 32.202426 165 165 149
-4.840529 -6.322673 28.079402 98 79 75
2.534779 -5.458448 28.211350 110 114 124
-5.363276 -5.517540 28.804039 53 36 42
-2.449304 -4.676822 27.148194 33 31 40
5.138667 -3.995849 28.627907 124 124 96
4.503394 -2.700071 26.150453 108 127 46
3.047168 -1.180900 21.569780 30 42 28
1.716344 -1.245062 22.638931 91 100 55
2.994665 -0.879222 21.305981 67 91 30
-1.343533 -0.642835 20.038351 110 105 101
-1.788052 0.211687 19.441152 131 131 135
3.395911 0.490504 20.022592 46 65 27
-0.840724 0.850708 18.927470 179 166 157
2.790379 1.883135 16.072956 93 115 42
-1.256830 2.087335 16.434359 76 84 95
-2.790921 2.794883 15.078536 22 12 13
2.320142 2.876147 14.047838 81 79 80
-2.250350 4.135217 12.569751 62 64 68
2.772854 4.344574 12.519485 73 71 76
2.338097 4.598821 12.786370 42 40 42
2.745870 5.120380 12.445777 80 62 65
2.007662 5.136473 12.321711 166 164 165
1.048674 5.111450 12.168833 80 77 82
-5.842887 -9.389606 34.915335 92 95 94
-5.242505 -8.121905 33.210351 65 54 58
-5.242505 -8.121905 33.210351 65 54 58
1.121308 -7.036528 30.283632 108 102 72
5.016201 -2.757195 25.981546 56 68 30
2.661477 -1.157159 23.184913 29 42 24
1.437641 -0.849492 21.787388 70 91 34
0.687237 -0.331230 20.616555 204 204 216
3.329323 1.214202 17.935440 43 57 21
3.081340 1.630664 17.800919 40 50 32
2.474653 2.641781 16.130313 165 169 170
-2.491033 3.068786 14.321967 86 64 66
2.526782 2.994991 13.465192 63 63 74
-0.450203 3.263605 14.844986 112 113 117
-0.387690 3.527882 14.604765 91 94 102
1.877927 3.580412 13.756634 245 246 241
-0.192629 3.925368 13.548066 56 20 13
2.723770 4.527060 12.577911 58 58 65
0.470185 4.650977 12.403596 103 103 99
0.697729 4.738145 12.667710 34 42 52
1.971824 4.781696 12.700769 33 28 35
1.884000 5.053206 12.511895 135 133 134
4.871727 -10.409131 37.413883 205 175 187
-0.252497 -9.399494 35.517219 126 120 124
-0.402057 -8.468210 34.387988 52 50 37
1.822233 -5.950085 29.413112 188 166 153
-2.770509 -3.478385 23.506010 98 81 74
0.985752 -1.588339 23.153023 66 52 41
3.977381 -1.240214 23.090872 37 45 24
3.977381 -1.240214 23.090872 37 45 24
2.081363 -0.591600 20.408526 101 120 46
-0.632469 -0.290218 19.001641 165 164 162
1.551961 0.602322 19.297118 74 90 41
-2.134834 1.593724 17.535713 165 156 159
-1.803961 3.102474 13.410340 104 88 88
-1.752064 3.590888 13.599009 196 207 209
-2.016761 3.966932 12.849979 125 126 131
-0.092145 3.905362 12.387373 154 169 176
-1.720226 3.980935 10.826448 49 53 38
0.744726 4.791907 12.567611 171 184 203
0.817637 5.265720 12.078580 78 81 86
3.480295 0.752709 19.394904 33 44 10
1.798945 2.320449 14.454551 138 126 126
-1.711944 3.927534 13.358083 41 36 40
-0.859496 4.351644 13.029023 84 86 68
-0.609388 4.154183 11.541834 79 76 77
3.492294 -8.637910 34.245363 39 62 36
-4.554938 -2.985595 24.862535 58 70 100
-0.507895 1.319540 18.038325 196 180 155
-0.981725 1.484349 17.473973 72 79 87
2.793668 2.949506 15.622156 23 36 16
-1.751423 3.223188 13.373213 214 215 220
-2.437553 -13.205461 40.377297 88 83 81
4.462042 -6.417154 30.323866 58 76 36
4.462042 -6.417154 30.323866 58 76 36
2.787566 -3.510763 24.618028 48 62 36
4.800575 -3.933369 27.900422 111 109 87
2.259265 1.301635 17.403391 50 67 31
3.649137 -7.340976 31.596338 123 122 130
-3.076676 -4.499063 24.051824 114 100 100
1.878550 0.758617 16.914153 74 80 45
2.908438 2.551188 16.248116 23 22 21
-2.031584 4.343854 12.711479 37 38 31
2.791678 -1.589492 21.734918 21 33 21
-4.321301 -11.230158 37.645270 192 204 196
2.792792 -2.410839 21.633674 30 53 11
-1.269494 -9.392364 35.592694 56 57 60
-1.239709 -6.961064 28.734003 31 50 18
2.643693 -5.266551 28.030249 60 65 87
-1.200491 4.092152 13.450078 45 44 35
-1.829311 -3.626707 25.932539 121 117 111
1.190927 0.287537 19.993058 126 100 65
0.197473 0.773989 17.313111 133 131 131
-0.808629 0.908728 18.782950 173 161 148
0.341491 1.974864 16.671278 193 193 199
3.690762 -10.697133 37.325858 95 95 103
2.505341 -5.363949 28.152290 91 100 122
-3.373515 -0.287738 20.430688 93 91 96
2.219289 2.851293 13.875207 154 148 144
-4.585728 -7.154318 31.429547 84 90 96
-1.032129 1.210155 18.193798 155 149 149
0.500125 2.233446 15.947967 88 91 55
-3.204814 0.303202 19.221696 55 47 53
-0.463809 1.456944 17.621333 191 171 156
-1.374349 -3.674054 26.094722 142 141 129
-1.152475 0.791120 18.878272 40 35 31
3.319924 0.386843 20.124277 49 57 44
1.931255 3.894017 13.976303 244 235 229
2.768812 2.046556 16.439002 65 86 28
5.229526 -3.752559 27.812081 76 90 39
2.469199 -12.005144 39.927885 62 50 59
-7.973094 -12.683184 40.271082 168 175 181
-4.234650 -11.477482 37.961979 207 220 213
-3.006173 -11.506104 38.256034 160 170 172
-6.174242 -11.139258 37.089015 219 224 230
-6.148699 -11.148592 37.303868 74 74 84
-6.528336 -10.682857 36.687471 172 177 181
6.607247 -11.681189 40.268787 142 142 140
-6.776715 -10.446454 36.369281 94 83 80
5.153161 -10.748039 37.791436 227 226 227
-5.825937 -10.411065 37.119149 175 176 180
1.506411 -8.964249 34.247638 46 64 15
-0.614411 -6.870412 28.801555 56 71 52
6.432932 -7.812698 33.948640 48 45 54
3.750991 -6.638606 30.780644 54 46 57
5.241361 -5.372614 29.151037 231 218 213
3.822887 -5.206068 28.451213 56 43 42
3.822887 -5.206068 28.451213 56 43 42
0.187759 -5.496193 29.513991 130 135 131
4.761873 -5.264768 28.954056 237 224 216
4.572640 -3.475739 27.314885 137 138 106
2.677364 -1.750000 21.489631 49 64 45
3.269795 -1.066421 20.986585 24 40 4
0.845460 -1.359206 23.047595 121 116 97
4.224033 -1.255842 22.682101 49 62 26
3.804724 -0.285910 20.765506 108 118 50
-2.407513 0.770013 18.490666 17 19 35
3.646042 0.707208 19.764259 90 110 75
2.734562 1.211090 19.086992 115 114 110
0.689591 2.234617 15.870299 254 250 252
2.574418 3.054541 13.545189 135 134 139
2.496987 3.205076 13.226984 141 130 126
1.518639 3.734234 14.501648 120 105 110
-1.521782 4.066422 13.487720 43 45 24
-1.105276 4.375194 10.895513 37 36 42
2.300630 4.506766 12.756975 106 104 109
-1.036632 4.400584 10.943869 58 57 62
2.815736 4.985842 12.605222 179 180 187
6.974723 -13.722488 42.419137 81 84 89
5.921218 -13.362756 42.259350 136 136 138
-6.279588 -11.136392 37.309970 86 86 94
-6.279588 -11.136392 37.309970 86 86 94
0.443659 -7.628046 31.949403 34 45 15
3.108511 -5.489691 28.350468 105 110 130
-3.225618 -4.628726 25.307591 107 89 87
-3.210561 -4.604638 25.211703 107 89 87
4.748053 -4.161358 28.336262 120 115 96
-1.907560 -2.130958 21.585211 136 131 140
-2.476727 -1.972849 21.970271 238 231 232
0.465573 -1.467259 22.780043 92 82 73
3.852226 -0.408367 20.697708 51 51 1
2.474452 2.961005 13.469045 134 122 122
-0.589470 3.009457 15.107544 80 83 90
-0.589520 3.744360 14.207295 59 54 46
2.489416 4.526291 12.602999 145 144 149
1.103554 5.035237 12.397322 194 197 202
1.355463 5.262695 12.087484 210 211 216
5.212088 -13.445778 41.758401 102 82 91
-4.349391 -12.005620 37.511764 220 214 218
7.438825 -13.500036 42.664531 102 93 104
-4.817859 -10.674681 37.372150 107 119 118
-6.347671 -10.149973 36.363196 53 53 60
-2.129299 -5.008156 27.674150 102 114 102
-2.353395 -4.445212 26.651247 172 178 151
0.516333 -3.727981 26.885036 71 76 44
2.186957 -0.535602 19.882212 104 121 51
2.115215 1.140854 17.226368 44 62 10
0.876816 1.457536 16.177298 132 131 136
2.826108 1.984655 16.066421 48 68 7
1.804583 3.566078 13.787635 187 186 188
-1.343837 4.146372 13.420660 63 56 30
-0.204074 4.164969 11.366493 192 196 205
2.602215 4.527817 12.543252 136 136 139
1.561290 4.786885 12.863187 122 121 117
1.601577 4.837403 12.785874 125 122 116
0.203919 4.829551 11.334255 101 110 117
6.928318 -13.180389 42.562039 165 165 175
-2.425257 -11.541563 38.505186 204 210 206
2.099443 -9.182600 33.939948 31 47 11
7.140771 -10.444249 38.226068 231 233 242
0.540678 -9.275294 35.707169 80 57 66
4.645559 -1.398601 22.639095 69 73 36
2.946762 2.052826 15.982596 40 58 11
3.211525 2.506113 15.334042 24 43 21
2.647522 3.279684 13.192282 151 149 146
1.311376 4.463758 13.426325 123 121 124
0.559584 4.454041 12.851692 224 232 242
-2.961742 -11.763058 38.058872 174 184 186
7.122452 -11.321581 38.550336 173 124 109
7.060355 -11.244613 39.020727 143 118 111
0.294738 -3.320676 26.018336 117 111 105
5.199622 -2.595834 25.874072 55 69 35
5.199622 -2.595834 25.874072 55 69 35
3.137324 -1.494375 21.075291 31 45 20
-0.496966 3.148435 15.140097 24 24 34
1.203739 4.137963 13.730555 109 107 108
2.758002 -12.660965 40.963811 49 52 61
-0.517910 -10.179387 35.741678 136 108 107
5.470709 -7.701198 31.708667 115 119 118
-4.432433 -7.407697 31.181305 52 65 43
-0.535309 -5.680159 29.347285 50 35 42
1.319765 2.767382 14.993186 99 89 88
6.738793 -12.056312 40.800338 146 147 152
-0.796942 -0.128476 18.932817 156 154 155
-0.045928 2.239663 16.332905 116 102 91
1.695488 3.208638 14.035763 87 81 81
2.537431 3.387263 13.107371 109 104 98
-1.476694 3.556658 13.759251 200 208 211
-6.039277 -9.398164 34.525943 90 95 91
-0.535447 -4.700129 28.098518 52 52 54
2.539796 4.414991 12.489161 216 213 213
-5.874815 -11.142912 37.535209 129 130 135
0.661159 -3.619344 25.640263 90 99 86
-6.777180 -11.012332 37.443392 78 77 81
0.707584 1.771426 16.024651 137 138 141
-0.034227 -10.010950 35.996138 119 117 121
-0.742769 1.297392 18.200620 78 52 42
-1.473812 -3.271565 25.420945 120 120 113
1.293284 4.290560 13.620402 121 116 118
-0.221149 -0.346040 18.856284 108 111 117
3.063072 -0.959468 20.949127 49 66 18
1.768077 -12.821355 40.148538 118 90 104
-7.745543 -12.771966 40.249874 119 124 128
5.606916 -8.536817 33.268916 26 52 6
2.175098 -8.512525 33.577951 70 83 66
5.799290 -8.368337 33.271939 66 87 53
5.235303 -5.365531 29.120802 241 231 223
7.368786 -4.545838 28.756938 70 74 39
4.638496 -4.532407 28.887852 59 73 50
1.062518 -3.459574 25.800757 188 188 198
-4.080621 -3.108488 24.829179 40 34 35
2.308838 -2.180856 21.808394 47 50 19
6.953222 -2.895631 26.004136 85 102 52
-1.404979 -1.645209 20.763363 226 212 209
6.733329 -2.285226 25.629059 71 96 30
3.223471 -1.303461 20.939045 50 60 19
3.206939 -1.214190 21.006882 52 65 19
6.273296 -1.722079 24.381380 93 104 55
3.257539 -0.962008 20.941982 34 48 12
3.287510 -0.914447 20.874044 72 84 48
4.388586 -1.207610 22.666280 133 144 114
1.332378 -0.749184 21.678466 46 62 21
4.621507 -0.861457 22.590497 48 56 35
0.496267 -0.585937 21.067724 33 50 19
4.877689 -0.598611 22.118226 99 100 99
3.585427 -0.490994 21.434544 22 30 1
4.543459 -0.531437 22.403063 64 79 49
-2.243609 -0.171346 19.920930 253 251 254
6.347352 -0.388601 21.933283 47 68 16
-2.050730 -0.182720 20.448983 146 144 149
-1.503004 -0.003498 19.865273 104 102 88
6.323934 -0.211887 21.902919 165 181 140
6.323934 -0.211887 21.902919 165 181 140
4.998980 -0.134506 21.670156 60 70 35
3.222239 0.165607 19.948363 59 70 41
-0.718256 0.438715 18.620137 245 241 238
0.777292 0.877864 16.712663 92 88 89
4.452667 0.551515 19.404613 63 76 50
5.949305 0.581488 20.309319 26 50 20
6.003468 0.594950 20.289146 207 225 208
3.881309 0.816535 18.592189 193 203 202
2.058204 1.053965 17.228635 88 109 60
2.058204 1.053965 17.228635 88 109 60
5.571007 0.701835 20.357124 41 63 26
1.493618 1.232990 16.387562 210 223 208
3.504058 1.662524 14.976854 27 52 10
3.515486 1.692618 15.089626 110 132 94
-0.548921 1.506979 17.606928 57 30 6
-0.043355 1.572505 17.096128 232 226 215
5.771938 1.464279 19.179030 140 136 120
3.403489 1.897541 15.155899 44 64 27
5.848858 1.563556 18.970404 113 111 95
5.848858 1.563556 18.970404 113 111 95
1.591574 1.981346 15.015865 80 77 78
3.433636 1.988399 15.153484 26 49 13
2.909849 1.933605 16.092699 81 104 46
-0.105994 1.949235 16.599133 94 97 70
-0.153636 2.007541 16.727941 54 46 23
0.851522 2.159513 15.519609 225 219 219
2.696113 2.383806 15.989917 75 101 56
3.768178 2.791544 14.843142 14 26 12
5.138715 2.912659 16.696621 62 53 54
1.149596 3.264491 15.029552 120 106 109
1.342867 3.339137 14.591046 107 102 109
-0.348394 3.593758 14.556774 164 165 170
3.939932 3.672302 14.711622 93 95 95
0.117853 3.788501 14.068006 66 66 82
1.802823 3.828560 13.663213 176 172 176
3.978079 3.997541 13.925178 40 41 46
3.255265 4.186804 12.684715 233 230 243
-1.209976 4.173972 11.045155 96 86 84
2.807774 4.253210 12.521828 101 100 106
2.807774 4.253210 12.521828 101 100 106
3.158816 4.302002 12.732491 179 188 191
2.120853 4.375229 13.252925 63 49 47
2.327608 4.522111 12.716093 242 240 245
1.922090 4.788516 12.817638 30 25 28
0.177086 4.797731 11.280209 214 222 225
0.177086 4.797731 11.280209 214 222 225
3.977453 4.910957 12.769137 227 215 223
2.875255 4.914069 12.594269 158 166 176
-0.470963 4.885213 10.928735 187 185 194
3.005860 5.000175 12.583607 122 114 112
0.224826 4.940511 11.397864 32 42 51
4.706130 5.031440 12.796185 13 16 21
4.269377 5.079930 12.434936 23 33 42
-0.182080 5.169003 11.297474 168 172 181
0.123977 5.236466 11.532490 171 175 186
-1.092945 5.179630 10.734456 236 239 244
-0.404596 5.232949 11.223491 184 184 194
0.322841 5.278771 11.844027 128 129 134
-0.428892 5.231865 11.152847 198 192 202
0.086673 5.273987 11.648561 17 19 31
-0.565696 5.247871 11.082817 61 70 79
-0.614151 5.258359 11.055784 77 83 93
-0.657648 5.265321 11.032206 37 39 48
0.081400 5.301190 11.518793 177 177 187
-0.631658 5.276842 11.034767 230 237 247
-0.715126 5.279563 10.998151 30 34 43
-1.073201 5.321998 10.853823 213 213 222
1.175370 5.438825 11.744237 84 77 71
2.244448 5.456019 11.863232 125 122 129
-1.075148 5.428339 11.035686 88 102 113
-1.046251 5.462826 11.005249 199 209 219
0.986118 5.709963 11.291735 128 128 126
3.908807 5.697401 9.682322 57 50 42
3.380561 5.733350 9.626531 116 116 114
2.691075 5.926351 9.056952 96 92 87
1.795418 5.935971 8.824168 105 99 99
1.071551 6.109123 8.363526 74 50 46
3.970644 6.274148 9.516523 209 208 200
3.688567 6.324523 9.356437 201 201 203
1.051863 6.304028 8.378620 82 80 81
3.240467 6.501768 9.222854 229 225 216
3.994717 6.624880 9.492907 117 104 96
1.978128 6.555994 8.525716 41 33 34
3.990022 6.869927 9.947577 112 99 93
0.568906 6.479018 7.723673 215 219 225
2.587091 6.708664 8.929038 119 108 106
3.300681 6.790123 9.048155 186 189 194
3.373606 6.828553 9.147574 200 213 213
2.314779 6.852559 8.945783 49 48 44
2.398848 6.871027 8.934383 221 219 230
2.319802 6.883742 8.977691 204 203 207
-0.028232 6.613315 7.492121 226 231 237
-0.028232 6.613315 7.492121 226 231 237
2.271368 6.891121 8.946046 219 213 209
-0.133882 6.658320 7.429641 65 62 67
-0.133882 6.658320 7.429641 65 62 67
2.358653 7.012664 9.036766 205 204 211
3.409444 7.088511 9.289114 83 85 84
2.050024 7.057576 8.916023 86 87 91
1.844482 7.058659 8.835227 222 224 224
1.558806 7.019316 8.612802 221 222 224
2.362043 7.158515 8.953575 181 176 194
3.788629 7.216724 9.140745 58 49 35
3.854001 7.235577 9.175800 141 131 133
1.609515 7.158676 8.743100 223 218 221
3.793238 7.220513 9.052571 213 202 188
4.034754 7.263312 9.238596 113 100 92
4.315618 7.238450 9.142082 141 132 123
0.372878 7.028930 7.965366 235 227 219
0.372878 7.028930 7.965366 235 227 219
1.494157 7.189321 8.706239 227 228 232
0.542368 7.156607 8.121203 127 117 107
3.999762 7.366301 9.007540 105 97 86
0.132847 7.239127 7.985772 215 206 211
0.469306 7.291844 8.180083 216 214 212
0.112782 7.253372 7.980526 73 66 72
2.760152 7.433249 8.797520 201 170 150
0.428871 7.320962 8.195417 82 82 85
1.490081 7.440015 8.590964 37 36 28
1.041153 7.442007 8.479543 197 191 195
2.410790 7.475292 8.666746 94 86 73
1.143769 7.458822 8.387182 219 221 220
0.645050 7.462699 8.336179 39 45 53
3.794421 -10.890356 37.081532 75 79 88
0.663434 -9.932745 36.311253 85 72 80
3.235019 -5.503283 28.382746 99 101 131
0.503320 -5.814444 29.792963 55 69 43
6.275201 -3.247861 27.119560 64 83 29
3.195434 -2.125802 21.894557 32 47 18
3.046438 -2.024905 21.453618 66 92 57
5.592456 -3.097830 26.720696 70 88 33
6.087812 -3.053618 26.596944 126 141 72
5.722206 -2.912638 26.693245 112 127 61
3.315536 -1.953415 22.173067 48 65 31
6.562590 -2.639373 25.867854 84 105 35
6.777920 -2.316374 25.511863 99 124 66
2.191042 -1.689768 22.311416 75 85 84
6.824778 -2.255845 25.410371 48 73 18
-0.482022 -1.143260 22.056612 63 59 50
-0.482022 -1.143260 22.056612 63 59 50
2.515656 -1.276987 23.159488 123 126 105
1.098551 -1.249433 23.010295 98 107 61
3.049643 -0.855463 20.893484 42 56 8
-0.348964 -0.518909 18.872739 142 145 151
0.070787 -0.718745 21.168732 29 31 19
0.131068 -0.675565 20.970670 42 47 28
5.855901 -1.024892 23.424117 77 77 41
4.677428 -0.871738 22.578027 83 91 68
2.995456 -0.622698 21.105625 33 54 7
2.103330 -0.420602 20.013579 78 91 28
4.873108 -0.890126 23.073268 51 54 39
4.544845 -0.664797 22.565393 105 119 93
4.208056 -0.359091 21.057169 102 111 55
-0.051752 0.066969 18.188393 146 133 129
6.456334 -0.432893 22.190069 120 143 77
6.456334 -0.432893 22.190069 120 143 77
1.053327 0.048491 19.784017 50 64 9
1.488213 0.018590 20.196705 58 72 48
3.560296 0.030464 20.450612 84 84 92
3.329393 0.092750 20.580902 160 161 156
-1.617855 0.371859 19.433104 133 127 130
5.529543 0.417755 20.568036 91 116 76
-1.154010 0.689583 18.933092 122 117 110
2.011247 1.212787 16.999480 79 97 49
3.812517 1.522233 15.502435 21 45 11
1.451858 1.792645 15.468448 104 99 98
0.103930 1.786854 16.454005 148 157 112
0.153957 1.883153 17.141973 56 45 45
3.401759 2.078957 15.107237 14 29 1
-1.248463 2.131153 16.361874 69 83 94
2.965220 2.294028 16.023242 70 95 55
0.967588 2.406581 15.418581 64 60 59
3.511366 2.500448 15.091068 17 31 10
3.864184 2.608151 15.128416 69 86 63
5.644152 2.508993 17.045765 35 22 31
3.239429 2.646518 15.599813 45 60 39
4.899435 2.603903 16.904511 59 57 65
5.360735 2.600881 17.017539 64 62 67
5.314883 2.749152 16.870986 31 34 24
4.790830 2.792865 16.859778 38 39 44
4.526510 2.802113 16.774730 75 65 53
4.892406 2.824045 16.801712 171 165 160
1.225633 2.922012 14.918042 243 241 245
4.735195 2.878568 16.680577 213 208 214
0.794344 2.969662 15.053621 76 63 17
4.745531 3.032494 16.494475 180 164 148
3.128105 3.088122 15.662115 51 55 41
0.579623 3.285951 14.342474 134 129 133
1.800863 3.526302 13.841031 176 170 172
3.570848 3.507032 15.190747 48 51 23
1.496028 3.551218 14.769954 86 68 69
4.082292 3.568686 14.790751 37 51 27
1.401953 3.589453 14.691832 125 118 112
1.624830 3.641721 14.354447 50 41 49
1.054901 3.769048 14.283001 125 119 126
1.825087 3.872742 14.166238 248 242 244
5.139105 3.961547 13.507301 43 46 53
-1.262751 4.160968 13.278033 158 132 115
-1.262751 4.160968 13.278033 158 132 115
4.250068 4.196276 13.178662 141 137 139
2.256069 4.213407 12.979067 249 240 235
3.293699 4.215991 12.722246 89 87 98
4.883274 4.256393 13.569954 213 204 212
4.914420 4.271190 13.464314 58 44 43
-1.186505 4.217725 10.978293 108 94 93
4.646214 4.305036 13.458827 197 196 201
3.929703 4.307520 12.942065 110 109 115
3.122483 4.313889 12.769683 71 76 80
4.047960 4.364447 12.957937 94 94 102
3.199498 4.416293 12.726163 59 49 52
3.127827 4.443538 12.704392 185 185 193
4.624430 4.487019 13.480886 42 31 37
2.894713 4.468230 12.684418 91 92 97
3.049844 4.582873 12.523866 120 121 123
1.927737 4.661739 12.796241 42 40 44
3.676199 4.682853 12.684919 139 134 135
0.770097 4.720975 12.666856 37 48 54
0.770097 4.720975 12.666856 37 48 54
3.099731 4.729652 12.456988 246 242 246
3.096564 4.827859 12.536708 129 119 118
2.822214 4.841896 12.533269 32 33 45
0.798390 4.894680 12.429163 36 40 52
2.725778 4.906867 12.635650 159 154 161
2.908317 4.916975 12.604250 30 26 33
3.159740 4.974627 12.358052 57 43 53
-1.045433 5.040280 10.643360 209 211 223
4.124296 5.210985 12.744520 24 24 34
3.898812 5.247476 12.369524 123 126 139
-0.932199 5.143622 10.831157 140 139 147
0.268477 5.224374 11.629784 4 6 16
0.603701 5.277491 11.707133 24 23 31
-0.907590 5.233449 10.965638 197 192 199
-1.012575 5.235113 10.891248 68 73 79
0.373135 5.306100 11.732823 128 131 136
-0.533716 5.261254 11.067707 195 206 212
-0.725244 5.296252 10.912806 207 212 219
-0.101404 5.382562 11.521477 20 20 28
-0.096633 5.422536 11.476866 32 31 34
0.483856 5.697703 11.041651 104 113 122
0.400751 5.745939 10.836696 33 37 54
0.404038 5.744602 10.839854 33 37 54
-0.076151 5.801165 10.793650 89 92 110
4.058526 5.720800 9.716991 96 82 69
2.660650 5.760211 9.220736 160 126 111
-0.701977 5.945790 10.478043 99 103 113
-0.823925 5.956698 10.289926 34 50 66
-0.654146 6.042430 10.514332 84 83 91
-0.789285 6.067915 10.325055 104 111 122
-0.789285 6.067915 10.325055 104 111 122
1.859743 6.013378 8.759239 114 108 108
0.028180 6.293134 9.986396 31 40 51
1.036602 6.085182 8.424849 172 151 146
0.124712 6.325132 9.896116 77 95 110
0.259852 6.188047 8.333063 99 100 103
3.801975 6.391529 9.491546 96 90 90
3.305740 6.358335 9.173915 213 219 230
3.782005 6.425606 9.472107 201 191 185
3.782005 6.425606 9.472107 201 191 185
3.357818 6.471827 9.267622 196 192 189
4.029789 6.625721 9.546753 82 72 71
-0.201021 6.385412 7.728750 38 42 51
3.696090 6.792645 9.713080 62 62 64
2.285450 6.695368 8.830097 189 185 176
2.285450 6.695368 8.830097 189 185 176
0.543306 6.512815 7.755797 43 48 52
3.883074 6.880521 9.745807 106 101 97
1.853618 6.765140 8.643175 224 219 217
3.115799 6.831716 8.966973 199 203 206
4.001446 6.966249 9.573020 131 119 113
1.631197 6.808930 8.522379 225 223 219
1.582145 6.819650 8.511280 224 222 226
2.169627 6.899051 8.893720 213 203 197
3.351494 6.965339 9.271752 66 73 81
1.444244 6.854076 8.460113 230 225 220
0.613605 6.775016 7.971871 121 125 129
2.045457 6.948262 8.836903 35 35 38
3.428253 7.079833 9.348110 34 40 40
0.453271 6.815965 7.903500 94 93 101
4.392745 7.119241 9.406575 27 43 7
0.432053 6.878556 7.928652 202 201 209
0.432053 6.878556 7.928652 202 201 209
1.468658 7.015060 8.573799 56 53 51
-0.272393 6.800410 7.478464 212 213 217
3.189031 7.142782 9.136604 159 156 151
4.274127 7.226568 9.355012 145 138 127
2.489702 7.191407 9.055873 136 133 140
4.294611 7.232089 9.236810 157 147 138
1.091463 7.087961 8.416931 73 74 86
0.110427 6.961098 7.779914 196 188 197
1.560050 7.162768 8.701534 211 215 219
3.739756 7.251429 9.051488 165 144 125
4.316234 7.283016 9.212679 88 77 71
4.316234 7.283016 9.212679 88 77 71
1.897229 7.249991 8.916337 151 142 135
0.268900 7.051572 7.926144 225 216 220
0.268900 7.051572 7.926144 225 216 220
2.620742 7.352682 8.801024 101 85 70
2.511652 7.381040 8.870729 151 141 132
0.455613 7.223286 8.110471 63 58 68
1.602225 7.377299 8.771374 61 62 48
2.430070 7.364023 8.714767 99 105 95
2.327204 7.374746 8.715466 159 165 155
2.327204 7.374746 8.715466 159 165 155
0.198620 7.262016 8.028286 205 200 206
1.627035 7.399030 8.643257 69 70 60
1.301014 7.310015 8.164643 62 52 59
1.082476 7.418844 8.529057 122 120 128
2.445103 7.466157 8.695351 154 151 136
0.904188 7.426497 8.452708 186 180 190
2.378187 7.517419 8.641081 113 107 95
0.916605 -12.588410 40.190284 152 155 164
-3.924290 -11.784430 38.017691 89 89 97
6.568636 -13.180242 42.427371 139 143 154
-4.196985 -10.532329 36.812341 196 207 203
-4.537818 -7.100955 31.231340 100 105 110
-2.067682 -5.648132 28.738234 24 48 19
-4.369611 -4.779717 26.825780 124 123 119
7.280828 -4.708870 29.486996 73 74 44
6.264953 -3.621365 27.575140 81 104 58
2.705179 -2.188181 21.170619 34 58 8
0.954109 -2.877454 24.625846 93 80 87
7.021684 -3.245171 26.702251 100 129 63
6.444017 -3.217621 26.893489 94 118 54
7.037798 -3.072867 26.317949 75 97 33
5.799785 -3.015250 26.573922 112 123 63
6.831952 -2.908552 26.284311 143 150 134
2.613787 -1.866384 21.214564 87 106 74
2.210326 -2.144463 22.768510 105 118 85
3.900778 -2.727904 25.639185 62 88 25
6.894863 -2.714427 25.763146 171 178 170
5.388291 -2.526541 25.746743 104 124 62
2.203290 -1.770973 22.373918 192 204 194
2.203290 -1.770973 22.373918 192 204 194
5.803528 -1.960653 24.567090 70 99 19
6.073062 -1.706357 24.116226 110 122 84
3.746841 -1.588233 24.038255 45 62 26
0.509963 -1.281336 22.586039 56 59 40
0.509963 -1.281336 22.586039 56 59 40
2.508326 -0.874425 21.759355 86 104 52
0.152527 -0.785967 21.325394 109 123 90
-1.320041 -0.502492 19.675555 250 246 244
5.204983 -0.846745 22.754375 62 75 49
4.932913 -0.642545 22.141928 69 71 67
-0.074004 0.024429 18.060768 88 69 71
4.136667 -0.286916 20.828867 51 58 8
6.244917 -0.528415 22.456589 116 114 91
0.362152 -0.043676 19.531739 60 34 41
-2.910699 0.081933 19.789312 43 47 54
-0.691382 0.301086 18.448383 214 204 203
-2.841267 0.181613 19.567804 157 164 175
-1.640291 0.516523 19.194393 41 43 57
4.309446 0.532120 19.439153 80 98 72
5.277692 0.427980 20.959082 82 78 45
5.006287 0.573509 20.353023 137 123 88
6.110008 0.573934 20.420133 181 200 190
4.402999 0.685975 19.553625 25 48 22
3.777968 0.835205 18.494886 207 214 222
3.980522 0.814309 18.875560 195 205 196
1.570967 0.956089 17.643386 97 121 58
5.765558 0.774244 20.046720 142 158 136
1.997894 1.117614 17.279431 38 58 7
4.748643 1.015491 19.327610 99 121 79
-2.006135 1.171833 17.975232 79 83 95
-2.006135 1.171833 17.975232 79 83 95
5.661502 1.153555 19.432853 136 146 128
5.867490 1.106792 20.015916 67 70 51
0.270698 1.539313 16.365215 237 237 241
5.263824 1.255637 19.421225 44 49 34
3.998744 1.786107 14.845883 11 31 12
5.772438 1.573910 18.812831 54 56 34
0.023859 1.780251 16.537620 48 55 13
2.874018 2.007061 16.067226 73 94 38
-1.214080 2.005100 16.444727 214 221 232
3.450845 2.175198 15.012506 69 90 59
0.581418 2.109242 16.138644 232 231 236
0.641625 2.194412 16.046526 249 250 248
0.036379 2.165855 16.893557 38 41 24
4.322418 2.241991 16.210157 23 38 15
3.519011 2.444605 14.965304 22 37 14
-1.694079 2.507364 14.006676 115 105 96
1.032428 2.548063 15.165624 67 64 73
3.544233 2.569259 15.037097 19 32 14
0.957184 2.571587 15.530966 242 241 248
3.634672 2.667131 14.847354 79 95 68
5.543564 2.554405 17.042855 23 23 21
5.440193 2.575009 17.111798 35 33 38
3.630417 2.714096 15.158026 9 22 2
4.719962 2.653414 16.785504 30 33 38
5.414045 2.644152 16.894653 209 209 208
0.847655 2.732575 15.782995 171 163 164
5.295096 2.881252 16.387486 128 131 111
-0.576229 2.960506 14.990900 236 241 252
4.681254 2.938766 16.603322 105 92 80
3.021667 3.056992 15.585798 129 131 126
3.021667 3.056992 15.585798 129 131 126
1.582445 3.173977 14.100169 228 223 217
0.750056 3.300970 14.471635 239 237 243
0.571061 3.333766 14.403760 249 249 251
0.530216 3.390048 14.443160 53 53 63
0.896362 3.626269 14.118805 168 172 177
-1.356162 3.642855 13.670003 44 37 44
4.163675 3.693159 14.735938 28 30 29
1.836607 3.806889 13.886566 248 242 243
3.365556 3.987834 12.632175 70 72 71
3.919039 4.109853 13.183230 85 85 90
-0.217987 4.204508 11.334394 107 111 122
3.207506 4.289850 12.746873 43 53 62
3.434055 4.375254 12.902347 79 81 86
3.615781 4.524959 12.757700 128 129 135
3.950631 4.553017 12.698848 97 80 75
0.686072 4.743101 12.659871 72 76 88
0.686072 4.743101 12.659871 72 76 88
3.277960 4.840217 12.546391 160 148 151
0.789154 4.840054 12.215349 31 37 48
4.750630 5.002249 12.719330 225 231 238
4.388460 5.017685 12.602836 210 218 229
1.034260 4.995988 12.169256 206 210 219
1.075417 5.019759 12.228222 104 107 115
1.075417 5.019759 12.228222 104 107 115
1.767793 5.054653 12.461448 129 127 129
2.710775 5.075090 12.293687 80 69 64
3.871908 5.116961 12.342637 36 42 55
0.499214 5.103323 11.895867 12 19 32
-0.758393 5.086637 10.819139 171 181 183
0.224839 5.140512 11.588164 165 169 180
1.228773 5.183345 12.140560 117 120 127
-0.078860 5.162873 11.363419 33 36 45
2.990169 5.220685 12.186864 110 109 115
-0.865709 5.166396 10.887390 74 78 85
-0.865709 5.166396 10.887390 74 78 85
-0.123857 5.216810 11.397191 159 157 168
-0.352203 5.221583 11.203936 165 174 181
0.185464 5.297946 11.575966 32 39 49
-1.059257 5.250664 10.898363 199 203 206
-1.059985 5.346390 10.817628 187 189 202
-1.059985 5.346390 10.817628 187 189 202
-0.808794 5.616868 10.882992 30 39 19
-0.934008 5.648933 10.743101 112 122 132
-0.023662 5.718374 11.125956 139 137 138
3.881907 5.567125 9.708205 79 66 58
-1.017683 5.697430 10.698915 24 34 46
0.458938 5.727405 10.860667 29 33 45
0.133810 5.867208 10.812303 29 28 34
-0.370360 5.973355 10.449423 180 180 190
0.271922 6.098294 10.529889 92 92 100
2.415356 5.901525 8.979537 97 71 73
2.446769 5.937719 9.002348 155 145 143
4.414277 6.176336 9.670173 82 83 88
1.489401 6.054185 8.621669 112 102 108
3.799737 6.272589 9.414768 64 58 58
3.657733 6.296266 9.339097 50 49 54
3.326389 6.307437 9.118849 75 75 87
4.051441 6.417769 9.624847 67 54 38
3.837154 6.419277 9.528466 223 217 213
3.837154 6.419277 9.528466 223 217 213
3.335693 6.387530 9.189920 116 120 129
3.154356 6.391170 9.103049 189 189 192
4.030622 6.495653 9.732208 115 107 87
3.313206 6.488022 9.284008 226 225 231
2.457976 6.494169 8.797249 43 43 50
2.959671 6.562932 9.105020 214 211 199
-0.304137 6.385202 7.830603 69 55 65
2.359102 6.545249 8.780921 181 192 199
3.279025 6.678924 9.220625 155 158 165
1.835552 6.599389 8.518339 90 91 91
2.349749 6.672757 8.841401 200 199 209
2.119946 6.730948 8.756885 206 206 212
2.119946 6.730948 8.756885 206 206 212
0.535748 6.565946 7.757144 28 32 35
2.059808 6.744516 8.726938 199 192 184
3.972497 6.924347 9.620850 109 101 94
2.003289 6.776912 8.706193 170 158 146
0.495717 6.620814 7.822428 122 125 130
1.800722 6.768112 8.593281 221 218 225
3.573530 6.956166 9.613045 118 114 115
1.740984 6.788345 8.594475 226 212 212
3.213583 6.884132 9.104310 205 210 216
3.453952 6.925543 9.276498 47 52 58
3.125938 6.895614 9.044630 204 209 212
-0.071544 6.615164 7.542944 29 30 38
3.471626 6.953508 9.259607 223 225 233
4.236959 6.982296 9.376194 137 130 126
2.294818 6.923837 8.974391 62 61 68
1.796003 6.948457 8.707603 211 211 222
1.051284 6.883377 8.312096 133 146 154
0.563754 6.836111 7.938248 127 123 114
1.073868 6.907525 8.273108 211 221 232
1.073868 6.907525 8.273108 211 221 232
0.587735 6.858046 7.996310 32 28 31
0.611807 6.885998 8.000270 147 149 158
3.042536 7.122430 9.156382 171 174 179
3.978680 7.166016 9.356478 171 151 144
3.469116 7.153550 9.250759 137 134 128
4.114935 7.176965 9.367789 145 134 128
-0.014843 6.856700 7.654384 43 46 53
0.217854 6.929050 7.824167 212 211 219
0.973510 7.070435 8.332101 154 166 178
4.225861 7.282014 9.241627 142 132 123
0.973343 7.111959 8.341396 201 214 223
3.344109 7.311285 9.200330 107 104 69
0.214634 7.064122 7.914394 224 214 223
0.214634 7.064122 7.914394 224 214 223
0.091574 7.075297 7.925574 91 85 92
3.113924 7.302029 8.995230 93 93 84
0.141522 7.083161 7.886950 221 215 222
0.141522 7.083161 7.886950 221 215 222
-0.345991 7.019408 7.577018 209 214 220
0.080716 7.095959 7.854168 220 211 212
4.139875 7.387595 9.054440 126 119 109
4.212086 7.424851 9.050672 116 107 92
1.926485 7.376172 8.732390 160 153 143
1.509254 7.418812 8.628736 114 111 106
-0.081753 7.261606 7.861773 97 98 93
3.927297 7.397485 8.557633 178 161 145
-0.145642 7.252177 7.786619 62 67 71
2.831430 7.430569 8.569172 193 166 137
-0.115018 7.294485 7.864379 201 205 205
3.803972 7.481812 8.749558 34 39 12
0.220666 7.366398 8.128848 80 68 80
-0.147066 7.304291 7.842413 179 182 187
0.242941 7.398944 8.141381 220 211 214
0.581560 7.431220 8.211304 141 140 135
3.855210 7.554234 8.730163 48 46 19
3.560812 7.575804 8.771491 78 68 54
0.456032 -9.549032 35.611837 148 128 107
6.336148 -8.159250 33.565684 100 118 77
7.027298 -4.187695 28.351238 93 112 57
4.647615 -3.667751 27.051677 114 121 90
6.024773 -3.417581 26.805494 70 96 49
6.024773 -3.417581 26.805494 70 96 49
5.946712 -3.478147 27.136632 27 49 8
2.467729 -2.289388 21.855955 116 137 85
3.452562 -2.228846 22.397662 86 105 59
5.985153 -2.928302 26.434536 127 141 66
6.508011 -2.775408 26.281090 112 132 63
6.745507 -2.670783 25.952905 157 165 142
7.018549 -2.808472 26.692033 55 67 48
4.402917 -2.534717 25.249388 137 150 78
4.194430 -1.727344 22.977778 124 142 90
4.610357 -1.295665 22.717635 89 97 62
2.946342 -1.087882 21.823279 24 38 16
4.813187 -0.814104 22.918204 92 99 86
4.980983 -0.627090 21.953439 204 210 198
2.039117 -0.495055 20.990579 86 105 51
6.446607 -0.592399 22.246712 75 96 38
-1.630504 -0.380838 20.673972 82 67 60
6.112886 -0.572062 22.575005 179 175 162
5.285235 -0.444606 22.384207 59 69 41
5.936150 -0.411520 22.347721 99 107 65
1.404987 0.032690 19.945530 25 41 12
4.807233 -0.194378 21.773051 60 67 33
0.530958 0.201282 19.476453 46 41 41
4.095737 0.138574 20.438971 187 187 197
5.432272 -0.047184 21.927440 72 87 63
-2.992179 0.258350 19.520002 145 143 154
5.491956 0.209182 20.920506 90 107 91
-1.612997 0.484350 18.788401 135 141 156
2.610538 0.419599 20.121670 28 35 26
4.129015 0.715415 19.567431 175 189 178
2.421154 0.824872 19.078732 97 85 58
-2.226054 0.915409 18.421121 29 32 37
-0.814546 1.096634 18.191226 68 34 28
5.734508 1.035147 19.865580 42 54 32
5.240892 1.120425 19.406479 33 48 25
3.818106 1.603027 15.194144 52 73 42
3.581787 1.632257 14.971672 73 100 62
3.903762 1.618863 15.140417 20 44 10
5.222709 1.201816 19.329300 110 114 97
-0.370560 1.422579 17.897189 196 174 159
-0.010230 1.730600 16.394325 153 157 103
5.383365 1.500695 19.245899 119 91 93
3.574308 1.995721 15.008417 18 38 11
-0.178874 1.817192 16.949440 122 116 96
0.135232 1.841411 16.918423 183 182 180
5.764516 1.740510 18.728392 168 152 139
3.759842 2.104100 14.694489 18 34 8
3.717409 2.233436 14.532276 23 47 15
3.858804 2.232233 14.682513 19 35 17
4.518697 2.188211 16.324719 41 58 25
3.743545 2.327118 14.740741 21 36 13
2.116355 2.253060 16.091650 29 36 22
3.718656 2.576299 15.237642 24 38 24
3.293280 2.673794 15.387769 18 31 21
5.294305 2.607201 16.996626 166 164 169
3.518184 2.729088 14.785057 17 30 16
5.579861 2.611783 17.050995 218 217 212
5.325790 2.710839 16.847905 27 27 25
4.877067 2.753044 16.784937 32 25 32
5.006563 2.899868 16.795217 80 66 58
4.398195 3.001161 16.528515 60 60 48
4.512985 3.224414 15.982580 78 70 59
3.763695 3.438427 15.409577 42 46 30
0.887826 3.501403 14.259829 252 252 252
4.420213 3.626082 14.308707 102 102 82
4.610061 3.728098 14.655185 78 73 75
-1.471385 3.852397 13.519455 99 88 92
3.907356 3.953425 13.716917 146 146 148
4.417339 4.233944 13.543540 89 89 91
3.538536 4.367280 12.918170 66 64 65
4.868424 4.672248 13.171166 34 33 32
2.476052 4.788597 12.632478 29 29 34
0.719393 4.790302 12.545559 188 192 204
0.719393 4.790302 12.545559 188 192 204
4.710492 4.862053 13.140863 65 43 45
-0.152845 4.876998 11.193333 28 35 43
3.974791 5.003785 12.824714 142 147 153
4.055710 5.035740 12.735376 96 95 103
4.107187 5.054443 12.630501 198 196 201
3.892703 5.076055 12.457470 129 135 152
-0.114642 5.091474 11.314794 55 61 71
0.594339 5.156353 12.023454 109 126 146
1.019632 5.184224 12.222084 100 96 97
-0.119216 5.167332 11.324325 161 165 175
-1.048633 5.158951 10.774346 212 214 225
0.717222 5.266368 11.755785 24 20 34
1.639624 5.358299 11.862552 99 100 105
-0.538564 5.398992 11.197466 189 186 197
-1.071465 5.485051 10.953013 192 202 211
1.170261 5.585036 11.205421 144 137 133
-0.847795 5.582737 10.883716 128 130 116
-0.847795 5.582737 10.883716 128 130 116
-0.814466 5.657331 10.790854 136 136 141
-0.065524 5.747109 10.813736 36 39 43
0.681646 5.821420 10.983752 149 149 149
-0.264840 5.847899 10.598112 170 170 182
3.929799 5.748625 9.616973 54 41 41
-0.429610 5.986620 10.514111 66 64 75
0.294612 6.054524 10.566812 172 172 180
0.926169 6.063830 10.664340 189 187 191
2.369263 5.861538 9.041539 177 151 144
4.099885 6.027007 9.287870 71 62 62
3.877439 6.250139 9.424741 84 82 85
3.190895 6.343233 9.047346 40 39 41
4.127243 6.633183 9.646566 90 88 89
3.619289 6.668593 9.486884 62 56 67
4.255459 6.764505 9.484484 85 61 64
1.943060 6.604578 8.563731 116 112 102
2.152114 6.631816 8.705674 65 63 75
2.993129 6.716263 9.157363 74 78 81
3.624407 6.817384 9.672635 51 51 51
3.105043 6.736849 9.102767 105 110 116
3.105043 6.736849 9.102767 105 110 116
3.024998 6.814399 9.330224 97 107 109
1.822940 6.746922 8.741106 127 130 139
3.063303 6.806900 9.013541 120 125 131
3.258076 6.900395 9.125198 108 113 119
3.169212 6.921085 9.087221 90 98 104
0.571856 6.727064 7.976125 35 38 45
2.362174 6.946520 9.061826 37 33 48
2.078200 6.929975 8.876116 198 192 198
3.731099 6.999344 9.252097 181 179 182
3.080048 6.987855 9.046617 81 86 92
2.328454 7.021223 9.029401 195 194 199
0.395283 6.803572 7.851296 97 100 106
3.209973 7.089150 9.204907 211 216 220
3.209973 7.089150 9.204907 211 216 220
4.284608 7.144712 9.425154 101 101 87
2.996523 7.143476 9.212771 35 34 39
0.911262 6.943551 8.202391 210 223 231
2.232465 7.136207 9.090606 102 95 85
2.028765 7.098587 8.892546 167 162 161
4.168771 7.172959 9.311648 100 87 79
2.159759 7.173972 9.069340 79 71 68
4.152427 7.225171 9.338483 143 124 117
0.685895 6.999857 8.124943 212 226 234
0.685895 6.999857 8.124943 212 226 234
2.086933 7.188564 9.031774 69 63 63
3.086681 7.165564 8.961000 119 135 134
3.086681 7.165564 8.961000 119 135 134
0.135286 6.960217 7.798399 180 175 181
0.238456 7.028220 7.938880 85 77 88
1.354676 7.127978 8.407550 100 91 88
0.149724 7.063501 8.012399 100 87 97
2.284321 7.198910 8.616858 210 212 213
3.019900 7.270043 8.851165 24 24 27
0.565862 7.120187 8.097803 31 24 22
1.862201 7.277099 8.800682 140 132 129
4.264455 7.345217 9.149251 69 60 45
4.009203 7.331504 9.025999 105 97 87
4.326498 7.390888 9.211684 116 109 81
0.420719 7.192526 8.110106 200 194 206
1.460946 7.308288 8.478664 155 146 137
3.817042 7.352441 8.622004 38 45 4
2.297034 7.424234 8.742742 55 53 40
2.918806 7.474309 8.708673 180 161 147
1.118016 7.432561 8.487436 211 212 217
0.294662 7.365719 8.125007 139 128 125
0.560147 7.385126 8.220752 25 19 18
2.637906 7.454903 8.528297 42 31 42
0.136006 7.401171 8.202183 74 72 82
0.702864 -10.215324 36.025304 108 103 107
4.993785 -10.590653 37.701188 121 93 104
-0.156009 -5.456144 28.955362 119 125 121
7.454841 -4.680020 29.581174 98 97 67
6.394260 -4.078094 28.173541 38 64 17
5.080276 -3.798062 27.666714 114 119 84
6.201879 -3.422502 27.184049 20 42 4
5.899905 -3.108299 26.667901 65 81 23
5.510584 -2.985090 26.345707 75 90 35
7.061364 -2.530645 25.702920 57 73 32
6.792398 -2.583297 26.188223 77 96 51
3.056486 -1.396793 21.621929 27 33 23
6.000863 -1.722052 24.442662 62 80 29
6.424258 -1.686015 24.430028 83 94 34
-0.436810 -1.054485 21.713825 68 62 54
-0.084441 -1.121225 22.272364 103 106 75
1.450500 -0.798220 21.433181 88 101 63
5.983193 -0.535153 22.448964 68 70 56
1.408142 -0.332286 21.005708 66 70 36
1.408142 -0.332286 21.005708 66 70 36
4.267466 0.090563 21.060158 42 42 46
5.627374 0.031266 21.568575 67 88 42
5.722503 0.505549 20.208694 103 128 97
6.073479 0.590969 20.386783 182 200 197
2.793057 0.615929 20.097321 58 65 26
3.606298 0.718020 19.959701 65 84 40
3.273015 0.835009 19.725983 120 118 93
4.425624 0.868395 19.737639 81 107 62
4.578998 0.993641 19.149960 87 112 71
5.054751 1.087044 19.341765 81 102 58
3.649088 1.697831 14.950087 29 45 18
1.552908 1.500929 17.554222 22 34 17
-1.840156 1.522794 17.348702 153 153 155
0.053551 1.693274 16.671448 102 111 67
1.956339 1.774870 17.815994 32 28 19
5.586967 1.973894 17.465335 99 79 81
3.593444 2.262534 14.979881 15 30 7
0.451828 2.231317 15.497220 163 170 136
0.291120 2.216951 16.228332 66 81 38
-1.262762 2.355307 14.613264 159 154 158
3.506127 2.356472 14.904353 84 102 75
3.806940 2.659323 15.209005 14 27 10
3.806940 2.659323 15.209005 14 27 10
4.050345 2.666082 15.120417 21 37 8
3.717054 2.742853 14.822010 55 69 48
3.717054 2.742853 14.822010 55 69 48
0.542321 2.712856 15.526341 89 111 46
3.672005 2.824769 15.050526 18 31 14
4.699595 2.748285 16.721661 159 159 164
0.822284 2.963144 16.134395 104 93 96
4.083962 3.083617 15.338295 143 144 131
4.083962 3.083617 15.338295 143 144 131
3.401738 3.169960 15.375290 16 29 14
0.748907 3.265113 15.150771 42 39 50
3.349212 3.256954 15.211933 84 104 64
2.656195 3.492891 12.916283 116 105 104
-0.410082 3.526613 14.789147 98 98 110
-0.370961 3.624836 14.298995 156 157 163
4.580572 3.654050 14.795849 202 190 175
4.580572 3.654050 14.795849 202 190 175
1.866721 3.781429 13.783290 247 242 239
3.296107 3.945098 12.562600 70 70 70
4.331921 4.145472 13.382952 102 100 103
3.634960 4.152353 12.864647 165 175 175
2.205984 4.184653 13.117991 240 226 223
3.812939 4.363310 12.915073 122 123 126
4.565544 4.383227 13.409222 106 81 77
2.761000 4.439133 12.549234 209 208 216
3.724313 4.506884 12.804091 91 91 93
0.174369 4.529609 13.013770 199 198 196
3.375590 4.768939 12.634298 94 70 61
3.716955 4.772561 12.683204 93 75 75
4.280421 4.927138 12.687325 95 72 69
-0.344706 4.884164 11.033428 144 159 159
4.177930 5.032339 12.445848 56 67 79
4.177930 5.032339 12.445848 56 67 79
-0.731071 4.986400 10.842939 230 236 236
4.218356 5.118346 12.477681 218 222 233
4.757917 5.155606 12.736362 128 132 139
-0.254841 5.123339 11.263584 39 31 46
3.934632 5.209777 12.433220 41 45 54
3.934632 5.209777 12.433220 41 45 54
0.289093 5.310184 11.681406 78 81 88
-0.213301 5.486801 11.364268 107 110 101
-0.213301 5.486801 11.364268 107 110 101
-0.916231 5.646804 10.925883 32 29 38
-0.095270 5.708477 11.021105 135 136 130
0.221438 5.898628 10.761026 35 35 45
-0.806796 5.897979 10.401903 35 46 64
-0.806796 5.897979 10.401903 35 46 64
-0.878276 5.912612 10.359431 176 201 219
-0.878276 5.912612 10.359431 176 201 219
0.223250 5.967820 10.709800 209 208 213
-0.736230 5.946907 10.431614 185 201 220
0.289547 6.003339 10.657857 128 123 129
0.211331 6.034003 10.681744 91 91 99
4.080588 5.937103 9.643679 55 46 41
3.493690 6.310433 9.248177 55 49 49
2.576211 6.618673 8.913606 127 111 96
3.943635 6.773182 9.750643 123 114 112
1.989877 6.590511 8.626755 75 67 66
3.561560 6.909945 9.634631 56 51 55
2.837398 6.845478 9.025716 100 90 78
1.683434 6.758175 8.510543 134 119 99
1.683434 6.758175 8.510543 134 119 99
3.926510 6.980329 9.713768 98 80 76
3.520865 6.973600 9.289757 24 23 26
2.404889 6.996650 9.068540 172 169 178
0.440196 6.754865 7.803093 32 32 40
2.124284 6.993510 8.955893 52 40 52
2.124284 6.993510 8.955893 52 40 52
4.097828 7.097663 9.528669 146 133 125
4.216286 7.222147 9.326895 103 90 81
2.753123 7.153610 8.880251 128 119 115
4.099877 7.214433 9.082382 122 105 98
3.238274 7.245647 9.122787 75 70 51
2.980568 7.217318 8.841274 175 176 178
2.908156 7.237333 8.857206 103 94 93
1.895310 7.335014 8.750927 82 74 72
-0.321549 7.105098 7.682100 120 126 130
1.007132 7.288644 8.485930 153 163 173
1.561942 7.393106 8.581978 69 68 55
2.231550 7.421893 8.715191 100 90 81
3.203858 7.489150 8.970589 118 113 90
2.315690 7.500169 8.659612 143 135 122
2.758332 7.503694 8.572676 154 132 118
3.675836 -5.098640 28.560433 147 126 110
2.885339 -3.060798 22.907781 48 62 25
7.218989 -4.512194 29.182569 144 146 129
6.077744 -3.685400 27.286957 72 99 44
6.077744 -3.685400 27.286957 72 99 44
6.526343 -3.508822 27.661918 52 70 34
5.821826 -3.290455 26.974066 94 118 58
6.825114 -3.207917 26.820850 54 71 48
6.488548 -3.139806 26.718846 92 112 43
2.378058 -2.009905 21.967823 29 54 24
5.309681 -2.785731 26.012734 110 131 59
4.084199 -2.623545 25.633475 75 97 36
3.277315 -1.496628 21.182754 88 106 58
5.082007 -2.124191 25.015268 107 129 54
2.516272 -1.681700 24.040900 41 33 30
1.851931 -1.113251 22.294766 94 103 59
2.686686 -0.887386 21.837900 78 97 40
1.904588 -0.554875 21.432195 56 60 45
4.675065 -0.647814 22.436323 42 54 32
4.675065 -0.647814 22.436323 42 54 32
2.556539 -0.291100 20.397824 73 89 45
0.074664 -0.279150 20.785160 131 110 119
-2.117251 -0.118948 19.813001 249 250 253
6.368870 -0.466026 22.535537 55 71 36
5.567348 -0.375853 22.634326 76 85 42
4.953631 -0.097094 21.633308 71 80 41
4.844522 0.144216 20.912122 119 112 104
0.629479 0.468065 18.539715 123 103 105
1.090091 0.319112 19.667356 125 103 66
4.697706 0.176405 20.876482 73 57 60
4.241815 0.359943 20.045371 190 193 198
0.763957 0.834048 16.750620 108 102 106
1.351331 0.437518 20.147365 77 73 38
-1.295090 0.753194 18.848463 133 129 128
1.776216 1.105057 17.533003 82 103 38
5.381735 0.977258 19.326881 72 97 55
-0.745720 1.058262 18.409069 53 26 23
1.697876 1.275110 17.065968 44 62 17
-0.393616 1.176516 18.319664 197 196 192
5.094446 1.312945 19.113738 38 41 34
5.518779 1.333478 19.343341 55 54 41
3.957410 1.788628 15.143942 18 35 18
-0.601433 1.609863 17.379877 116 102 94
2.740039 1.735396 16.678620 54 80 15
3.824131 1.935073 14.760256 64 84 45
3.824131 1.935073 14.760256 64 84 45
5.871601 1.644989 18.912426 60 53 39
3.828443 2.156594 14.669569 60 81 40
3.828443 2.156594 14.669569 60 81 40
3.887184 2.249672 14.382976 20 36 23
0.469225 2.149015 16.418283 107 116 92
3.243315 2.355660 15.282612 32 48 21
0.081971 2.306201 16.620636 62 56 48
3.181362 2.606486 15.460637 56 70 48
3.181362 2.606486 15.460637 56 70 48
5.188667 2.541674 16.883746 74 72 75
0.805066 2.801328 14.648887 50 75 33
3.850521 2.802802 14.963956 13 26 16
4.433791 2.727484 16.452525 111 99 83
4.842477 2.755569 16.869335 86 81 87
4.785508 2.905190 16.662135 167 170 177
0.559252 3.076810 15.218037 95 84 78
1.166298 3.198121 15.226080 60 45 50
4.879971 3.266446 13.702376 140 102 81
-0.906358 3.335749 14.471222 120 103 109
1.120416 3.567965 14.376465 51 41 33
1.701901 3.584338 13.951199 246 244 245
4.192184 3.753341 14.329957 147 151 154
1.139328 3.770997 14.265059 85 73 64
1.139328 3.770997 14.265059 85 73 64
2.353143 4.188544 12.713711 248 238 235
0.074737 4.284924 11.326764 146 160 173
3.708794 4.333979 13.001354 57 58 63
1.877622 4.418015 13.159704 153 121 116
3.892098 4.439542 12.891801 81 81 89
2.341735 4.595972 12.759662 43 38 42
0.408746 4.650318 12.762928 96 96 91
4.872565 4.764950 13.150183 34 26 34
2.548469 4.768930 12.643886 98 97 104
2.613630 4.851379 12.664006 37 32 36
-0.061029 4.834766 11.112210 166 170 179
3.884013 4.998258 12.685461 90 73 71
4.710607 5.071213 12.900049 40 44 47
3.759452 5.088488 12.490895 143 156 173
-0.832505 5.000846 10.808589 212 211 217
4.246846 5.186386 12.388035 82 89 95
-0.157852 5.117348 11.187435 143 150 160
0.708046 5.300050 11.628086 59 55 69
0.017699 5.312636 11.494112 37 37 44
1.151630 5.380419 11.795992 183 173 169
-1.130769 5.431567 10.897401 59 72 81
0.616583 5.662938 11.313901 71 76 85
0.968099 5.744373 11.293606 193 192 190
0.968099 5.744373 11.293606 193 192 190
-0.849453 5.739417 10.798499 24 23 21
0.317554 5.749583 10.821802 95 107 119
-0.762017 5.805288 10.814226 28 29 27
-0.018993 5.944426 10.651909 23 26 41
-0.305191 5.995060 10.520667 31 34 43
2.432079 5.822166 8.874008 97 60 44
-0.849078 6.087929 10.319972 12 24 37
-0.849078 6.087929 10.319972 12 24 37
1.448285 6.149853 8.574057 108 115 133
4.117392 6.462801 9.658056 118 106 91
1.642766 6.333281 8.538980 93 101 116
3.855506 6.491547 9.564986 131 119 97
0.295931 6.270966 7.989284 99 100 105
3.456170 6.484639 9.322911 109 96 77
1.679716 6.443341 8.489605 57 56 77
1.679716 6.443341 8.489605 57 56 77
1.570495 6.457568 8.350275 73 80 98
1.570495 6.457568 8.350275 73 80 98
2.354729 6.753416 8.872538 132 121 105
3.788458 6.926336 9.800423 75 75 75
2.955881 6.857991 9.031404 71 70 75
3.681922 7.039324 9.431710 43 43 45
1.372210 6.948061 8.471564 132 119 102
4.363765 7.119872 9.263887 31 44 14
1.588584 7.021877 8.627379 214 214 219
0.833620 6.965844 8.254236 149 161 173
0.397933 6.960004 7.966569 56 45 59
2.266740 7.196186 9.065710 37 30 24
1.136989 7.086684 8.343864 89 88 93
1.266135 7.108705 8.475872 20 16 13
2.148304 7.226032 8.953742 115 105 96
2.287770 7.203755 8.698848 206 211 203
2.287770 7.203755 8.698848 206 211 203
3.852545 7.283144 8.907203 220 221 118
3.852545 7.283144 8.907203 220 221 118
2.173669 7.318726 8.836250 106 95 89
0.157775 7.155022 7.943070 132 123 108
1.252671 7.253617 8.324659 143 156 164
0.506490 7.230362 8.155939 135 128 125
0.364917 7.277501 8.166150 38 38 40
0.364917 7.277501 8.166150 38 38 40
3.886152 7.374285 8.695794 162 147 131
3.886152 7.374285 8.695794 162 147 131
3.371494 7.401201 8.618395 75 77 40
0.955302 7.414470 8.486204 71 59 68
0.955302 7.414470 8.486204 71 59 68
0.493080 -2.963440 25.309608 93 76 84
4.177334 -3.028038 26.525583 96 119 60
2.304505 -1.615734 23.025557 78 86 78
5.643673 -1.707779 24.298395 65 82 30
-0.121130 -1.308419 22.293682 68 53 50
4.463574 -0.984814 22.992769 33 38 19
4.991586 -0.960072 23.093640 25 30 18
1.737103 -0.731721 21.688669 75 88 73
4.240161 -0.547689 21.173926 93 106 42
0.926587 -0.546029 21.673568 37 50 24
0.981641 -0.080993 19.936814 103 129 40
3.278690 0.228189 20.168880 170 173 164
5.836781 0.641349 20.149254 39 58 13
1.357700 1.135227 16.975262 188 195 201
-0.956049 1.510558 17.282496 100 108 121
1.312314 1.700149 15.567239 68 54 54
4.863424 1.536973 17.833640 126 98 94
1.971517 1.949486 17.069272 129 124 102
-0.451000 2.141480 16.550538 69 69 77
-0.451000 2.141480 16.550538 69 69 77
1.806734 2.309426 14.851483 144 134 136
3.478747 2.734766 15.002281 17 29 15
5.220221 2.664056 16.913994 152 157 160
5.220221 2.664056 16.913994 152 157 160
2.518524 3.000056 13.574076 76 72 79
4.411081 2.875059 16.526335 42 33 28
4.977080 3.344596 13.617527 75 56 55
4.554819 3.548678 14.243408 79 86 45
-1.466130 3.591505 13.597351 198 203 209
3.469875 3.577431 14.933781 90 109 53
0.904786 3.685238 14.099590 200 203 208
4.734698 3.925476 13.979105 109 107 110
-1.496367 3.964463 13.671970 54 41 36
4.980348 4.232059 13.664329 59 57 59
4.582369 4.501109 13.444453 14 4 6
4.028059 4.923448 12.784150 161 164 171
4.027902 4.923548 12.783624 161 164 171
4.296725 4.996102 12.563345 214 229 236
4.547396 5.049129 12.623775 210 220 229
4.902462 5.054382 12.892472 34 39 44
4.902462 5.054382 12.892472 34 39 44
3.100856 5.087607 12.508515 135 7 43
3.571275 5.109137 12.358178 37 42 54
-0.560533 5.163248 11.085808 212 217 221
-0.455510 5.176376 11.182863 49 42 49
-0.415654 5.369767 11.349840 199 204 208
-0.197687 5.607299 11.048245 32 42 23
0.167637 5.748278 10.971871 39 37 50
0.620990 5.769816 10.963888 23 24 34
3.981853 5.689029 9.686240 128 119 113
3.981853 5.689029 9.686240 128 119 113
-0.742042 6.058044 10.403357 30 37 48
1.694615 6.090960 8.644348 81 83 98
1.810166 6.086257 8.505533 116 110 114
1.736239 6.172158 8.513855 97 103 119
0.518866 6.262855 8.046179 67 67 67
0.141595 6.269073 8.009475 129 130 134
3.713702 6.562508 9.522337 78 68 56
1.446109 6.466104 8.265015 86 88 111
4.183149 6.833396 9.639333 31 19 19
4.077195 6.875486 9.588929 180 185 189
1.928055 6.804778 8.683029 64 56 43
-0.153258 6.574505 7.366011 136 138 147
-0.153258 6.574505 7.366011 136 138 147
2.941112 6.948284 9.043432 199 200 205
2.941112 6.948284 9.043432 199 200 205
3.436788 6.996087 9.280416 200 207 215
4.137445 7.008244 9.260510 50 42 40
3.071191 7.085340 9.160729 198 202 209
3.008677 7.101218 8.895933 43 43 47
1.732500 7.160888 8.840154 200 207 213
2.902181 7.322796 8.896514 103 90 88
3.187503 7.343925 8.931778 122 119 102
2.104969 7.298277 8.578421 49 35 29
1.327481 7.275881 8.334933 35 29 31
3.105360 7.391897 8.838697 50 54 32
0.357769 7.391988 8.213944 196 204 207
0.357769 7.391988 8.213944 196 204 207
1.318875 7.421868 8.358924 59 39 48
-0.784569 -10.614697 36.816689 133 105 102
-0.784569 -10.614697 36.816689 133 105 102
2.758427 -9.448138 34.757144 34 50 39
6.091977 -3.735606 26.571041 44 68 21
5.706013 -3.709145 27.536789 33 50 16
7.110333 -2.680171 26.328603 65 80 49
-0.573316 -1.188002 21.343460 68 51 54
1.379691 -1.425583 23.286907 129 123 102
3.460245 -0.665832 21.139110 31 40 19
0.222701 -0.396498 21.075735 34 40 34
1.206132 -0.170687 20.196021 101 120 39
1.206132 -0.170687 20.196021 101 120 39
2.691021 -0.188953 20.404143 21 30 10
1.821631 -0.147460 20.915586 27 35 20
2.979943 0.090922 19.745826 107 130 52
1.156870 0.092234 19.964860 31 46 13
5.925645 -0.090003 21.875485 102 120 58
5.925645 -0.090003 21.875485 102 120 58
4.300432 0.718003 19.685577 39 55 29
4.717587 1.323250 18.879164 38 51 31
2.440983 1.820080 17.328456 15 21 19
2.440983 1.820080 17.328456 15 21 19
2.344533 2.783306 13.860398 76 77 81
3.747763 3.578281 14.586980 111 120 56
2.501628 4.198791 12.546997 90 84 84
2.501628 4.198791 12.546997 90 84 84
3.161009 4.233936 12.641219 35 44 49
4.186322 4.335870 12.782020 104 102 105
-0.943528 4.355746 11.113269 110 108 111
4.724911 4.484157 13.553699 181 185 196
4.724911 4.484157 13.553699 181 185 196
0.438801 4.528701 13.034868 81 79 90
2.920329 5.102127 12.416927 145 140 129
-0.337455 5.051917 11.150149 217 217 225
-0.292756 5.167582 11.273333 64 60 70
0.634260 5.337723 11.823821 23 23 26
2.641390 5.317270 11.614949 144 139 136
0.742760 5.800198 11.102077 183 182 180
-0.371467 5.893608 10.577948 212 215 226
3.946291 5.805855 9.504306 80 74 71
2.514188 5.840600 9.442043 169 144 114
2.691402 5.817626 9.173002 93 65 55
0.266900 6.122366 10.003983 112 115 120
4.390880 6.350002 9.795674 222 224 229
0.553223 6.165665 8.401818 111 105 99
2.779580 6.345129 8.903079 112 101 83
-0.219649 6.311618 7.602755 78 64 77
3.041621 6.667535 9.207184 102 96 101
3.756776 7.109499 9.333971 43 40 47
1.995722 7.126116 8.735299 48 35 28
1.995722 7.126116 8.735299 48 35 28
4.085150 7.304355 9.087382 140 132 121
1.535295 7.268587 8.694336 71 60 69
2.381173 7.273057 8.689826 54 79 50
1.432950 7.234642 8.384385 130 123 113
2.271264 7.337982 8.744170 39 42 29
2.004475 7.314508 8.592328 156 143 137
3.998034 7.426930 9.084883 74 65 48
0.565764 7.336480 8.218360 28 23 27
6.819067 -4.697104 28.809505 70 75 52
3.060932 -2.607172 22.347985 43 61 35
-0.867852 -1.121871 19.603118 159 154 151
5.655207 -2.148254 25.188720 95 124 42
3.702651 -0.656256 20.783622 99 108 46
5.374731 0.154957 21.721867 66 88 41
5.120032 0.499890 20.666905 115 100 71
-0.292284 0.962587 18.114005 221 225 224
4.621095 1.064894 19.257012 53 81 33
-1.053135 1.187482 18.356696 168 162 164
1.521714 1.937423 14.803986 139 138 136
-0.477226 1.883732 16.950203 163 153 151
2.936166 2.085270 15.995895 42 59 17
-1.494358 2.189230 15.776140 135 133 136
2.336420 2.288805 16.788040 23 34 18
4.979072 2.763497 16.832922 64 56 54
4.262920 3.607836 14.690096 33 48 28
3.962980 3.843844 13.723929 152 151 161
3.742579 4.131829 12.932909 213 213 215
0.135343 4.200721 11.714698 96 99 108
1.748105 4.368311 13.127752 144 123 118
3.698925 4.400447 12.982868 101 101 103
2.037532 4.503221 13.166012 92 47 44
2.037532 4.503221 13.166012 92 47 44
4.180855 4.545513 12.872327 162 177 182
3.719596 4.643408 12.700446 145 149 158
0.382710 4.710746 12.145947 33 40 26
3.789972 5.244183 12.372836 33 37 48
0.920414 5.603366 11.438980 114 114 116
3.306521 6.446390 9.223783 207 214 221
3.037559 6.509428 9.134005 165 174 181
2.535367 6.536200 8.779638 125 118 101
0.531346 6.452735 7.773521 132 137 140
0.531346 6.452735 7.773521 132 137 140
2.464951 7.118901 9.067021 34 25 47
1.548420 7.094657 8.605854 132 139 147
1.548420 7.094657 8.605854 132 139 147
2.728331 7.318768 8.953100 88 21 31
4.353033 0.036553 20.895563 29 40 35
5.487098 1.177053 19.469126 26 39 21
-1.551677 2.263548 14.674685 78 72 76
2.674495 2.101184 17.255253 93 102 75
5.085697 2.128794 17.062508 78 77 83
-1.214930 2.705167 15.205356 52 48 51
3.120649 3.021812 14.676821 14 19 13
4.631461 3.256317 15.811340 28 26 14
3.963320 4.685543 12.682942 121 83 70
3.963320 4.685543 12.682942 121 83 70
0.314803 4.838550 11.364261 170 179 186
3.088337 4.941734 12.602504 94 46 52
-0.008556 4.921892 11.282480 167 176 183
2.443611 5.142765 13.737718 133 118 111
0.424476 5.126442 12.046723 18 21 30
0.028566 5.188778 11.471407 29 30 39
1.004609 5.477625 11.615174 110 111 116
1.517935 6.806468 8.493719 176 183 190
3.973652 7.101806 9.349148 142 122 114
0.714245 6.966008 8.182551 131 148 156
3.766541 7.445034 8.822785 56 72 25
0.819839 0.235792 19.272062 40 52 48
1.424020 3.635934 14.577296 102 88 81
-0.022052 3.840873 13.807963 60 65 85
4.705394 4.036222 13.321052 108 108 110
3.453362 4.201826 12.783865 216 211 215
3.453362 4.201826 12.783865 216 211 215
2.989250 5.332187 12.152743 16 16 24
1.060294 5.885911 10.498757 116 121 127
-0.426568 6.472656 8.688278 76 61 66
-0.426568 6.472656 8.688278 76 61 66
-2.111333 1.627881 16.346441 81 75 79
2.820612 3.245345 13.279841 151 146 149
0.397660 6.685406 7.787459 46 49 54
0.397660 6.685406 7.787459 46 49 54
3.611172 6.927072 9.125168 66 66 66
-0.077770 6.751694 7.549912 43 42 47
1.027196 6.919282 8.276577 214 224 233
1.304837 7.090953 8.258605 30 27 24
5.935299 -2.618214 26.275840 88 109 42
2.700523 0.945937 20.519951 111 113 114
4.841091 3.581251 14.091160 197 199 197
4.841091 3.581251 14.091160 197 199 197
-1.123002 3.823630 12.940033 81 60 62
2.972428 4.110394 12.423857 215 215 215
-0.666902 5.137365 10.973008 225 237 237
-0.666902 5.137365 10.973008 225 237 237
4.033566 5.998703 9.365154 53 44 45
2.717222 6.749974 8.923517 50 41 34
5.898350 -3.644543 26.801553 71 95 45
-0.443014 4.585905 11.301532 71 65 69
2.395225 5.284531 11.779985 143 137 137
-0.788988 5.593542 10.812871 33 44 19
3.184972 6.916795 9.106216 94 101 107
4.324904 -2.166867 23.849727 115 134 55
3.068911 5.066919 12.210768 132 35 61
3.762715 2.782847 16.730095 28 38 27
-1.195325 0.712283 18.949620 41 35 32
3.608346 -10.540997 37.047499 192 195 200
-1.195325 0.712283 18.949620 41 35 32
1.206626 -5.693518 30.151033 98 95 90
1.951457 4.199890 13.549365 223 227 228
-5.024628 -5.878801 27.985215 104 87 81
-1.428826 0.370746 19.587884 97 84 69
0.144408 4.866090 11.192873 100 109 118
1.845254 1.423019 17.091625 57 74 34
0.413380 -1.697175 23.138459 120 108 97
5.770799 -4.345320 28.373557 101 115 88
5.670510 -4.156416 28.465993 88 103 63
1.017126 3.318874 15.141250 0 0 0
